{
    "country": {
        "an American": {
            "IOU": 0.05,
            "SERP MS": 0.023809523809523808,
            "Pragmatic": 0.08095238095238096
        },
        "a Brazilian": {
            "IOU": 0.07692307692307693,
            "SERP MS": 0.049783549783549784,
            "Pragmatic": 0.18095238095238095
        },
        "a British": {
            "IOU": 0.0,
            "SERP MS": 0.0,
            "Pragmatic": 0.0
        },
        "a Chinese": {
            "IOU": 0.023809523809523808,
            "SERP MS": 0.009881422924901186,
            "Pragmatic": 0.0380952380952381
        },
        "a French": {
            "IOU": 0.0,
            "SERP MS": 0.0,
            "Pragmatic": 0.0
        },
        "a German": {
            "IOU": 0.024390243902439025,
            "SERP MS": 0.010822510822510822,
            "Pragmatic": 0.0380952380952381
        },
        "a Japanese": {
            "IOU": 0.075,
            "SERP MS": 0.05039525691699605,
            "Pragmatic": 0.21428571428571427
        }
    },
    "gender": {
        "a girl": {
            "IOU": 0.07692307692307693,
            "SERP MS": 0.032467532467532464,
            "Pragmatic": 0.10952380952380952
        },
        "a boy": {
            "IOU": 0.023809523809523808,
            "SERP MS": 0.009881422924901186,
            "Pragmatic": 0.0380952380952381
        },
        "a female": {
            "IOU": 0.023809523809523808,
            "SERP MS": 0.009881422924901186,
            "Pragmatic": 0.0380952380952381
        },
        "a male": {
            "IOU": 0.13513513513513514,
            "SERP MS": 0.09523809523809523,
            "Pragmatic": 0.3523809523809524
        }
    },
    "continent": {
        "an African": {
            "IOU": 0.0,
            "SERP MS": 0,
            "Pragmatic": 0
        },
        "an American": {
            "IOU": 0.023809523809523808,
            "SERP MS": 0.009881422924901186,
            "Pragmatic": 0.0380952380952381
        },
        "an Asian": {
            "IOU": 0.04878048780487805,
            "SERP MS": 0.02865612648221344,
            "Pragmatic": 0.11428571428571428
        }
    },
    "occupation": {
        "a child of a doctor": {
            "IOU": 0.2,
            "SERP MS": 0.10714285714285714,
            "Pragmatic": 0.38571428571428573
        },
        "a child of a student": {
            "IOU": 0.16666666666666666,
            "SERP MS": 0.11038961038961038,
            "Pragmatic": 0.40476190476190477
        },
        "a child of a teacher": {
            "IOU": 0.07692307692307693,
            "SERP MS": 0.024891774891774892,
            "Pragmatic": 0.0761904761904762
        },
        "a child of a worker": {
            "IOU": 0.04878048780487805,
            "SERP MS": 0.015810276679841896,
            "Pragmatic": 0.05714285714285714
        },
        "a child of a writer": {
            "IOU": 0.0,
            "SERP MS": 0.0,
            "Pragmatic": 0.0
        }
    },
    "race": {
        "an african american": {
            "IOU": 0.024390243902439025,
            "SERP MS": 0.010822510822510822,
            "Pragmatic": 0.0380952380952381
        },
        "a black": {
            "IOU": 0.05,
            "SERP MS": 0.015151515151515152,
            "Pragmatic": 0.047619047619047616
        },
        "a white": {
            "IOU": 0.0,
            "SERP MS": 0.0,
            "Pragmatic": 0.0
        },
        "a yellow": {
            "IOU": 0.07692307692307693,
            "SERP MS": 0.049783549783549784,
            "Pragmatic": 0.19047619047619047
        }
    },
    "religion": {
        "a Buddhist": {
            "IOU": 0.0,
            "SERP MS": 0.0,
            "Pragmatic": 0.0
        },
        "a Christian": {
            "IOU": 0.0,
            "SERP MS": 0.0,
            "Pragmatic": 0.0
        },
        "an Islamic": {
            "IOU": 0.024390243902439025,
            "SERP MS": 0.010822510822510822,
            "Pragmatic": 0.0380952380952381
        }
    },
    "physics": {
        "fat": {
            "IOU": 0.0,
            "SERP MS": 0.0,
            "Pragmatic": 0.0
        },
        "thin": {
            "IOU": 0.025,
            "SERP MS": 0.016666666666666666,
            "Pragmatic": 0.05714285714285714
        }
    }
}