{
    "neutral": {
        "mean_rank": {
            "mean": 15.96842105263158,
            "std": 7.385964078843141,
            "num_values": 5
        },
        "diversity": {
            "mean": 1.0,
            "std": 0.0,
            "num_values": 5
        }
    },
    "an American": {
        "IOU Divergence": {
            "mean": 0.7639603803904007,
            "std": 0.08771947864425222,
            "num_values": 5
        },
        "SERP MS Divergence": {
            "mean": 0.6238095238095239,
            "std": 0.11772599725990433,
            "num_values": 5
        },
        "Pragmatic Divergence": {
            "mean": 0.6326315789473684,
            "std": 0.10762610975681063,
            "num_values": 5
        },
        "mean_rank": {
            "mean": 58.37426900584795,
            "std": 4.167003372052665,
            "num_values": 5
        },
        "diversity": {
            "mean": 1.0,
            "std": 0.0,
            "num_values": 5
        }
    },
    "a Brazilian": {
        "IOU Divergence": {
            "mean": 1.0,
            "std": 0.0,
            "num_values": 5
        },
        "SERP MS Divergence": {
            "mean": 1.0,
            "std": 0.0,
            "num_values": 5
        },
        "Pragmatic Divergence": {
            "mean": 1.0,
            "std": 0.0,
            "num_values": 5
        },
        "mean_rank": {
            "mean": 282.7542857142857,
            "std": 14.354913544049747,
            "num_values": 5
        },
        "diversity": {
            "mean": 0.8742857142857143,
            "std": 0.06663945022680343,
            "num_values": 5
        }
    },
    "a British": {
        "IOU Divergence": {
            "mean": 0.8934663234663234,
            "std": 0.022744369598909044,
            "num_values": 5
        },
        "SERP MS Divergence": {
            "mean": 0.7571428571428571,
            "std": 0.05319710492864356,
            "num_values": 5
        },
        "Pragmatic Divergence": {
            "mean": 0.7547368421052633,
            "std": 0.05693948773178322,
            "num_values": 5
        },
        "mean_rank": {
            "mean": 91.61789473684209,
            "std": 5.475170445999138,
            "num_values": 5
        },
        "diversity": {
            "mean": 0.99,
            "std": 0.020000000000000018,
            "num_values": 5
        }
    },
    "a Chinese": {
        "IOU Divergence": {
            "mean": 0.8715873015873015,
            "std": 0.06220399797903233,
            "num_values": 5
        },
        "SERP MS Divergence": {
            "mean": 0.8038095238095238,
            "std": 0.1316698957668273,
            "num_values": 5
        },
        "Pragmatic Divergence": {
            "mean": 0.8326315789473684,
            "std": 0.09638335277692292,
            "num_values": 5
        },
        "mean_rank": {
            "mean": 87.7542105263158,
            "std": 30.06052784087502,
            "num_values": 5
        },
        "diversity": {
            "mean": 0.9800000000000001,
            "std": 0.024494897427831803,
            "num_values": 5
        }
    },
    "a French": {
        "IOU Divergence": {
            "mean": 0.7081979458450046,
            "std": 0.190697134814419,
            "num_values": 5
        },
        "SERP MS Divergence": {
            "mean": 0.5304761904761903,
            "std": 0.23886731959789326,
            "num_values": 5
        },
        "Pragmatic Divergence": {
            "mean": 0.6147368421052631,
            "std": 0.14613771822147972,
            "num_values": 5
        },
        "mean_rank": {
            "mean": 54.817719298245606,
            "std": 30.252735790849666,
            "num_values": 5
        },
        "diversity": {
            "mean": 1.0,
            "std": 0.0,
            "num_values": 5
        }
    },
    "a German": {
        "IOU Divergence": {
            "mean": 0.7734805627844679,
            "std": 0.1588274949021276,
            "num_values": 5
        },
        "SERP MS Divergence": {
            "mean": 0.6599999999999999,
            "std": 0.22350739485653612,
            "num_values": 5
        },
        "Pragmatic Divergence": {
            "mean": 0.6968421052631578,
            "std": 0.19513756778260513,
            "num_values": 5
        },
        "mean_rank": {
            "mean": 83.59473684210526,
            "std": 63.37765049066943,
            "num_values": 5
        },
        "diversity": {
            "mean": 1.0,
            "std": 0.0,
            "num_values": 5
        }
    },
    "a Japanese": {
        "IOU Divergence": {
            "mean": 0.9786628733997155,
            "std": 0.020152009592803857,
            "num_values": 5
        },
        "SERP MS Divergence": {
            "mean": 0.9828571428571429,
            "std": 0.029600514796038178,
            "num_values": 5
        },
        "Pragmatic Divergence": {
            "mean": 0.9863157894736843,
            "std": 0.027368421052631577,
            "num_values": 5
        },
        "mean_rank": {
            "mean": 162.47473684210527,
            "std": 12.39686612619062,
            "num_values": 5
        },
        "diversity": {
            "mean": 0.99,
            "std": 0.020000000000000018,
            "num_values": 5
        }
    },
    "a girl": {
        "IOU Divergence": {
            "mean": 0.13714285714285715,
            "std": 0.13650645994033464,
            "num_values": 5
        },
        "SERP MS Divergence": {
            "mean": 0.029523809523809508,
            "std": 0.04316293026142726,
            "num_values": 5
        },
        "Pragmatic Divergence": {
            "mean": 0.08210526315789475,
            "std": 0.1010526315789474,
            "num_values": 5
        },
        "mean_rank": {
            "mean": 12.273684210526316,
            "std": 2.9935109876599753,
            "num_values": 5
        },
        "diversity": {
            "mean": 1.0,
            "std": 0.0,
            "num_values": 5
        }
    },
    "a boy": {
        "IOU Divergence": {
            "mean": 0.5136924625244982,
            "std": 0.15378607984788428,
            "num_values": 5
        },
        "SERP MS Divergence": {
            "mean": 0.27999999999999997,
            "std": 0.1260025554936475,
            "num_values": 5
        },
        "Pragmatic Divergence": {
            "mean": 0.3515789473684211,
            "std": 0.08695526917079317,
            "num_values": 5
        },
        "mean_rank": {
            "mean": 27.589473684210525,
            "std": 5.415009406252781,
            "num_values": 5
        },
        "diversity": {
            "mean": 1.0,
            "std": 0.0,
            "num_values": 5
        }
    },
    "a female": {
        "IOU Divergence": {
            "mean": 0.3920227920227921,
            "std": 0.19766085283896362,
            "num_values": 5
        },
        "SERP MS Divergence": {
            "mean": 0.1857142857142857,
            "std": 0.0935565843066119,
            "num_values": 5
        },
        "Pragmatic Divergence": {
            "mean": 0.2305263157894737,
            "std": 0.11676147051673304,
            "num_values": 5
        },
        "mean_rank": {
            "mean": 12.336842105263159,
            "std": 2.8651308991479048,
            "num_values": 5
        },
        "diversity": {
            "mean": 1.0,
            "std": 0.0,
            "num_values": 5
        }
    },
    "a male": {
        "IOU Divergence": {
            "mean": 0.419268887035004,
            "std": 0.17145424747189172,
            "num_values": 5
        },
        "SERP MS Divergence": {
            "mean": 0.23619047619047623,
            "std": 0.10709946211153681,
            "num_values": 5
        },
        "Pragmatic Divergence": {
            "mean": 0.30421052631578943,
            "std": 0.0901460802779227,