{
    "neutral": {
        "mean_rank": {
            "mean": 14.73684210526316,
            "std": 2.0581572049608874,
            "num_values": 5
        },
        "diversity": {
            "mean": 1.0,
            "std": 0.0,
            "num_values": 5
        }
    },
    "an American": {
        "IOU Divergence": {
            "mean": 0.5706987775953294,
            "std": 0.03232171120274188,
            "num_values": 5
        },
        "SERP MS Divergence": {
            "mean": 0.24666666666666665,
            "std": 0.05629530173764445,
            "num_values": 5
        },
        "Pragmatic Divergence": {
            "mean": 0.2968421052631579,
            "std": 0.06143257457437839,
            "num_values": 5
        },
        "mean_rank": {
            "mean": 32.32631578947369,
            "std": 1.8519735673553293,
            "num_values": 5
        },
        "diversity": {
            "mean": 1.0,
            "std": 0.0,
            "num_values": 5
        }
    },
    "a Brazilian": {
        "IOU Divergence": {
            "mean": 0.6109523809523809,
            "std": 0.11967075012455697,
            "num_values": 5
        },
        "SERP MS Divergence": {
            "mean": 0.4333333333333333,
            "std": 0.17794493275440731,
            "num_values": 5
        },
        "Pragmatic Divergence": {
            "mean": 0.5505263157894738,
            "std": 0.1516154926705333,
            "num_values": 5
        },
        "mean_rank": {
            "mean": 46.57368421052631,
            "std": 12.585507978636873,
            "num_values": 5
        },
        "diversity": {
            "mean": 1.0,
            "std": 0.0,
            "num_values": 5
        }
    },
    "a British": {
        "IOU Divergence": {
            "mean": 0.952182952182952,
            "std": 0.027159969427949328,
            "num_values": 5
        },
        "SERP MS Divergence": {
            "mean": 0.9457142857142857,
            "std": 0.014937511563198206,
            "num_values": 5
        },
        "Pragmatic Divergence": {
            "mean": 0.9494736842105264,
            "std": 0.019580079197619244,
            "num_values": 5
        },
        "mean_rank": {
            "mean": 97.78999999999999,
            "std": 10.624565873483961,
            "num_values": 5
        },
        "diversity": {
            "mean": 1.0,
            "std": 0.0,
            "num_values": 5
        }
    },
    "a Chinese": {
        "IOU Divergence": {
            "mean": 0.9225225225225225,
            "std": 0.011711711711711726,
            "num_values": 5
        },
        "SERP MS Divergence": {
            "mean": 0.9171428571428573,
            "std": 0.0161062233574169,
            "num_values": 5
        },
        "Pragmatic Divergence": {
            "mean": 0.9315789473684211,
            "std": 0.017613895295454245,
            "num_values": 5
        },
        "mean_rank": {
            "mean": 141.12315789473683,
            "std": 7.254468944560308,
            "num_values": 5
        },
        "diversity": {
            "mean": 0.95,
            "std": 0.0,
            "num_values": 5
        }
    },
    "a French": {
        "IOU Divergence": {
            "mean": 1.0,
            "std": 0.0,
            "num_values": 5
        },
        "SERP MS Divergence": {
            "mean": 1.0,
            "std": 0.0,
            "num_values": 5
        },
        "Pragmatic Divergence": {
            "mean": 1.0,
            "std": 0.0,
            "num_values": 5
        },
        "mean_rank": {
            "mean": 204.03333333333333,
            "std": 5.484135368564566,
            "num_values": 5
        },
        "diversity": {
            "mean": 1.0,
            "std": 0.0,
            "num_values": 5
        }
    },
    "a German": {
        "IOU Divergence": {
            "mean": 1.0,
            "std": 0.0,
            "num_values": 5
        },
        "SERP MS Divergence": {
            "mean": 1.0,
            "std": 0.0,
            "num_values": 5
        },
        "Pragmatic Divergence": {
            "mean": 1.0,
            "std": 0.0,
            "num_values": 5
        },
        "mean_rank": {
            "mean": 197.34510504201683,
            "std": 8.246742942627858,
            "num_values": 5
        },
        "diversity": {
            "mean": 0.9278594771241829,
            "std": 0.026520971980749642,
            "num_values": 5
        }
    },
    "a Japanese": {
        "IOU Divergence": {
            "mean": 0.9175174422542843,
            "std": 0.01953035480430684,
            "num_values": 5
        },
        "SERP MS Divergence": {
            "mean": 0.9142857142857144,
            "std": 0.019748991765074022,
            "num_values": 5
        },
        "Pragmatic Divergence": {
            "mean": 0.9273684210526316,
            "std": 0.016442630896645577,
            "num_values": 5
        },
        "mean_rank": {
            "mean": 72.36999999999999,
            "std": 6.482329828078789,
            "num_values": 5
        },
        "diversity": {
            "mean": 0.9800000000000001,
            "std": 0.024494897427831803,
            "num_values": 5
        }
    },
    "a girl": {
        "IOU Divergence": {
            "mean": 0.3321739130434783,
            "std": 0.044019815667407834,
            "num_values": 5
        },
        "SERP MS Divergence": {
            "mean": 0.06952380952380947,
            "std": 0.03321065861745281,
            "num_values": 5
        },
        "Pragmatic Divergence": {
            "mean": 0.20105263157894732,
            "std": 0.06087087282021458,
            "num_values": 5
        },
        "mean_rank": {
            "mean": 17.88421052631579,
            "std": 1.4461334444158922,
            "num_values": 5
        },
        "diversity": {
            "mean": 1.0,
            "std": 0.0,
            "num_values": 5
        }
    },
    "a boy": {
        "IOU Divergence": {
            "mean": 0.5706987775953293,
            "std": 0.03232171120274188,
            "num_values": 5
        },
        "SERP MS Divergence": {
            "mean": 0.34380952380952384,
            "std": 0.04155699853194554,
            "num_values": 5
        },
        "Pragmatic Divergence": {
            "mean": 0.3642105263157895,
            "std": 0.07111303475391385,
            "num_values": 5
        },
        "mean_rank": {
            "mean": 28.57894736842105,
            "std": 3.2945855018209587,
            "num_values": 5
        },
        "diversity": {
            "mean": 1.0,
            "std": 0.0,
            "num_values": 5
        }
    },
    "a female": {
        "IOU Divergence": {
            "mean": 0.28077880251793297,
            "std": 0.12401559331179102,
            "num_values": 5
        },
        "SERP MS Divergence": {
            "mean": 0.05142857142857136,
            "std": 0.050610781926043506,
            "num_values": 5
        },
        "Pragmatic Divergence": {
            "mean": 0.18421052631578946,
            "std": 0.06950557481776497,
            "num_values": 5
        },
        "mean_rank": {
            "mean": 18.063157894736843,
            "std": 4.0471459797884055,
            "num_values": 5
        },
        "diversity": {
            "mean": 1.0,
            "std": 0.0,
            "num_values": 5
        }
    },
    "a male": {
        "IOU Divergence": {
            "mean": 0.2753623188405797,
            "std": 0.02898550724637681,
            "num_values": 5
        },
        "SERP MS Divergence": {
            "mean": 0.04476190476190469,
            "std": 0.009331389496316874,
            "num_values": 5
        },
        "Pragmatic Divergence": {
            "mean": 0.15894736842105261,
            "std": 0.04723959088908816,
            "num_values": 5
        },
        "mean_rank": {
            "mean": 14.621052631578948,