{
    "neutral": {
        "mean_rank": {
            "mean": 25.18,
            "std": 8.827944268061506,
            "num_values": 5
        }
    },
    "an American": {
        "IOU Divergence": {
            "mean": 0.34332218506131557,
            "std": 0.07859275911614474,
            "num_values": 5
        },
        "SERP MS Divergence": {
            "mean": 0.7538095238095238,
            "std": 0.010869249724298369,
            "num_values": 5
        },
        "Pragmatic Divergence": {
            "mean": 0.11473684210526314,
            "std": 0.060322310660608024,
            "num_values": 5
        },
        "mean_rank": {
            "mean": 19.9,
            "std": 1.9496153466773902,
            "num_values": 5
        }
    },
    "a Brazilian": {
        "IOU Divergence": {
            "mean": 0.8300754084625053,
            "std": 0.0636936248688539,
            "num_values": 5
        },
        "SERP MS Divergence": {
            "mean": 0.9332330827067669,
            "std": 0.036666645252907325,
            "num_values": 5
        },
        "Pragmatic Divergence": {
            "mean": 0.8147368421052631,
            "std": 0.11619069243407684,
            "num_values": 5
        },
        "mean_rank": {
            "mean": 57.992105263157896,
            "std": 12.122869347594099,
            "num_values": 5
        }
    },
    "a British": {
        "IOU Divergence": {
            "mean": 0.6903158391478748,
            "std": 0.05632010647407916,
            "num_values": 5
        },
        "SERP MS Divergence": {
            "mean": 0.8385714285714286,
            "std": 0.03215255585599008,
            "num_values": 5
        },
        "Pragmatic Divergence": {
            "mean": 0.4431578947368421,
            "std": 0.12031353315561726,
            "num_values": 5
        },
        "mean_rank": {
            "mean": 40.970000000000006,
            "std": 13.268594499795372,
            "num_values": 5
        }
    },
    "a Chinese": {
        "IOU Divergence": {
            "mean": 0.8723627403062887,
            "std": 0.061836333817432906,
            "num_values": 5
        },
        "SERP MS Divergence": {
            "mean": 0.9484894835127033,
            "std": 0.03218258454970208,
            "num_values": 5
        },
        "Pragmatic Divergence": {
            "mean": 0.8705263157894736,
            "std": 0.09894736842105266,
            "num_values": 5
        },
        "mean_rank": {
            "mean": 60.091444788441684,
            "std": 11.744338894503718,
            "num_values": 5
        }
    },
    "a French": {
        "IOU Divergence": {
            "mean": 0.9340174761227393,
            "std": 0.03986472469919553,
            "num_values": 5
        },
        "SERP MS Divergence": {
            "mean": 0.9837218045112781,
            "std": 0.009172504338317773,
            "num_values": 5
        },
        "Pragmatic Divergence": {
            "mean": 0.9631578947368421,
            "std": 0.01853349143332526,
            "num_values": 5
        },
        "mean_rank": {
            "mean": 78.71368421052632,
            "std": 7.594653207403233,
            "num_values": 5
        }
    },
    "a German": {
        "IOU Divergence": {
            "mean": 0.8193616615523309,
            "std": 0.10900372227801455,
            "num_values": 5
        },
        "SERP MS Divergence": {
            "mean": 0.8648162071846283,
            "std": 0.08606813694807348,
            "num_values": 5
        },
        "Pragmatic Divergence": {
            "mean": 0.7010526315789474,
            "std": 0.11027038036890778,
            "num_values": 5
        },
        "mean_rank": {
            "mean": 84.02333333333334,
            "std": 20.421128431596358,
            "num_values": 5
        }
    },
    "a Japanese": {
        "IOU Divergence": {
            "mean": 0.9538328338328338,
            "std": 0.047594355413438164,
            "num_values": 5
        },
        "SERP MS Divergence": {
            "mean": 0.9837418914934395,
            "std": 0.02020988767318745,
            "num_values": 5
        },
        "Pragmatic Divergence": {
            "mean": 0.9642105263157894,
            "std": 0.05402369440150038,
            "num_values": 5
        },
        "mean_rank": {
            "mean": 100.6886842105263,
            "std": 23.898160320919615,
            "num_values": 5
        }
    },
    "a girl": {
        "IOU Divergence": {
            "mean": 0.9510431484115696,
            "std": 0.03209074976302391,
            "num_values": 5
        },
        "SERP MS Divergence": {
            "mean": 0.9855639097744362,
            "std": 0.014080641254496394,
            "num_values": 5
        },
        "Pragmatic Divergence": {
            "mean": 0.9621052631578948,
            "std": 0.04851249946022277,
            "num_values": 5
        },
        "mean_rank": {
            "mean": 65.57736842105263,
            "std": 7.932119144807635,
            "num_values": 5
        }
    },
    "a boy": {
        "IOU Divergence": {
            "mean": 0.6574712643678161,
            "std": 0.01839080459770117,
            "num_values": 5
        },
        "SERP MS Divergence": {
            "mean": 0.8523809523809524,
            "std": 0.018473490229781755,
            "num_values": 5
        },
        "Pragmatic Divergence": {
            "mean": 0.52,
            "std": 0.04862656615768885,
            "num_values": 5
        },
        "mean_rank": {
            "mean": 31.93684210526316,
            "std": 4.1382480535739505,
            "num_values": 5
        }
    },
    "a female": {
        "IOU Divergence": {
            "mean": 0.8553591946630995,
            "std": 0.09450972527112354,
            "num_values": 5
        },
        "SERP MS Divergence": {
            "mean": 0.9575563909774436,
            "std": 0.030599610146285237,
            "num_values": 5
        },
        "Pragmatic Divergence": {
            "mean": 0.9126315789473685,
            "std": 0.08034551426215318,
            "num_values": 5
        },
        "mean_rank": {
            "mean": 47.60736842105263,
            "std": 17.112518898370617,
            "num_values": 5
        }
    },
    "a male": {
        "IOU Divergence": {
            "mean": 0.6808045977011495,
            "std": 0.04282530950692418,
            "num_values": 5
        },
        "SERP MS Divergence": {
            "mean": 0.8328696741854638,
            "std": 0.015516932157258679,
            "num_values": 5
        },
        "Pragmatic Divergence": {
            "mean": 0.42000000000000004,
            "std": 0.04383297434454106,
            "num_values": 5
        },
        "mean_rank": {
            "mean": 49.24,
            "std": 10.641165349716168,
            "num_values": 5
        }
    },
    "an African": {
        "IOU Divergence": {
            "mean": 0.9587225274725275,
            "std": 0.038633104395360184,
            "num_values": 5
        },
        "SERP MS Divergence": {
            "mean": 0.923459595959596,
            "std": 0.10042114918355893,
            "num_values": 5
        },
        "Pragmatic Divergence": {
            "mean": 0.9147368421052631,
            "std": 0.10819086448445976,
            "num_values": 5
        },
        "mean_rank": {
            "mean": 78.06666666666666,
            "std": 27.189957296358113,
            "num_values": 5
        }
    },
    "an Asian": {
        "IOU Divergence": {
            "mean": 0.8394350747291923,
            "std": 0.06932032941005048,
            "num_values": 5
        },
        "SERP MS Divergence": {
            "mean": 0.9507142857142856,
            "std": 0.02219016962796621,
            "num_values": 5
        },
        "Pragmatic Divergence": {
            "mean": 0.8705263157894736,
            "std": 0.06662417851977541,
            "num_values": 5
        },