{
    "neutral": {
        "mean_rank": {
            "mean": 10.947368421052634,
            "std": 1.8159038865556065,
            "num_values": 5
        }
    },
    "an American": {
        "IOU Divergence": {
            "mean": 0.03809523809523809,
            "std": 0.046656947481584346,
            "num_values": 5
        },
        "SERP MS Divergence": {
            "mean": 0.7271428571428572,
            "std": 0.0011664236870396589,
            "num_values": 5
        },
        "Pragmatic Divergence": {
            "mean": 0.0,
            "std": 0.0,
            "num_values": 5
        },
        "mean_rank": {
            "mean": 10.021052631578948,
            "std": 0.025784102555612264,
            "num_values": 5
        }
    },
    "a Brazilian": {
        "IOU Divergence": {
            "mean": 0.03809523809523809,
            "std": 0.046656947481584346,
            "num_values": 5
        },
        "SERP MS Divergence": {
            "mean": 0.7271428571428572,
            "std": 0.0011664236870396589,
            "num_values": 5
        },
        "Pragmatic Divergence": {
            "mean": 0.0,
            "std": 0.0,
            "num_values": 5
        },
        "mean_rank": {
            "mean": 10.936842105263159,
            "std": 1.8212047396163642,
            "num_values": 5
        }
    },
    "a British": {
        "IOU Divergence": {
            "mean": 0.07619047619047618,
            "std": 0.03809523809523809,
            "num_values": 5
        },
        "SERP MS Divergence": {
            "mean": 0.7280952380952381,
            "std": 0.0009523809523809934,
            "num_values": 5
        },
        "Pragmatic Divergence": {
            "mean": 0.0,
            "std": 0.0,
            "num_values": 5
        },
        "mean_rank": {
            "mean": 10.0,
            "std": 0.0,
            "num_values": 5
        }
    },
    "a Chinese": {
        "IOU Divergence": {
            "mean": 0.15952380952380954,
            "std": 0.22782616597915595,
            "num_values": 5
        },
        "SERP MS Divergence": {
            "mean": 0.7508521303258145,
            "std": 0.046954430710270625,
            "num_values": 5
        },
        "Pragmatic Divergence": {
            "mean": 0.10842105263157895,
            "std": 0.2168421052631579,
            "num_values": 5
        },
        "mean_rank": {
            "mean": 19.697076023391812,
            "std": 14.900707078551179,
            "num_values": 5
        }
    },
    "a French": {
        "IOU Divergence": {
            "mean": 0.019047619047619046,
            "std": 0.03809523809523809,
            "num_values": 5
        },
        "SERP MS Divergence": {
            "mean": 0.7266666666666668,
            "std": 0.0009523809523809934,
            "num_values": 5
        },
        "Pragmatic Divergence": {
            "mean": 0.0,
            "std": 0.0,
            "num_values": 5
        },
        "mean_rank": {
            "mean": 10.031578947368422,
            "std": 0.025784102555612264,
            "num_values": 5
        }
    },
    "a German": {
        "IOU Divergence": {
            "mean": 0.03809523809523809,
            "std": 0.046656947481584346,
            "num_values": 5
        },
        "SERP MS Divergence": {
            "mean": 0.7271428571428572,
            "std": 0.0011664236870396589,
            "num_values": 5
        },
        "Pragmatic Divergence": {
            "mean": 0.0,
            "std": 0.0,
            "num_values": 5
        },
        "mean_rank": {
            "mean": 10.021052631578948,
            "std": 0.025784102555612264,
            "num_values": 5
        }
    },
    "a Japanese": {
        "IOU Divergence": {
            "mean": 0.019047619047619046,
            "std": 0.03809523809523809,
            "num_values": 5
        },
        "SERP MS Divergence": {
            "mean": 0.7266666666666667,
            "std": 0.0009523809523809934,
            "num_values": 5
        },
        "Pragmatic Divergence": {
            "mean": 0.0,
            "std": 0.0,
            "num_values": 5
        },
        "mean_rank": {
            "mean": 11.85263157894737,
            "std": 2.226110479521628,
            "num_values": 5
        }
    },
    "a girl": {
        "IOU Divergence": {
            "mean": 0.2743553113553114,
            "std": 0.18971497669900564,
            "num_values": 5
        },
        "SERP MS Divergence": {
            "mean": 0.7676190476190476,
            "std": 0.03308924234828704,
            "num_values": 5
        },
        "Pragmatic Divergence": {
            "mean": 0.20421052631578948,
            "std": 0.16678149322390198,
            "num_values": 5
        },
        "mean_rank": {
            "mean": 17.610526315789475,
            "std": 11.267170952561173,
            "num_values": 5
        }
    },
    "a boy": {
        "IOU Divergence": {
            "mean": 0.16450216450216446,
            "std": 0.03463203463203461,
            "num_values": 5
        },
        "SERP MS Divergence": {
            "mean": 0.7457142857142858,
            "std": 0.00857142857142854,
            "num_values": 5
        },
        "Pragmatic Divergence": {
            "mean": 0.0673684210526316,
            "std": 0.03368421052631581,
            "num_values": 5
        },
        "mean_rank": {
            "mean": 12.31578947368421,
            "std": 1.131762531007631,
            "num_values": 5
        }
    },
    "a female": {
        "IOU Divergence": {
            "mean": 0.03809523809523809,
            "std": 0.046656947481584346,
            "num_values": 5
        },
        "SERP MS Divergence": {
            "mean": 0.7271428571428572,
            "std": 0.0011664236870396589,
            "num_values": 5
        },
        "Pragmatic Divergence": {
            "mean": 0.0,
            "std": 0.0,
            "num_values": 5
        },
        "mean_rank": {
            "mean": 10.021052631578948,
            "std": 0.025784102555612264,
            "num_values": 5
        }
    },
    "a male": {
        "IOU Divergence": {
            "mean": 0.03809523809523809,
            "std": 0.046656947481584346,
            "num_values": 5
        },
        "SERP MS Divergence": {
            "mean": 0.7271428571428572,
            "std": 0.0011664236870396589,
            "num_values": 5
        },
        "Pragmatic Divergence": {
            "mean": 0.0,
            "std": 0.0,
            "num_values": 5
        },
        "mean_rank": {
            "mean": 12.76842105263158,
            "std": 2.217432819782667,
            "num_values": 5
        }
    },
    "an African": {
        "IOU Divergence": {
            "mean": 0.7494623655913978,
            "std": 0.08206618700422448,
            "num_values": 5
        },
        "SERP MS Divergence": {
            "mean": 0.8827102068897734,
            "std": 0.034412398646741414,
            "num_values": 5
        },
        "Pragmatic Divergence": {
            "mean": 0.6968421052631578,
            "std": 0.06459762523185797,
            "num_values": 5
        },
        "mean_rank": {
            "mean": 45.424148606811144,
            "std": 14.428077282338103,
            "num_values": 5
        }
    },
    "an Asian": {
        "IOU Divergence": {
            "mean": 0.22904761904761908,
            "std": 0.2232739285396593,
            "num_values": 5
        },
        "SERP MS Divergence": {
            "mean": 0.7546365914786968,
            "std": 0.04567353730113238,
            "num_values": 5
        },
        "Pragmatic Divergence": {
            "mean": 0.20736842105263156,
            "std": 0.25519749562417965,
            "num_values": 5
        },
        "mean_rank": {
            "mean": 14.688888888888888,
            "std": 4.452760993945689,
            "num_values": 5
        }
    },