{
    "neutral": {
        "mean_rank": {
            "mean": 23.07263157894737,
            "std": 1.8518491170596405,
            "num_values": 5
        },
        "diversity": {
            "mean": 0.99,
            "std": 0.020000000000000018,
            "num_values": 5
        }
    },
    "an American": {
        "IOU Divergence": {
            "mean": 0.38,
            "std": 0.14716019315351414,
            "num_values": 5
        },
        "SERP MS Divergence": {
            "mean": 0.16285714285714284,
            "std": 0.0894122912307321,
            "num_values": 5
        },
        "Pragmatic Divergence": {
            "mean": 0.24105263157894735,
            "std": 0.10726517223458523,
            "num_values": 5
        },
        "mean_rank": {
            "mean": 27.840000000000003,
            "std": 7.259297486671832,
            "num_values": 5
        },
        "diversity": {
            "mean": 0.97,
            "std": 0.024494897427831803,
            "num_values": 5
        }
    },
    "a Brazilian": {
        "IOU Divergence": {
            "mean": 0.2757575757575757,
            "std": 0.12654916980497638,
            "num_values": 5
        },
        "SERP MS Divergence": {
            "mean": 0.0980952380952381,
            "std": 0.061471007859447375,
            "num_values": 5
        },
        "Pragmatic Divergence": {
            "mean": 0.1936842105263158,
            "std": 0.0743131056619907,
            "num_values": 5
        },
        "mean_rank": {
            "mean": 28.23,
            "std": 3.9419030936845716,
            "num_values": 5
        },
        "diversity": {
            "mean": 1.0,
            "std": 0.0,
            "num_values": 5
        }
    },
    "a British": {
        "IOU Divergence": {
            "mean": 0.3242591431556949,
            "std": 0.17970972338932273,
            "num_values": 5
        },
        "SERP MS Divergence": {
            "mean": 0.16476190476190475,
            "std": 0.09798884660489128,
            "num_values": 5
        },
        "Pragmatic Divergence": {
            "mean": 0.3631578947368421,
            "std": 0.08863382920008796,
            "num_values": 5
        },
        "mean_rank": {
            "mean": 35.292631578947365,
            "std": 10.744572217308795,
            "num_values": 5
        },
        "diversity": {
            "mean": 0.9794736842105263,
            "std": 0.025153269779681117,
            "num_values": 5
        }
    },
    "a Chinese": {
        "IOU Divergence": {
            "mean": 0.43101139601139604,
            "std": 0.052249570462286093,
            "num_values": 5
        },
        "SERP MS Divergence": {
            "mean": 0.14857142857142858,
            "std": 0.03263207942668916,
            "num_values": 5
        },
        "Pragmatic Divergence": {
            "mean": 0.39473684210526316,
            "std": 0.05707554404937246,
            "num_values": 5
        },
        "mean_rank": {
            "mean": 19.43,
            "std": 2.06145579627602,
            "num_values": 5
        },
        "diversity": {
            "mean": 1.0,
            "std": 0.0,
            "num_values": 5
        }
    },
    "a French": {
        "IOU Divergence": {
            "mean": 0.6009276135741654,
            "std": 0.11036453329451187,
            "num_values": 5
        },
        "SERP MS Divergence": {
            "mean": 0.3695238095238095,
            "std": 0.13150446394051107,
            "num_values": 5
        },
        "Pragmatic Divergence": {
            "mean": 0.4778947368421053,
            "std": 0.08521766167582778,
            "num_values": 5
        },
        "mean_rank": {
            "mean": 54.98157894736842,
            "std": 11.238479358104835,
            "num_values": 5
        },
        "diversity": {
            "mean": 1.0,
            "std": 0.0,
            "num_values": 5
        }
    },
    "a German": {
        "IOU Divergence": {
            "mean": 0.2379446640316205,
            "std": 0.04849916727329005,
            "num_values": 5
        },
        "SERP MS Divergence": {
            "mean": 0.0819047619047619,
            "std": 0.056053100836427325,
            "num_values": 5
        },
        "Pragmatic Divergence": {
            "mean": 0.18421052631578946,
            "std": 0.0899984610517855,
            "num_values": 5
        },
        "mean_rank": {
            "mean": 23.830000000000002,
            "std": 1.2894184735763634,
            "num_values": 5
        },
        "diversity": {
            "mean": 1.0,
            "std": 0.0,
            "num_values": 5
        }
    },
    "a Japanese": {
        "IOU Divergence": {
            "mean": 0.7611764705882352,
            "std": 0.12833933024444488,
            "num_values": 5
        },
        "SERP MS Divergence": {
            "mean": 0.6314285714285715,
            "std": 0.22017515188065365,
            "num_values": 5
        },
        "Pragmatic Divergence": {
            "mean": 0.7042105263157895,
            "std": 0.1478713223645455,
            "num_values": 5
        },
        "mean_rank": {
            "mean": 28.390000000000004,
            "std": 5.082755158376213,
            "num_values": 5
        },
        "diversity": {
            "mean": 0.96,
            "std": 0.020000000000000018,
            "num_values": 5
        }
    },
    "a girl": {
        "IOU Divergence": {
            "mean": 0.7545454545454546,
            "std": 0.05987437107989558,
            "num_values": 5
        },
        "SERP MS Divergence": {
            "mean": 0.5857142857142856,
            "std": 0.15187415723943365,
            "num_values": 5
        },
        "Pragmatic Divergence": {
            "mean": 0.6621052631578948,
            "std": 0.10406688665232051,
            "num_values": 5
        },
        "mean_rank": {
            "mean": 31.977500000000003,
            "std": 4.967043889477925,
            "num_values": 5
        },
        "diversity": {
            "mean": 0.99,
            "std": 0.020000000000000018,
            "num_values": 5
        }
    },
    "a boy": {
        "IOU Divergence": {
            "mean": 0.6886243386243386,
            "std": 0.15350208525178669,
            "num_values": 5
        },
        "SERP MS Divergence": {
            "mean": 0.4838095238095238,
            "std": 0.2832368783398459,
            "num_values": 5
        },
        "Pragmatic Divergence": {
            "mean": 0.6021052631578947,
            "std": 0.19745191216528782,
            "num_values": 5
        },
        "mean_rank": {
            "mean": 24.24,
            "std": 5.332672875772523,
            "num_values": 5
        },
        "diversity": {
            "mean": 1.0,
            "std": 0.0,
            "num_values": 5
        }
    },
    "a female": {
        "IOU Divergence": {
            "mean": 0.7594052121404735,
            "std": 0.12790415650107514,
            "num_values": 5
        },
        "SERP MS Divergence": {
            "mean": 0.5942857142857143,
            "std": 0.22834115384591225,
            "num_values": 5
        },
        "Pragmatic Divergence": {
            "mean": 0.6557894736842106,
            "std": 0.18087506592586003,
            "num_values": 5
        },
        "mean_rank": {
            "mean": 46.18542483660131,
            "std": 24.03367898509394,
            "num_values": 5
        },
        "diversity": {
            "mean": 0.9632352941176471,
            "std": 0.049652773576865095,
            "num_values": 5
        }
    },
    "a male": {
        "IOU Divergence": {
            "mean": 0.27909843779409,
            "std": 0.09104688410989781,
            "num_values": 5
        },
        "SERP MS Divergence": {
            "mean": 0.11238095238095239,
            "std": 0.04796067928386358,
            "num_values": 5
        },