{
    "neutral": {
        "mean_rank": {
            "mean": 84.58333333333333,
            "std": 45.70126426648999,
            "num_values": 5
        }
    },
    "an American": {
        "IOU Divergence": {
            "mean": 0.7813725490196077,
            "std": 0.1425241292891175,
            "num_values": 5
        },
        "SERP MS Divergence": {
            "mean": 0.8619444444444444,
            "std": 0.10186334024399503,
            "num_values": 5
        },
        "Pragmatic Divergence": {
            "mean": 0.4581818181818182,
            "std": 0.3093249262655416,
            "num_values": 5
        },
        "mean_rank": {
            "mean": 73.75793650793652,
            "std": 52.71916449321524,
            "num_values": 5
        }
    },
    "a British": {
        "IOU Divergence": {
            "mean": 0.8099999999999999,
            "std": 0.08137703743822465,
            "num_values": 5
        },
        "SERP MS Divergence": {
            "mean": -0.0444444444444444,
            "std": 1.1583246735620873,
            "num_values": 5
        },
        "Pragmatic Divergence": {
            "mean": 0.5506493506493506,
            "std": 0.28957641561058994,
            "num_values": 5
        },
        "mean_rank": {
            "mean": 60.373333333333335,
            "std": 46.272595201335605,
            "num_values": 5
        }
    },
    "a Chinese": {
        "IOU Divergence": {
            "mean": 0.8689587373410903,
            "std": 0.09331083424663852,
            "num_values": 5
        },
        "SERP MS Divergence": {
            "mean": 0.8643692564745196,
            "std": 0.2167700325151839,
            "num_values": 5
        },
        "Pragmatic Divergence": {
            "mean": 0.6889177489177489,
            "std": 0.17741305515752553,
            "num_values": 5
        },
        "mean_rank": {
            "mean": 68.82285714285715,
            "std": 14.078591650344253,
            "num_values": 5
        }
    },
    "a French": {
        "IOU Divergence": {
            "mean": 0.9518716577540107,
            "std": 0.07062063751537619,
            "num_values": 5
        },
        "SERP MS Divergence": {
            "mean": 0.9523809523809523,
            "std": 0.06023386019368339,
            "num_values": 5
        },
        "Pragmatic Divergence": {
            "mean": 0.9056277056277058,
            "std": 0.1475523836728844,
            "num_values": 5
        },
        "mean_rank": {
            "mean": 115.83333333333334,
            "std": 29.574576168654648,
            "num_values": 5
        }
    },
    "a German": {
        "IOU Divergence": {
            "mean": 0.8334126984126984,
            "std": 0.09786084391615917,
            "num_values": 5
        },
        "SERP MS Divergence": {
            "mean": 0.7069444444444444,
            "std": 0.23424095961315952,
            "num_values": 5
        },
        "Pragmatic Divergence": {
            "mean": 0.5923809523809525,
            "std": 0.33311012935160644,
            "num_values": 5
        },
        "mean_rank": {
            "mean": 140.03333333333333,
            "std": 57.92412661788216,
            "num_values": 5
        }
    },
    "a Japanese": {
        "IOU Divergence": {
            "mean": 0.8808302808302809,
            "std": 0.07532538522478092,
            "num_values": 5
        },
        "SERP MS Divergence": {
            "mean": 0.7304545454545455,
            "std": 0.27124445380322204,
            "num_values": 5
        },
        "Pragmatic Divergence": {
            "mean": 0.7615584415584415,
            "std": 0.1962870812847031,
            "num_values": 5
        },
        "mean_rank": {
            "mean": 106.97666666666665,
            "std": 50.00938089776535,
            "num_values": 5
        }
    },
    "a girl": {
        "IOU Divergence": {
            "mean": 0.8040206851971557,
            "std": 0.05982235035248503,
            "num_values": 5
        },
        "SERP MS Divergence": {
            "mean": 0.9220160395160395,
            "std": 0.071906812562689,
            "num_values": 5
        },
        "Pragmatic Divergence": {
            "mean": 0.4651948051948052,
            "std": 0.07745971531132417,
            "num_values": 5
        },
        "mean_rank": {
            "mean": 54.36910256410257,
            "std": 26.18064093241075,
            "num_values": 5
        }
    },
    "a boy": {
        "IOU Divergence": {
            "mean": 0.8540966386554623,
            "std": 0.06897062343059995,
            "num_values": 5
        },
        "SERP MS Divergence": {
            "mean": 0.9423964923964924,
            "std": 0.061493069622931454,
            "num_values": 5
        },
        "Pragmatic Divergence": {
            "mean": 0.5525541125541127,
            "std": 0.13715351526209268,
            "num_values": 5
        },
        "mean_rank": {
            "mean": 43.824920634920645,
            "std": 12.056281926349811,
            "num_values": 5
        }
    },
    "a female": {
        "IOU Divergence": {
            "mean": 0.8939181286549708,
            "std": 0.0729749583792959,
            "num_values": 5
        },
        "SERP MS Divergence": {
            "mean": 0.9067880485527544,
            "std": 0.13381421311037836,
            "num_values": 5
        },
        "Pragmatic Divergence": {
            "mean": 0.5987012987012987,
            "std": 0.2228138149655506,
            "num_values": 5
        },
        "mean_rank": {
            "mean": 76.60084033613444,
            "std": 21.640345206114095,
            "num_values": 5
        }
    },
    "a male": {
        "IOU Divergence": {
            "mean": 0.6148351648351648,
            "std": 0.20524558389443437,
            "num_values": 5
        },
        "SERP MS Divergence": {
            "mean": 0.8386346986346986,
            "std": 0.09613336652825455,
            "num_values": 5
        },
        "Pragmatic Divergence": {
            "mean": 0.225974025974026,
            "std": 0.150276944292055,
            "num_values": 5
        },
        "mean_rank": {
            "mean": 72.08333333333333,
            "std": 11.615482962169263,
            "num_values": 5
        }
    },
    "an African": {
        "IOU Divergence": {
            "mean": 0.8098268398268399,
            "std": 0.07560895750092572,
            "num_values": 5
        },
        "SERP MS Divergence": {
            "mean": 0.6626190476190477,
            "std": 0.22449691804822605,
            "num_values": 5
        },
        "Pragmatic Divergence": {
            "mean": 0.6647619047619048,
            "std": 0.20240279994119717,
            "num_values": 5
        },
        "mean_rank": {
            "mean": 94.3,
            "std": 32.023975393445454,
            "num_values": 5
        }
    },
    "an Asian": {
        "IOU Divergence": {
            "mean": 0.9384920634920635,
            "std": 0.05321012791067217,
            "num_values": 5
        },
        "SERP MS Divergence": {
            "mean": 0.8696428571428572,
            "std": 0.207894094789934,
            "num_values": 5
        },
        "Pragmatic Divergence": {
            "mean": 0.8,
            "std": 0.19436506316151,
            "num_values": 5
        },
        "mean_rank": {
            "mean": 105.81904761904761,
            "std": 44.30589043725046,
            "num_values": 5
        }
    },
    "a child of a doctor": {
        "IOU Divergence": {
            "mean": 0.8630462519936206,
            "std": 0.05593643671634746,
            "num_values": 5
        },
        "SERP MS Divergence": {
            "mean": 0.9484743034743035,
            "std": 0.03973261611333424,
            "num_values": 5
        },
        "Pragmatic Divergence": {
            "mean": 0.5141125541125542,
            "std": 0.11403705074277955,
            "num_values": 5
        },