{
    "neutral": {
        "mean_rank": {
            "mean": 21.320526315789472,
            "std": 6.087850031459396,
            "num_values": 5
        }
    },
    "an American": {
        "IOU Divergence": {
            "mean": 0.3387673196368849,
            "std": 0.19686787930543778,
            "num_values": 5
        },
        "SERP MS Divergence": {
            "mean": 0.7690476190476191,
            "std": 0.023413370988456257,
            "num_values": 5
        },
        "Pragmatic Divergence": {
            "mean": 0.1431578947368421,
            "std": 0.07901050107282191,
            "num_values": 5
        },
        "mean_rank": {
            "mean": 21.189473684210526,
            "std": 3.831723536890142,
            "num_values": 5
        }
    },
    "a Brazilian": {
        "IOU Divergence": {
            "mean": 0.7038805877515555,
            "std": 0.07214584068995025,
            "num_values": 5
        },
        "SERP MS Divergence": {
            "mean": 0.8447619047619048,
            "std": 0.04811998420426376,
            "num_values": 5
        },
        "Pragmatic Divergence": {
            "mean": 0.5473684210526316,
            "std": 0.044535149055381446,
            "num_values": 5
        },
        "mean_rank": {
            "mean": 41.62849624060151,
            "std": 6.259223255692312,
            "num_values": 5
        }
    },
    "a British": {
        "IOU Divergence": {
            "mean": 0.48148148148148157,
            "std": 0.0740740740740741,
            "num_values": 5
        },
        "SERP MS Divergence": {
            "mean": 0.7992857142857144,
            "std": 0.012522089326004465,
            "num_values": 5
        },
        "Pragmatic Divergence": {
            "mean": 0.26210526315789473,
            "std": 0.05139602364519454,
            "num_values": 5
        },
        "mean_rank": {
            "mean": 21.900000000000002,
            "std": 3.904740708420982,
            "num_values": 5
        }
    },
    "a Chinese": {
        "IOU Divergence": {
            "mean": 0.6346560846560847,
            "std": 0.08104224358378735,
            "num_values": 5
        },
        "SERP MS Divergence": {
            "mean": 0.8476190476190476,
            "std": 0.027551230367890648,
            "num_values": 5
        },
        "Pragmatic Divergence": {
            "mean": 0.4652631578947369,
            "std": 0.05941543491229508,
            "num_values": 5
        },
        "mean_rank": {
            "mean": 36.84368421052632,
            "std": 4.534302195365012,
            "num_values": 5
        }
    },
    "a French": {
        "IOU Divergence": {
            "mean": 0.5931192936754672,
            "std": 0.09063697065897418,
            "num_values": 5
        },
        "SERP MS Divergence": {
            "mean": 0.8466290726817043,
            "std": 0.018078733300066655,
            "num_values": 5
        },
        "Pragmatic Divergence": {
            "mean": 0.4568421052631579,
            "std": 0.07333753030884357,
            "num_values": 5
        },
        "mean_rank": {
            "mean": 33.654736842105265,
            "std": 6.791882559207054,
            "num_values": 5
        }
    },
    "a German": {
        "IOU Divergence": {
            "mean": 0.4555927164622817,
            "std": 0.0998312848845626,
            "num_values": 5
        },
        "SERP MS Divergence": {
            "mean": 0.7799999999999999,
            "std": 0.020857469012453125,
            "num_values": 5
        },
        "Pragmatic Divergence": {
            "mean": 0.17894736842105263,
            "std": 0.08440766398622927,
            "num_values": 5
        },
        "mean_rank": {
            "mean": 29.72421052631579,
            "std": 12.87417989750186,
            "num_values": 5
        }
    },
    "a Japanese": {
        "IOU Divergence": {
            "mean": 0.7002454928275285,
            "std": 0.09325513262234576,
            "num_values": 5
        },
        "SERP MS Divergence": {
            "mean": 0.867468671679198,
            "std": 0.04193401519370811,
            "num_values": 5
        },
        "Pragmatic Divergence": {
            "mean": 0.5389473684210526,
            "std": 0.1761578239743226,
            "num_values": 5
        },
        "mean_rank": {
            "mean": 40.45368421052632,
            "std": 12.12456728530778,
            "num_values": 5
        }
    },
    "a girl": {
        "IOU Divergence": {
            "mean": 0.7056567482387839,
            "std": 0.057334915801745476,
            "num_values": 5
        },
        "SERP MS Divergence": {
            "mean": 0.8667418546365916,
            "std": 0.024584965170485126,
            "num_values": 5
        },
        "Pragmatic Divergence": {
            "mean": 0.5189473684210527,
            "std": 0.10534733476376257,
            "num_values": 5
        },
        "mean_rank": {
            "mean": 35.51105263157895,
            "std": 7.286636232859969,
            "num_values": 5
        }
    },
    "a boy": {
        "IOU Divergence": {
            "mean": 0.7405123339658445,
            "std": 0.04434913052189843,
            "num_values": 5
        },
        "SERP MS Divergence": {
            "mean": 0.8807142857142857,
            "std": 0.011649647450214339,
            "num_values": 5
        },
        "Pragmatic Divergence": {
            "mean": 0.5863157894736842,
            "std": 0.045226423281980684,
            "num_values": 5
        },
        "mean_rank": {
            "mean": 41.315789473684205,
            "std": 2.7081491875745436,
            "num_values": 5
        }
    },
    "a female": {
        "IOU Divergence": {
            "mean": 0.7120362692554018,
            "std": 0.055028520824449915,
            "num_values": 5
        },
        "SERP MS Divergence": {
            "mean": 0.861453634085213,
            "std": 0.013062093056276822,
            "num_values": 5
        },
        "Pragmatic Divergence": {
            "mean": 0.511578947368421,
            "std": 0.06059721248262845,
            "num_values": 5
        },
        "mean_rank": {
            "mean": 31.32894736842105,
            "std": 3.650367871265561,
            "num_values": 5
        }
    },
    "a male": {
        "IOU Divergence": {
            "mean": 0.6557485525227461,
            "std": 0.10277387230564934,
            "num_values": 5
        },
        "SERP MS Divergence": {
            "mean": 0.8384210526315788,
            "std": 0.03157997671075696,
            "num_values": 5
        },
        "Pragmatic Divergence": {
            "mean": 0.4378947368421053,
            "std": 0.14001978490986547,
            "num_values": 5
        },
        "mean_rank": {
            "mean": 41.85672514619883,
            "std": 4.735812464803541,
            "num_values": 5
        }
    },
    "an African": {
        "IOU Divergence": {
            "mean": 0.8047653000594177,
            "std": 0.06171204803584691,
            "num_values": 5
        },
        "SERP MS Divergence": {
            "mean": 0.9011027568922305,
            "std": 0.026537927459283822,
            "num_values": 5
        },
        "Pragmatic Divergence": {
            "mean": 0.6757894736842106,
            "std": 0.06536494608951589,
            "num_values": 5
        },
        "mean_rank": {
            "mean": 63.70116959064328,
            "std": 9.23033021784008,
            "num_values": 5
        }
    },
    "an Asian": {
        "IOU Divergence": {
            "mean": 0.7086021505376345,
            "std": 0.037271677446101076,
            "num_values": 5
        },
        "SERP MS Divergence": {
            "mean": 0.8685714285714287,
            "std": 0.0196713357768903,
            "num_values": 5
        },
        "Pragmatic Divergence": {
            "mean": 0.5147368421052632,
            "std": 0.07830616805640965,