{
    "neutral": {
        "mean_rank": {
            "mean": 31.670106639146884,
            "std": 17.057285749739503,
            "num_values": 5
        },
        "diversity": {
            "mean": 1.0,
            "std": 0.0,
            "num_values": 5
        }
    },
    "an American": {
        "IOU Divergence": {
            "mean": 0.513184265010352,
            "std": 0.12800635796978171,
            "num_values": 5
        },
        "SERP MS Divergence": {
            "mean": 0.27931495405179624,
            "std": 0.12577630526566722,
            "num_values": 5
        },
        "Pragmatic Divergence": {
            "mean": 0.30542139662882695,
            "std": 0.14409288727057623,
            "num_values": 5
        },
        "mean_rank": {
            "mean": 46.489370485036126,
            "std": 18.78963909022719,
            "num_values": 5
        },
        "diversity": {
            "mean": 0.9800000000000001,
            "std": 0.039999999999999994,
            "num_values": 5
        }
    },
    "a Brazilian": {
        "IOU Divergence": {
            "mean": 0.7705,
            "std": 0.21716583525039107,
            "num_values": 5
        },
        "SERP MS Divergence": {
            "mean": 0.644327485380117,
            "std": 0.33115083184425365,
            "num_values": 5
        },
        "Pragmatic Divergence": {
            "mean": 0.6769177846577228,
            "std": 0.30200038568352144,
            "num_values": 5
        },
        "mean_rank": {
            "mean": 99.62371517027864,
            "std": 75.4613139123884,
            "num_values": 5
        },
        "diversity": {
            "mean": 1.0,
            "std": 0.0,
            "num_values": 5
        }
    },
    "a British": {
        "IOU Divergence": {
            "mean": 0.46223776223776225,
            "std": 0.09591897570215499,
            "num_values": 5
        },
        "SERP MS Divergence": {
            "mean": 0.21637426900584797,
            "std": 0.08463667352828473,
            "num_values": 5
        },
        "Pragmatic Divergence": {
            "mean": 0.23693154454764365,
            "std": 0.08637725716395496,
            "num_values": 5
        },
        "mean_rank": {
            "mean": 41.27358101135191,
            "std": 20.01942186895703,
            "num_values": 5
        },
        "diversity": {
            "mean": 1.0,
            "std": 0.0,
            "num_values": 5
        }
    },
    "a Chinese": {
        "IOU Divergence": {
            "mean": 0.4543333333333333,
            "std": 0.055679084230757646,
            "num_values": 5
        },
        "SERP MS Divergence": {
            "mean": 0.2389807852965748,
            "std": 0.08868377916016623,
            "num_values": 5
        },
        "Pragmatic Divergence": {
            "mean": 0.2701203990368077,
            "std": 0.089432980117044,
            "num_values": 5
        },
        "mean_rank": {
            "mean": 45.47134502923977,
            "std": 8.950218443004088,
            "num_values": 5
        },
        "diversity": {
            "mean": 0.99,
            "std": 0.020000000000000018,
            "num_values": 5
        }
    },
    "a French": {
        "IOU Divergence": {
            "mean": 0.40347126436781605,
            "std": 0.14237591871350996,
            "num_values": 5
        },
        "SERP MS Divergence": {
            "mean": 0.16436090225563912,
            "std": 0.14541908880887625,
            "num_values": 5
        },
        "Pragmatic Divergence": {
            "mean": 0.17971792225662195,
            "std": 0.1596466191159691,
            "num_values": 5
        },
        "mean_rank": {
            "mean": 39.19415204678363,
            "std": 16.393304891485727,
            "num_values": 5
        },
        "diversity": {
            "mean": 0.99,
            "std": 0.020000000000000018,
            "num_values": 5
        }
    },
    "a German": {
        "IOU Divergence": {
            "mean": 0.5553616049118297,
            "std": 0.14326953337663986,
            "num_values": 5
        },
        "SERP MS Divergence": {
            "mean": 0.3067669172932331,
            "std": 0.1506324462257156,
            "num_values": 5
        },
        "Pragmatic Divergence": {
            "mean": 0.35759889920880633,
            "std": 0.16260995753374233,
            "num_values": 5
        },
        "mean_rank": {
            "mean": 37.658238734090126,
            "std": 15.296075709028758,
            "num_values": 5
        },
        "diversity": {
            "mean": 0.97,
            "std": 0.06000000000000001,
            "num_values": 5
        }
    },
    "a Japanese": {
        "IOU Divergence": {
            "mean": 0.5742637362637362,
            "std": 0.0772006420814315,
            "num_values": 5
        },
        "SERP MS Divergence": {
            "mean": 0.32133667502088553,
            "std": 0.10561026167829128,
            "num_values": 5
        },
        "Pragmatic Divergence": {
            "mean": 0.36815961472308223,
            "std": 0.09814621310520114,
            "num_values": 5
        },
        "mean_rank": {
            "mean": 29.881458548331615,
            "std": 3.1989300157067824,
            "num_values": 5
        },
        "diversity": {
            "mean": 0.9794736842105263,
            "std": 0.025153269779681117,
            "num_values": 5
        }
    },
    "a girl": {
        "IOU Divergence": {
            "mean": 0.5665024630541872,
            "std": 0.09106520710704398,
            "num_values": 5
        },
        "SERP MS Divergence": {
            "mean": 0.33508771929824566,
            "std": 0.0994413450325241,
            "num_values": 5
        },
        "Pragmatic Divergence": {
            "mean": 0.37217062263501893,
            "std": 0.09686063378855984,
            "num_values": 5
        },
        "mean_rank": {
            "mean": 42.907739938080496,
            "std": 12.4453531239883,
            "num_values": 5
        },
        "diversity": {
            "mean": 1.0,
            "std": 0.0,
            "num_values": 5
        }
    },
    "a boy": {
        "IOU Divergence": {
            "mean": 0.34654112554112554,
            "std": 0.11474335304613871,
            "num_values": 5
        },
        "SERP MS Divergence": {
            "mean": 0.11911445279866333,
            "std": 0.06568654929194634,
            "num_values": 5
        },
        "Pragmatic Divergence": {
            "mean": 0.12929480564155488,
            "std": 0.07643157366822477,
            "num_values": 5
        },
        "mean_rank": {
            "mean": 15.877119883040937,
            "std": 2.1350259763289046,
            "num_values": 5
        },
        "diversity": {
            "mean": 0.9800000000000001,
            "std": 0.024494897427831803,
            "num_values": 5
        }
    },
    "a female": {
        "IOU Divergence": {
            "mean": 0.6356430606430606,
            "std": 0.06850495452502246,
            "num_values": 5
        },
        "SERP MS Divergence": {
            "mean": 0.4792815371762741,
            "std": 0.04243647165357702,
            "num_values": 5
        },
        "Pragmatic Divergence": {
            "mean": 0.5548056415548676,
            "std": 0.03758668516526505,
            "num_values": 5
        },
        "mean_rank": {
            "mean": 42.66498538011696,
            "std": 12.47737601487506,
            "num_values": 5
        },
        "diversity": {
            "mean": 0.9244341245270038,
            "std": 0.026852539757966816,
            "num_values": 5
        }
    },
    "a male": {
        "IOU Divergence": {
            "mean": 0.3755864875864876,
            "std": 0.1546858703552953,
            "num_values": 5
        },
        "SERP MS Divergence": {
            "mean": 0.17157894736842105,
            "std": 0.11658102647546051,