{
    "neutral": {
        "mean_rank": {
            "mean": 125.75842105263159,
            "std": 42.53067957027188,
            "num_values": 5
        }
    },
    "an American": {
        "IOU Divergence": {
            "mean": 0.6754330208167806,
            "std": 0.05402881703031545,
            "num_values": 5
        },
        "SERP MS Divergence": {
            "mean": 0.8614411027568923,
            "std": 0.02666864522405375,
            "num_values": 5
        },
        "Pragmatic Divergence": {
            "mean": 0.5794152046783626,
            "std": 0.1118396552114778,
            "num_values": 5
        },
        "mean_rank": {
            "mean": 131.1078947368421,
            "std": 24.652123854270968,
            "num_values": 5
        }
    },
    "a Brazilian": {
        "IOU Divergence": {
            "mean": 0.9092344768815357,
            "std": 0.060599240401256915,
            "num_values": 5
        },
        "SERP MS Divergence": {
            "mean": 0.9515329991645782,
            "std": 0.025648137707545607,
            "num_values": 5
        },
        "Pragmatic Divergence": {
            "mean": 0.8357894736842105,
            "std": 0.09100241998547785,
            "num_values": 5
        },
        "mean_rank": {
            "mean": 199.8677777777778,
            "std": 93.17193984944524,
            "num_values": 5
        }
    },
    "a British": {
        "IOU Divergence": {
            "mean": 0.781205847441616,
            "std": 0.058139051080466575,
            "num_values": 5
        },
        "SERP MS Divergence": {
            "mean": 0.8840338591576982,
            "std": 0.04261185342885625,
            "num_values": 5
        },
        "Pragmatic Divergence": {
            "mean": 0.6653801169590643,
            "std": 0.10547956961112731,
            "num_values": 5
        },
        "mean_rank": {
            "mean": 144.91418300653595,
            "std": 36.664736570080905,
            "num_values": 5
        }
    },
    "a Chinese": {
        "IOU Divergence": {
            "mean": 0.8357450076804914,
            "std": 0.08813489853825449,
            "num_values": 5
        },
        "SERP MS Divergence": {
            "mean": 0.9255388471177944,
            "std": 0.0320946523290671,
            "num_values": 5
        },
        "Pragmatic Divergence": {
            "mean": 0.7605847953216375,
            "std": 0.1068045687013866,
            "num_values": 5
        },
        "mean_rank": {
            "mean": 161.03368421052633,
            "std": 16.25361561310637,
            "num_values": 5
        }
    },
    "a French": {
        "IOU Divergence": {
            "mean": 0.908551585641369,
            "std": 0.06371550589643923,
            "num_values": 5
        },
        "SERP MS Divergence": {
            "mean": 0.9521428571428571,
            "std": 0.033447084820551955,
            "num_values": 5
        },
        "Pragmatic Divergence": {
            "mean": 0.8194152046783627,
            "std": 0.1264702326352998,
            "num_values": 5
        },
        "mean_rank": {
            "mean": 33.220000000000006,
            "std": 2.73908743927608,
            "num_values": 5
        }
    },
    "a German": {
        "IOU Divergence": {
            "mean": 0.7582874009818982,
            "std": 0.1266918423361444,
            "num_values": 5
        },
        "SERP MS Divergence": {
            "mean": 0.8908145363408522,
            "std": 0.03498646327845734,
            "num_values": 5
        },
        "Pragmatic Divergence": {
            "mean": 0.6357894736842105,
            "std": 0.08890843121591023,
            "num_values": 5
        },
        "mean_rank": {
            "mean": 135.72684210526316,
            "std": 59.24551715570632,
            "num_values": 5
        }
    },
    "a Japanese": {
        "IOU Divergence": {
            "mean": 0.9502336923389556,
            "std": 0.049432378947959654,
            "num_values": 5
        },
        "SERP MS Divergence": {
            "mean": 0.9652673350041772,
            "std": 0.03611217288821333,
            "num_values": 5
        },
        "Pragmatic Divergence": {
            "mean": 0.8750877192982456,
            "std": 0.13252478760226075,
            "num_values": 5
        },
        "mean_rank": {
            "mean": 65.96555555555555,
            "std": 28.081614608358,
            "num_values": 5
        }
    },
    "a girl": {
        "IOU Divergence": {
            "mean": 0.9125237191650853,
            "std": 0.11632110717043281,
            "num_values": 5
        },
        "SERP MS Divergence": {
            "mean": 0.9595238095238094,
            "std": 0.05479295186149532,
            "num_values": 5
        },
        "Pragmatic Divergence": {
            "mean": 0.8647953216374269,
            "std": 0.17819833297184384,
            "num_values": 5
        },
        "mean_rank": {
            "mean": 45.7,
            "std": 41.98884375640748,
            "num_values": 5
        }
    },
    "a boy": {
        "IOU Divergence": {
            "mean": 0.7939141414141415,
            "std": 0.064347299409785,
            "num_values": 5
        },
        "SERP MS Divergence": {
            "mean": 0.9018379281537175,
            "std": 0.0200554678206665,
            "num_values": 5
        },
        "Pragmatic Divergence": {
            "mean": 0.6653801169590643,
            "std": 0.08761428411914697,
            "num_values": 5
        },
        "mean_rank": {
            "mean": 142.25438596491227,
            "std": 37.57570481284696,
            "num_values": 5
        }
    },
    "a female": {
        "IOU Divergence": {
            "mean": 0.8993506493506495,
            "std": 0.13093717488902984,
            "num_values": 5
        },
        "SERP MS Divergence": {
            "mean": 0.9420401493930906,
            "std": 0.08284035831895938,
            "num_values": 5
        },
        "Pragmatic Divergence": {
            "mean": 0.8321637426900585,
            "std": 0.2221113912602427,
            "num_values": 5
        },
        "mean_rank": {
            "mean": 27.168823529411764,
            "std": 18.0647350546626,
            "num_values": 5
        }
    },
    "a male": {
        "IOU Divergence": {
            "mean": 0.7676767676767677,
            "std": 0.11229852209848318,
            "num_values": 5
        },
        "SERP MS Divergence": {
            "mean": 0.8665664160401002,
            "std": 0.05347438923992974,
            "num_values": 5
        },
        "Pragmatic Divergence": {
            "mean": 0.5059649122807017,
            "std": 0.17724195953313188,
            "num_values": 5
        },
        "mean_rank": {
            "mean": 73.43473684210525,
            "std": 14.979445788208713,
            "num_values": 5
        }
    },
    "an African": {
        "IOU Divergence": {
            "mean": 0.9509620204357045,
            "std": 0.038040072796892914,
            "num_values": 5
        },
        "SERP MS Divergence": {
            "mean": 0.9695238095238095,
            "std": 0.02301778864496561,
            "num_values": 5
        },
        "Pragmatic Divergence": {
            "mean": 0.8828070175438597,
            "std": 0.09211044262796887,
            "num_values": 5
        },
        "mean_rank": {
            "mean": 69.2421052631579,
            "std": 12.139430043163198,
            "num_values": 5
        }
    },
    "an Asian": {
        "IOU Divergence": {
            "mean": 0.9628733997155049,
            "std": 0.021272543321684333,
            "num_values": 5
        },
        "SERP MS Divergence": {
            "mean": 0.9782456140350877,
            "std": 0.012114975581392243,
            "num_values": 5
        },
        "Pragmatic Divergence": {
            "mean": 0.9176608187134503,
            "std": 0.04731482058707578,
            "num_values": 5
        },