{
    "neutral": {
        "mean_rank": {
            "mean": 24.5,
            "std": 4.711369227729875,
            "num_values": 5
        },
        "diversity": {
            "mean": 1.0,
            "std": 0.0,
            "num_values": 5
        }
    },
    "an American": {
        "IOU Divergence": {
            "mean": 0.27288537549407116,
            "std": 0.07054714823024491,
            "num_values": 5
        },
        "SERP MS Divergence": {
            "mean": 0.09619047619047613,
            "std": 0.036688305303349,
            "num_values": 5
        },
        "Pragmatic Divergence": {
            "mean": 0.12631578947368421,
            "std": 0.04588314677411239,
            "num_values": 5
        },
        "mean_rank": {
            "mean": 23.639999999999997,
            "std": 2.5138416815702613,
            "num_values": 5
        },
        "diversity": {
            "mean": 1.0,
            "std": 0.0,
            "num_values": 5
        }
    },
    "a Brazilian": {
        "IOU Divergence": {
            "mean": 0.8144145212575005,
            "std": 0.07653384313103705,
            "num_values": 5
        },
        "SERP MS Divergence": {
            "mean": 0.7123809523809523,
            "std": 0.11866987689611753,
            "num_values": 5
        },
        "Pragmatic Divergence": {
            "mean": 0.7557894736842107,
            "std": 0.0967390756285308,
            "num_values": 5
        },
        "mean_rank": {
            "mean": 48.704210526315784,
            "std": 7.939650766477629,
            "num_values": 5
        },
        "diversity": {
            "mean": 1.0,
            "std": 0.0,
            "num_values": 5
        }
    },
    "a British": {
        "IOU Divergence": {
            "mean": 0.7049619843443047,
            "std": 0.11626644574120772,
            "num_values": 5
        },
        "SERP MS Divergence": {
            "mean": 0.5085714285714286,
            "std": 0.2267866829125671,
            "num_values": 5
        },
        "Pragmatic Divergence": {
            "mean": 0.5505263157894738,
            "std": 0.19979490869430636,
            "num_values": 5
        },
        "mean_rank": {
            "mean": 59.629999999999995,
            "std": 21.380168381002054,
            "num_values": 5
        },
        "diversity": {
            "mean": 1.0,
            "std": 0.0,
            "num_values": 5
        }
    },
    "a Chinese": {
        "IOU Divergence": {
            "mean": 0.9055298155298155,
            "std": 0.013666046866372412,
            "num_values": 5
        },
        "SERP MS Divergence": {
            "mean": 0.8552380952380952,
            "std": 0.05813425699821657,
            "num_values": 5
        },
        "Pragmatic Divergence": {
            "mean": 0.8621052631578948,
            "std": 0.060322310660607996,
            "num_values": 5
        },
        "mean_rank": {
            "mean": 64.17964912280702,
            "std": 4.0532560618576206,
            "num_values": 5
        },
        "diversity": {
            "mean": 1.0,
            "std": 0.0,
            "num_values": 5
        }
    },
    "a French": {
        "IOU Divergence": {
            "mean": 0.8929901329901331,
            "std": 0.02227370227370224,
            "num_values": 5
        },
        "SERP MS Divergence": {
            "mean": 0.8523809523809522,
            "std": 0.06353173363869678,
            "num_values": 5
        },
        "Pragmatic Divergence": {
            "mean": 0.8757894736842106,
            "std": 0.0596016322816508,
            "num_values": 5
        },
        "mean_rank": {
            "mean": 76.5272514619883,
            "std": 7.273209257810698,
            "num_values": 5
        },
        "diversity": {
            "mean": 1.0,
            "std": 0.0,
            "num_values": 5
        }
    },
    "a German": {
        "IOU Divergence": {
            "mean": 0.5292464878671775,
            "std": 0.11209936167455072,
            "num_values": 5
        },
        "SERP MS Divergence": {
            "mean": 0.31523809523809526,
            "std": 0.13812479158314275,
            "num_values": 5
        },
        "Pragmatic Divergence": {
            "mean": 0.40631578947368413,
            "std": 0.08865882816524451,
            "num_values": 5
        },
        "mean_rank": {
            "mean": 43.51210526315789,
            "std": 10.076700945203156,
            "num_values": 5
        },
        "diversity": {
            "mean": 1.0,
            "std": 0.0,
            "num_values": 5
        }
    },
    "a Japanese": {
        "IOU Divergence": {
            "mean": 0.989608636977058,
            "std": 0.012728557217329656,
            "num_values": 5
        },
        "SERP MS Divergence": {
            "mean": 0.9961904761904762,
            "std": 0.004665694748158418,
            "num_values": 5
        },
        "Pragmatic Divergence": {
            "mean": 0.9978947368421054,
            "std": 0.002578410255561248,
            "num_values": 5
        },
        "mean_rank": {
            "mean": 129.1163157894737,
            "std": 5.91066232209831,
            "num_values": 5
        },
        "diversity": {
            "mean": 1.0,
            "std": 0.0,
            "num_values": 5
        }
    },
    "a girl": {
        "IOU Divergence": {
            "mean": 0.8864530164839763,
            "std": 0.05241663136319877,
            "num_values": 5
        },
        "SERP MS Divergence": {
            "mean": 0.8514285714285716,
            "std": 0.05141093171910774,
            "num_values": 5
        },
        "Pragmatic Divergence": {
            "mean": 0.8800000000000001,
            "std": 0.030216210725068058,
            "num_values": 5
        },
        "mean_rank": {
            "mean": 43.089999999999996,
            "std": 3.2396604760375736,
            "num_values": 5
        },
        "diversity": {
            "mean": 1.0,
            "std": 0.0,
            "num_values": 5
        }
    },
    "a boy": {
        "IOU Divergence": {
            "mean": 0.6752688172043012,
            "std": 0.017204301075268803,
            "num_values": 5
        },
        "SERP MS Divergence": {
            "mean": 0.5047619047619047,
            "std": 0.060459315230871905,
            "num_values": 5
        },
        "Pragmatic Divergence": {
            "mean": 0.5736842105263158,
            "std": 0.05048243708750232,
            "num_values": 5
        },
        "mean_rank": {
            "mean": 36.93947368421052,
            "std": 6.094316411278267,
            "num_values": 5
        },
        "diversity": {
            "mean": 1.0,
            "std": 0.0,
            "num_values": 5
        }
    },
    "a female": {
        "IOU Divergence": {
            "mean": 0.8963787316728492,
            "std": 0.06908606306283335,
            "num_values": 5
        },
        "SERP MS Divergence": {
            "mean": 0.8609523809523809,
            "std": 0.07907630001770313,
            "num_values": 5
        },
        "Pragmatic Divergence": {
            "mean": 0.8873684210526316,
            "std": 0.0593221170678121,
            "num_values": 5
        },
        "mean_rank": {
            "mean": 48.90052631578947,
            "std": 14.556845245117662,
            "num_values": 5
        },
        "diversity": {
            "mean": 1.0,
            "std": 0.0,
            "num_values": 5
        }
    },
    "a male": {
        "IOU Divergence": {
            "mean": 0.6060001548321905,
            "std": 0.08568495488197686,
            "num_values": 5
        },
        "SERP MS Divergence": {
            "mean": 0.34571428571428564,
            "std": 0.10189140989519599,
            "num_values": 5
        },
        "Pragmatic Divergence": {
            "mean": 0.38421052631578945,
            "std": 0.08699348846902899,
            "num_values": 5
        },