{
    "neutral": {
        "mean_rank": {
            "mean": 13.842105263157896,
            "std": 1.7978133840832644,
            "num_values": 5
        }
    },
    "an American": {
        "IOU Divergence": {
            "mean": 0.6108374384236452,
            "std": 0.019704433497536967,
            "num_values": 5
        },
        "SERP MS Divergence": {
            "mean": 0.8095238095238095,
            "std": 0.02334062082505235,
            "num_values": 5
        },
        "Pragmatic Divergence": {
            "mean": 0.3421052631578948,
            "std": 0.10319011312128394,
            "num_values": 5
        },
        "mean_rank": {
            "mean": 34.315789473684205,
            "std": 2.113929530741701,
            "num_values": 5
        }
    },
    "a Brazilian": {
        "IOU Divergence": {
            "mean": 0.502947213816779,
            "std": 0.14015671912282482,
            "num_values": 5
        },
        "SERP MS Divergence": {
            "mean": 0.8058145363408521,
            "std": 0.03179381983348964,
            "num_values": 5
        },
        "Pragmatic Divergence": {
            "mean": 0.46421052631578946,
            "std": 0.11465472677212714,
            "num_values": 5
        },
        "mean_rank": {
            "mean": 38.74842105263158,
            "std": 20.42334995216745,
            "num_values": 5
        }
    },
    "a British": {
        "IOU Divergence": {
            "mean": 0.9238422633159475,
            "std": 0.021929099784832793,
            "num_values": 5
        },
        "SERP MS Divergence": {
            "mean": 0.9738095238095237,
            "std": 0.010350983390135278,
            "num_values": 5
        },
        "Pragmatic Divergence": {
            "mean": 0.9136842105263158,
            "std": 0.052272459022884785,
            "num_values": 5
        },
        "mean_rank": {
            "mean": 100.77000000000001,
            "std": 17.31018775172586,
            "num_values": 5
        }
    },
    "a Chinese": {
        "IOU Divergence": {
            "mean": 0.8778826673563515,
            "std": 0.07421847548664705,
            "num_values": 5
        },
        "SERP MS Divergence": {
            "mean": 0.9542857142857143,
            "std": 0.03017898233964638,
            "num_values": 5
        },
        "Pragmatic Divergence": {
            "mean": 0.8768421052631581,
            "std": 0.07972251043689046,
            "num_values": 5
        },
        "mean_rank": {
            "mean": 119.98315789473683,
            "std": 49.4272850058254,
            "num_values": 5
        }
    },
    "a French": {
        "IOU Divergence": {
            "mean": 0.9862068965517242,
            "std": 0.01689303270884948,
            "num_values": 5
        },
        "SERP MS Divergence": {
            "mean": 0.984848484848485,
            "std": 0.020884922351651833,
            "num_values": 5
        },
        "Pragmatic Divergence": {
            "mean": 0.9842105263157894,
            "std": 0.024460947449731044,
            "num_values": 5
        },
        "mean_rank": {
            "mean": 189.8922222222222,
            "std": 16.921121143137672,
            "num_values": 5
        }
    },
    "a German": {
        "IOU Divergence": {
            "mean": 1.0,
            "std": 0.0,
            "num_values": 5
        },
        "SERP MS Divergence": {
            "mean": 1.0,
            "std": 0.0,
            "num_values": 5
        },
        "Pragmatic Divergence": {
            "mean": 1.0,
            "std": 0.0,
            "num_values": 5
        },
        "mean_rank": {
            "mean": 209.2369865841073,
            "std": 4.954002499016911,
            "num_values": 5
        }
    },
    "a Japanese": {
        "IOU Divergence": {
            "mean": 0.9357041251778094,
            "std": 0.013714902751856608,
            "num_values": 5
        },
        "SERP MS Divergence": {
            "mean": 0.978095238095238,
            "std": 0.0032471861183299543,
            "num_values": 5
        },
        "Pragmatic Divergence": {
            "mean": 0.9326315789473684,
            "std": 0.010734777923353265,
            "num_values": 5
        },
        "mean_rank": {
            "mean": 80.10999999999999,
            "std": 15.902559542413288,
            "num_values": 5
        }
    },
    "a girl": {
        "IOU Divergence": {
            "mean": 0.45696377696377705,
            "std": 0.08419199676564958,
            "num_values": 5
        },
        "SERP MS Divergence": {
            "mean": 0.7738095238095238,
            "std": 0.009003652571994798,
            "num_values": 5
        },
        "Pragmatic Divergence": {
            "mean": 0.23684210526315788,
            "std": 0.027650369550660414,
            "num_values": 5
        },
        "mean_rank": {
            "mean": 34.38947368421053,
            "std": 13.620361163608944,
            "num_values": 5
        }
    },
    "a boy": {
        "IOU Divergence": {
            "mean": 0.5980295566502463,
            "std": 0.03435585374219251,
            "num_values": 5
        },
        "SERP MS Divergence": {
            "mean": 0.8218421052631578,
            "std": 0.023537877894593724,
            "num_values": 5
        },
        "Pragmatic Divergence": {
            "mean": 0.3673684210526315,
            "std": 0.1289377010339584,
            "num_values": 5
        },
        "mean_rank": {
            "mean": 26.530409356725148,
            "std": 3.031405218471681,
            "num_values": 5
        }
    },
    "a female": {
        "IOU Divergence": {
            "mean": 0.40349666436622955,
            "std": 0.11968243630299438,
            "num_values": 5
        },
        "SERP MS Divergence": {
            "mean": 0.7616666666666666,
            "std": 0.013136299261079742,
            "num_values": 5
        },
        "Pragmatic Divergence": {
            "mean": 0.20631578947368423,
            "std": 0.0231578947368421,
            "num_values": 5
        },
        "mean_rank": {
            "mean": 32.95789473684211,
            "std": 14.303105836324395,
            "num_values": 5
        }
    },
    "a male": {
        "IOU Divergence": {
            "mean": 0.5487207556173074,
            "std": 0.054265532021037795,
            "num_values": 5
        },
        "SERP MS Divergence": {
            "mean": 0.8004761904761905,
            "std": 0.020337291908631077,
            "num_values": 5
        },
        "Pragmatic Divergence": {
            "mean": 0.27157894736842103,
            "std": 0.10187168073208598,
            "num_values": 5
        },
        "mean_rank": {
            "mean": 23.49473684210526,
            "std": 2.6501659384621634,
            "num_values": 5
        }
    },
    "an African": {
        "IOU Divergence": {
            "mean": 0.8980952380952381,
            "std": 0.060803389331475666,
            "num_values": 5
        },
        "SERP MS Divergence": {
            "mean": 0.9418589743589744,
            "std": 0.031972724240077174,
            "num_values": 5
        },
        "Pragmatic Divergence": {
            "mean": 0.9168421052631579,
            "std": 0.0540236944015004,
            "num_values": 5
        },
        "mean_rank": {
            "mean": 148.03222222222223,
            "std": 49.44008125567657,
            "num_values": 5
        }
    },
    "an Asian": {
        "IOU Divergence": {
            "mean": 0.9119618866987288,
            "std": 0.022679166893653947,
            "num_values": 5
        },
        "SERP MS Divergence": {
            "mean": 0.9688095238095238,
            "std": 0.008728715609439665,
            "num_values": 5
        },
        "Pragmatic Divergence": {
            "mean": 0.9063157894736842,
            "std": 0.02565485811990303,
            "num_values": 5
        },