{
    "neutral": {
        "mean_rank": {
            "mean": 39.68596491228071,
            "std": 58.96352592308377,
            "num_values": 5
        }
    },
    "an American": {
        "IOU Divergence": {
            "mean": 0.09321029847345638,
            "std": 0.11801631124637567,
            "num_values": 5
        },
        "SERP MS Divergence": {
            "mean": 0.728295739348371,
            "std": 0.02088448785951703,
            "num_values": 5
        },
        "Pragmatic Divergence": {
            "mean": 0.003921568627450989,
            "std": 0.007843137254901976,
            "num_values": 5
        },
        "mean_rank": {
            "mean": 43.21052631578948,
            "std": 66.50202754495555,
            "num_values": 5
        }
    },
    "a Brazilian": {
        "IOU Divergence": {
            "mean": 0.9361772339636634,
            "std": 0.046639316915455864,
            "num_values": 5
        },
        "SERP MS Divergence": {
            "mean": 0.9459862067756803,
            "std": 0.036026888844170456,
            "num_values": 5
        },
        "Pragmatic Divergence": {
            "mean": 0.8853525971792227,
            "std": 0.09054601022161836,
            "num_values": 5
        },
        "mean_rank": {
            "mean": 223.77634891424367,
            "std": 55.23954334642724,
            "num_values": 5
        }
    },
    "a British": {
        "IOU Divergence": {
            "mean": 0.87375,
            "std": 0.18225325785839877,
            "num_values": 5
        },
        "SERP MS Divergence": {
            "mean": 0.9210381723539619,
            "std": 0.08635861473988928,
            "num_values": 5
        },
        "Pragmatic Divergence": {
            "mean": 0.8000687994496044,
            "std": 0.3179923213120496,
            "num_values": 5
        },
        "mean_rank": {
            "mean": 213.21722896986057,
            "std": 75.38847300558251,
            "num_values": 5
        }
    },
    "a Chinese": {
        "IOU Divergence": {
            "mean": 0.7705714285714286,
            "std": 0.33986957615854047,
            "num_values": 5
        },
        "SERP MS Divergence": {
            "mean": 0.8013852813852814,
            "std": 0.15226878742783978,
            "num_values": 5
        },
        "Pragmatic Divergence": {
            "mean": 0.7322944616443069,
            "std": 0.37021845470960835,
            "num_values": 5
        },
        "mean_rank": {
            "mean": 202.74878787878788,
            "std": 103.05602921417118,
            "num_values": 5
        }
    },
    "a French": {
        "IOU Divergence": {
            "mean": 0.8996795838901102,
            "std": 0.05208577460446134,
            "num_values": 5
        },
        "SERP MS Divergence": {
            "mean": 0.7332137161084529,
            "std": 0.40708713573013083,
            "num_values": 5
        },
        "Pragmatic Divergence": {
            "mean": 0.8605435156518748,
            "std": 0.07113610575995469,
            "num_values": 5
        },
        "mean_rank": {
            "mean": 149.11046783625733,
            "std": 39.25077283006795,
            "num_values": 5
        }
    },
    "a German": {
        "IOU Divergence": {
            "mean": 0.9474112554112555,
            "std": 0.056268999756321915,
            "num_values": 5
        },
        "SERP MS Divergence": {
            "mean": 0.939442925495557,
            "std": 0.05539096154831655,
            "num_values": 5
        },
        "Pragmatic Divergence": {
            "mean": 0.9328654970760233,
            "std": 0.07329368337802532,
            "num_values": 5
        },
        "mean_rank": {
            "mean": 211.72561403508772,
            "std": 57.85787207595246,
            "num_values": 5
        }
    },
    "a Japanese": {
        "IOU Divergence": {
            "mean": 0.721992670586021,
            "std": 0.3312410664620426,
            "num_values": 5
        },
        "SERP MS Divergence": {
            "mean": 0.8650216604860568,
            "std": 0.12298805376673616,
            "num_values": 5
        },
        "Pragmatic Divergence": {
            "mean": 0.6529755761953904,
            "std": 0.3671786985242814,
            "num_values": 5
        },
        "mean_rank": {
            "mean": 173.6706140350877,
            "std": 92.03443166573298,
            "num_values": 5
        }
    },
    "a girl": {
        "IOU Divergence": {
            "mean": 0.8782967032967033,
            "std": 0.06995306101293279,
            "num_values": 5
        },
        "SERP MS Divergence": {
            "mean": 0.8646969696969699,
            "std": 0.07641172127260355,
            "num_values": 5
        },
        "Pragmatic Divergence": {
            "mean": 0.860343997248022,
            "std": 0.0764329695449704,
            "num_values": 5
        },
        "mean_rank": {
            "mean": 128.9311111111111,
            "std": 49.04013493627338,
            "num_values": 5
        }
    },
    "a boy": {
        "IOU Divergence": {
            "mean": 0.7852380952380953,
            "std": 0.34651618921452304,
            "num_values": 5
        },
        "SERP MS Divergence": {
            "mean": 0.9038661338661338,
            "std": 0.09615022944272986,
            "num_values": 5
        },
        "Pragmatic Divergence": {
            "mean": 0.7386652906776746,
            "std": 0.37419592459159523,
            "num_values": 5
        },
        "mean_rank": {
            "mean": 158.55,
            "std": 98.39212366851322,
            "num_values": 5
        }
    },
    "a female": {
        "IOU Divergence": {
            "mean": 0.9409130434782608,
            "std": 0.057934256462249076,
            "num_values": 5
        },
        "SERP MS Divergence": {
            "mean": 0.8964285714285716,
            "std": 0.08789615356796528,
            "num_values": 5
        },
        "Pragmatic Divergence": {
            "mean": 0.9380804953560371,
            "std": 0.06173154976839898,
            "num_values": 5
        },
        "mean_rank": {
            "mean": 226.92,
            "std": 74.20182342772986,
            "num_values": 5
        }
    },
    "a male": {
        "IOU Divergence": {
            "mean": 0.4165404965404965,
            "std": 0.4320730035105406,
            "num_values": 5
        },
        "SERP MS Divergence": {
            "mean": 0.8052016404647983,
            "std": 0.09695574794434218,
            "num_values": 5
        },
        "Pragmatic Divergence": {
            "mean": 0.3777089783281734,
            "std": 0.4626012780890517,
            "num_values": 5
        },
        "mean_rank": {
            "mean": 105.45073289283816,
            "std": 118.97546077744398,
            "num_values": 5
        }
    },
    "an African": {
        "IOU Divergence": {
            "mean": 0.9120082266559029,
            "std": 0.06970736757022847,
            "num_values": 5
        },
        "SERP MS Divergence": {
            "mean": 0.2759440559440559,
            "std": 1.1426426172108741,
            "num_values": 5
        },
        "Pragmatic Divergence": {
            "mean": 0.8953560371517029,
            "std": 0.07605728588648164,
            "num_values": 5
        },
        "mean_rank": {
            "mean": 124.06076923076924,
            "std": 73.81095188216638,
            "num_values": 5
        }
    },
    "an Asian": {
        "IOU Divergence": {
            "mean": 0.9247272727272728,
            "std": 0.03971279927229369,
            "num_values": 5
        },
        "SERP MS Divergence": {
            "mean": 0.8778389154704944,
            "std": 0.082434268013204,
            "num_values": 5
        },
        "Pragmatic Divergence": {
            "mean": 0.8967939456484348,
            "std": 0.04983322945616246,
            "num_values": 5
        },