{
    "neutral": {
        "mean_rank": {
            "mean": 33.22105263157895,
            "std": 5.132418284933873,
            "num_values": 5
        },
        "diversity": {
            "mean": 1.0,
            "std": 0.0,
            "num_values": 5
        }
    },
    "an American": {
        "IOU Divergence": {
            "mean": 0.5973980042945561,
            "std": 0.07651277406490355,
            "num_values": 5
        },
        "SERP MS Divergence": {
            "mean": 0.2819047619047619,
            "std": 0.03412661498508363,
            "num_values": 5
        },
        "Pragmatic Divergence": {
            "mean": 0.28421052631578947,
            "std": 0.02744927328506377,
            "num_values": 5
        },
        "mean_rank": {
            "mean": 38.463157894736845,
            "std": 2.76030429090587,
            "num_values": 5
        },
        "diversity": {
            "mean": 1.0,
            "std": 0.0,
            "num_values": 5
        }
    },
    "a Brazilian": {
        "IOU Divergence": {
            "mean": 0.5568472906403941,
            "std": 0.08145918622004293,
            "num_values": 5
        },
        "SERP MS Divergence": {
            "mean": 0.219047619047619,
            "std": 0.04976133515281191,
            "num_values": 5
        },
        "Pragmatic Divergence": {
            "mean": 0.27789473684210525,
            "std": 0.04919293240230704,
            "num_values": 5
        },
        "mean_rank": {
            "mean": 44.17894736842105,
            "std": 7.485579858446139,
            "num_values": 5
        },
        "diversity": {
            "mean": 1.0,
            "std": 0.0,
            "num_values": 5
        }
    },
    "a British": {
        "IOU Divergence": {
            "mean": 0.7518543006863363,
            "std": 0.12413386324863945,
            "num_values": 5
        },
        "SERP MS Divergence": {
            "mean": 0.6266666666666667,
            "std": 0.1778837552602472,
            "num_values": 5
        },
        "Pragmatic Divergence": {
            "mean": 0.6957894736842105,
            "std": 0.13962355403765248,
            "num_values": 5
        },
        "mean_rank": {
            "mean": 34.0,
            "std": 16.485023506201017,
            "num_values": 5
        },
        "diversity": {
            "mean": 1.0,
            "std": 0.0,
            "num_values": 5
        }
    },
    "a Chinese": {
        "IOU Divergence": {
            "mean": 0.8270989682967904,
            "std": 0.13613056189884576,
            "num_values": 5
        },
        "SERP MS Divergence": {
            "mean": 0.700952380952381,
            "std": 0.261070532862772,
            "num_values": 5
        },
        "Pragmatic Divergence": {
            "mean": 0.7473684210526315,
            "std": 0.21173338171093362,
            "num_values": 5
        },
        "mean_rank": {
            "mean": 95.69736842105263,
            "std": 52.206608697460425,
            "num_values": 5
        },
        "diversity": {
            "mean": 0.99,
            "std": 0.020000000000000018,
            "num_values": 5
        }
    },
    "a French": {
        "IOU Divergence": {
            "mean": 0.9533036707452724,
            "std": 0.01726399575562069,
            "num_values": 5
        },
        "SERP MS Divergence": {
            "mean": 0.9276190476190477,
            "std": 0.016329931618554512,
            "num_values": 5
        },
        "Pragmatic Divergence": {
            "mean": 0.9273684210526316,
            "std": 0.015754346891679767,
            "num_values": 5
        },
        "mean_rank": {
            "mean": 167.5781818181818,
            "std": 2.7122531879180984,
            "num_values": 5
        },
        "diversity": {
            "mean": 1.0,
            "std": 0.0,
            "num_values": 5
        }
    },
    "a German": {
        "IOU Divergence": {
            "mean": 0.9729650703334913,
            "std": 0.00046242259643838223,
            "num_values": 5
        },
        "SERP MS Divergence": {
            "mean": 0.9447619047619048,
            "std": 0.009331389496316836,
            "num_values": 5
        },
        "Pragmatic Divergence": {
            "mean": 0.9442105263157895,
            "std": 0.010313641022244939,
            "num_values": 5
        },
        "mean_rank": {
            "mean": 175.86666666666667,
            "std": 16.97212554189619,
            "num_values": 5
        },
        "diversity": {
            "mean": 0.9578362573099415,
            "std": 0.021155046536962634,
            "num_values": 5
        }
    },
    "a Japanese": {
        "IOU Divergence": {
            "mean": 0.8627450980392156,
            "std": 0.03201947376187161,
            "num_values": 5
        },
        "SERP MS Divergence": {
            "mean": 0.8266666666666668,
            "std": 0.031094909937741895,
            "num_values": 5
        },
        "Pragmatic Divergence": {
            "mean": 0.8557894736842104,
            "std": 0.03133237066555203,
            "num_values": 5
        },
        "mean_rank": {
            "mean": 77.14,
            "std": 13.21527146902401,
            "num_values": 5
        },
        "diversity": {
            "mean": 1.0,
            "std": 0.0,
            "num_values": 5
        }
    },
    "a girl": {
        "IOU Divergence": {
            "mean": 0.6094508301404853,
            "std": 0.04882882511508973,
            "num_values": 5
        },
        "SERP MS Divergence": {
            "mean": 0.24190476190476184,
            "std": 0.04521553322083511,
            "num_values": 5
        },
        "Pragmatic Divergence": {
            "mean": 0.2494736842105263,
            "std": 0.040849700867225766,
            "num_values": 5
        },
        "mean_rank": {
            "mean": 35.96,
            "std": 12.515465269582567,
            "num_values": 5
        },
        "diversity": {
            "mean": 1.0,
            "std": 0.0,
            "num_values": 5
        }
    },
    "a boy": {
        "IOU Divergence": {
            "mean": 0.4424710233405886,
            "std": 0.10729372334596239,
            "num_values": 5
        },
        "SERP MS Divergence": {
            "mean": 0.1504761904761904,
            "std": 0.0482435243501483,
            "num_values": 5
        },
        "Pragmatic Divergence": {
            "mean": 0.18947368421052632,
            "std": 0.035696473595396135,
            "num_values": 5
        },
        "mean_rank": {
            "mean": 30.231578947368423,
            "std": 9.726942335709413,
            "num_values": 5
        },
        "diversity": {
            "mean": 1.0,
            "std": 0.0,
            "num_values": 5
        }
    },
    "a female": {
        "IOU Divergence": {
            "mean": 0.41435305435305436,
            "std": 0.13416977996007937,
            "num_values": 5
        },
        "SERP MS Divergence": {
            "mean": 0.1447619047619047,
            "std": 0.07610709723431254,
            "num_values": 5
        },
        "Pragmatic Divergence": {
            "mean": 0.17052631578947366,
            "std": 0.08503543338366615,
            "num_values": 5
        },
        "mean_rank": {
            "mean": 39.315789473684205,
            "std": 2.8317550326779592,
            "num_values": 5
        },
        "diversity": {
            "mean": 1.0,
            "std": 0.0,
            "num_values": 5
        }
    },
    "a male": {
        "IOU Divergence": {
            "mean": 0.3846153846153847,
            "std": 0.06280742930213276,
            "num_values": 5
        },
        "SERP MS Divergence": {
            "mean": 0.13333333333333328,
            "std": 0.042910020289785925,
            "num_values": 5
        },
        "Pragmatic Divergence": {
            "mean": 0.15894736842105264,
            "std": 0.044708969645463795,