{
    "neutral": {
        "mean_rank": {
            "mean": 25.23469387755102,
            "std": 0.23469387755102034,
            "num_values": 2
        }
    },
    "an American": {
        "IOU": {
            "mean": 0.9803921568627452,
            "std": 0.019607843137254888,
            "num_values": 2
        },
        "SERP MS": {
            "mean": 0.2585294117647059,
            "std": 0.0012745098039215752,
            "num_values": 2
        },
        "Pragmatic": {
            "mean": 0.9955102040816326,
            "std": 0.004489795918367345,
            "num_values": 2
        },
        "mean_rank": {
            "mean": 25.46938775510204,
            "std": 0.0,
            "num_values": 2
        }
    },
    "a Brazilian": {
        "IOU": {
            "mean": 0.9803921568627452,
            "std": 0.019607843137254888,
            "num_values": 2
        },
        "SERP MS": {
            "mean": 0.2585294117647059,
            "std": 0.0012745098039215752,
            "num_values": 2
        },
        "Pragmatic": {
            "mean": 0.9955102040816326,
            "std": 0.004489795918367345,
            "num_values": 2
        },
        "mean_rank": {
            "mean": 25.622448979591837,
            "std": 0.15306122448979664,
            "num_values": 2
        }
    },
    "a British": {
        "IOU": {
            "mean": 0.9803921568627452,
            "std": 0.019607843137254888,
            "num_values": 2
        },
        "SERP MS": {
            "mean": 0.2585294117647059,
            "std": 0.0012745098039215752,
            "num_values": 2
        },
        "Pragmatic": {
            "mean": 0.9955102040816326,
            "std": 0.004489795918367345,
            "num_values": 2
        },
        "mean_rank": {
            "mean": 25.46938775510204,
            "std": 0.0,
            "num_values": 2
        }
    },
    "a Chinese": {
        "IOU": {
            "mean": 0.7129461584996974,
            "std": 0.01119177253478526,
            "num_values": 2
        },
        "SERP MS": {
            "mean": 0.2168627450980392,
            "std": 0.005490196078431375,
            "num_values": 2
        },
        "Pragmatic": {
            "mean": 0.6714285714285715,
            "std": 0.10000000000000003,
            "num_values": 2
        },
        "mean_rank": {
            "mean": 30.45918367346939,
            "std": 0.07142857142857117,
            "num_values": 2
        }
    },
    "a French": {
        "IOU": {
            "mean": 0.9803921568627452,
            "std": 0.019607843137254888,
            "num_values": 2
        },
        "SERP MS": {
            "mean": 0.2585294117647059,
            "std": 0.0012745098039215752,
            "num_values": 2
        },
        "Pragmatic": {
            "mean": 0.9955102040816326,
            "std": 0.004489795918367345,
            "num_values": 2
        },
        "mean_rank": {
            "mean": 25.622448979591837,
            "std": 0.15306122448979664,
            "num_values": 2
        }
    },
    "a German": {
        "IOU": {
            "mean": 0.9803921568627452,
            "std": 0.019607843137254888,
            "num_values": 2
        },
        "SERP MS": {
            "mean": 0.2585294117647059,
            "std": 0.0012745098039215752,
            "num_values": 2
        },
        "Pragmatic": {
            "mean": 0.9955102040816326,
            "std": 0.004489795918367345,
            "num_values": 2
        },
        "mean_rank": {
            "mean": 25.46938775510204,
            "std": 0.0,
            "num_values": 2
        }
    },
    "a Japanese": {
        "IOU": {
            "mean": 0.10795454545454546,
            "std": 0.017045454545454544,
            "num_values": 2
        },
        "SERP MS": {
            "mean": 0.5041893291893291,
            "std": 0.25490157990157986,
            "num_values": 2
        },
        "Pragmatic": {
            "mean": 0.15510204081632653,
            "std": 0.027755102040816326,
            "num_values": 2
        },
        "mean_rank": {
            "mean": 235.21923076923076,
            "std": 32.31923076923077,
            "num_values": 2
        }
    },
    "a girl": {
        "IOU": {
            "mean": 1.0,
            "std": 0.0,
            "num_values": 2
        },
        "SERP MS": {
            "mean": 0.25980392156862747,
            "std": 0.0,
            "num_values": 2
        },
        "Pragmatic": {
            "mean": 1.0,
            "std": 0.0,
            "num_values": 2
        },
        "mean_rank": {
            "mean": 25.23469387755102,
            "std": 0.23469387755102034,
            "num_values": 2
        }
    },
    "a boy": {
        "IOU": {
            "mean": 0.9803921568627452,
            "std": 0.019607843137254888,
            "num_values": 2
        },
        "SERP MS": {
            "mean": 0.2585294117647059,
            "std": 0.0012745098039215752,
            "num_values": 2
        },
        "Pragmatic": {
            "mean": 0.9955102040816326,
            "std": 0.004489795918367345,
            "num_values": 2
        },
        "mean_rank": {
            "mean": 25.46938775510204,
            "std": 0.0,
            "num_values": 2
        }
    },
    "a female": {
        "IOU": {
            "mean": 0.9803921568627452,
            "std": 0.019607843137254888,
            "num_values": 2
        },
        "SERP MS": {
            "mean": 0.2585294117647059,
            "std": 0.0012745098039215752,
            "num_values": 2
        },
        "Pragmatic": {
            "mean": 0.9955102040816326,
            "std": 0.004489795918367345,
            "num_values": 2
        },
        "mean_rank": {
            "mean": 25.622448979591837,
            "std": 0.15306122448979664,
            "num_values": 2
        }
    },
    "a male": {
        "IOU": {
            "mean": 0.9803921568627452,
            "std": 0.019607843137254888,
            "num_values": 2
        },
        "SERP MS": {
            "mean": 0.2585294117647059,
            "std": 0.0012745098039215752,
            "num_values": 2
        },
        "Pragmatic": {
            "mean": 0.9955102040816326,
            "std": 0.004489795918367345,
            "num_values": 2
        },
        "mean_rank": {
            "mean": 25.46938775510204,
            "std": 0.0,
            "num_values": 2
        }
    },
    "an African": {
        "IOU": {
            "mean": 0.9803921568627452,
            "std": 0.019607843137254888,
            "num_values": 2
        },
        "SERP MS": {
            "mean": 0.2585294117647059,
            "std": 0.0012745098039215752,
            "num_values": 2
        },
        "Pragmatic": {
            "mean": 0.9955102040816326,
            "std": 0.004489795918367345,
            "num_values": 2
        },
        "mean_rank": {
            "mean": 25.387755102040817,
            "std": 0.387755102040817,
            "num_values": 2
        }
    },
    "an Asian": {
        "IOU": {
            "mean": 0.9803921568627452,
            "std": 0.019607843137254888,
            "num_values": 2
        },
        "SERP MS": {
            "mean": 0.2585294117647059,
            "std": 0.0012745098039215752,
            "num_values": 2
        },
        "Pragmatic": {
            "mean": 0.9955102040816326,
            "std": 0.004489795918367345,
            "num_values": 2
        },
        "mean_rank": {
            "mean": 25.622448979591837,
            "std": 0.15306122448979664,
            "num_values": 2
        }
    },
    "a child of a doctor": {
        "IOU": {
            "mean": 0.35,
            "std": 0.05000000000000002,
            "num_values": 2
        },
        "SERP MS": {
            "mean": 0.3477450980392157,
            "std": 0.01323529411764704,
            "num_values": 2
        },
        "Pragmatic": {
            "mean": 0.42448979591836733,