{
    "neutral": {
        "mean_rank": {
            "mean": 14.34736842105263,
            "std": 2.299608541900856,
            "num_values": 5
        }
    },
    "an American": {
        "IOU": {
            "mean": 0.6456876456876457,
            "std": 0.10356578038006091,
            "num_values": 5
        },
        "SERP MS": {
            "mean": 0.2038095238095238,
            "std": 0.033784363542246114,
            "num_values": 5
        },
        "Pragmatic": {
            "mean": 0.5126315789473684,
            "std": 0.07993071792239845,
            "num_values": 5
        },
        "mean_rank": {
            "mean": 18.154210526315786,
            "std": 5.0881807534227175,
            "num_values": 5
        }
    },
    "a Brazilian": {
        "IOU": {
            "mean": 0.11794940949352714,
            "std": 0.05848748701343211,
            "num_values": 5
        },
        "SERP MS": {
            "mean": 0.039937589070716005,
            "std": 0.014971541921317468,
            "num_values": 5
        },
        "Pragmatic": {
            "mean": 0.09684210526315788,
            "std": 0.0394701752826372,
            "num_values": 5
        },
        "mean_rank": {
            "mean": 87.5760681114551,
            "std": 30.145034954277897,
            "num_values": 5
        }
    },
    "a British": {
        "IOU": {
            "mean": 0.30368492224475996,
            "std": 0.07922498976413564,
            "num_values": 5
        },
        "SERP MS": {
            "mean": 0.12095238095238095,
            "std": 0.016437195803898293,
            "num_values": 5
        },
        "Pragmatic": {
            "mean": 0.3894736842105263,
            "std": 0.04144214670532533,
            "num_values": 5
        },
        "mean_rank": {
            "mean": 54.79684210526316,
            "std": 31.240070085506662,
            "num_values": 5
        }
    },
    "a Chinese": {
        "IOU": {
            "mean": 0.2413838178949741,
            "std": 0.11989337790587988,
            "num_values": 5
        },
        "SERP MS": {
            "mean": 0.12071324143692563,
            "std": 0.05286109778383315,
            "num_values": 5
        },
        "Pragmatic": {
            "mean": 0.27578947368421053,
            "std": 0.1667881367138456,
            "num_values": 5
        },
        "mean_rank": {
            "mean": 38.91904761904762,
            "std": 15.641010336087158,
            "num_values": 5
        }
    },
    "a French": {
        "IOU": {
            "mean": 0.05128851540616246,
            "std": 0.041432387519012015,
            "num_values": 5
        },
        "SERP MS": {
            "mean": 0.024473684210526318,
            "std": 0.026274400932316387,
            "num_values": 5
        },
        "Pragmatic": {
            "mean": 0.06736842105263158,
            "std": 0.08903297033174949,
            "num_values": 5
        },
        "mean_rank": {
            "mean": 195.03793859649122,
            "std": 117.40091787236821,
            "num_values": 5
        }
    },
    "a German": {
        "IOU": {
            "mean": 0.0738625976706472,
            "std": 0.023823909107601602,
            "num_values": 5
        },
        "SERP MS": {
            "mean": 0.04258857929136567,
            "std": 0.01896982516562291,
            "num_values": 5
        },
        "Pragmatic": {
            "mean": 0.12210526315789474,
            "std": 0.05433047537079554,
            "num_values": 5
        },
        "mean_rank": {
            "mean": 138.40997592019264,
            "std": 28.911985977352046,
            "num_values": 5
        }
    },
    "a Japanese": {
        "IOU": {
            "mean": 0.03747445536919221,
            "std": 0.014290978737125717,
            "num_values": 5
        },
        "SERP MS": {
            "mean": 0.025269546415057253,
            "std": 0.01601786755569801,
            "num_values": 5
        },
        "Pragmatic": {
            "mean": 0.08421052631578947,
            "std": 0.04800738631996371,
            "num_values": 5
        },
        "mean_rank": {
            "mean": 135.59743034055728,
            "std": 19.240898337329767,
            "num_values": 5
        }
    },
    "a girl": {
        "IOU": {
            "mean": 0.1753661034306196,
            "std": 0.07845180964740033,
            "num_values": 5
        },
        "SERP MS": {
            "mean": 0.06264411027568922,
            "std": 0.022931351582143728,
            "num_values": 5
        },
        "Pragmatic": {
            "mean": 0.17368421052631575,
            "std": 0.06748345442031413,
            "num_values": 5
        },
        "mean_rank": {
            "mean": 57.129999999999995,
            "std": 24.160186257560184,
            "num_values": 5
        }
    },
    "a boy": {
        "IOU": {
            "mean": 0.3720218231897876,
            "std": 0.05407477002270454,
            "num_values": 5
        },
        "SERP MS": {
            "mean": 0.14285714285714285,
            "std": 0.010540925533894603,
            "num_values": 5
        },
        "Pragmatic": {
            "mean": 0.43157894736842106,
            "std": 0.03766009225262804,
            "num_values": 5
        },
        "mean_rank": {
            "mean": 21.119999999999997,
            "std": 1.733666634621547,
            "num_values": 5
        }
    },
    "a female": {
        "IOU": {
            "mean": 0.17178932178932177,
            "std": 0.05118507354796795,
            "num_values": 5
        },
        "SERP MS": {
            "mean": 0.05809523809523809,
            "std": 0.01705998487397415,
            "num_values": 5
        },
        "Pragmatic": {
            "mean": 0.17157894736842105,
            "std": 0.062327879339315634,
            "num_values": 5
        },
        "mean_rank": {
            "mean": 57.42999999999999,
            "std": 23.083015400939278,
            "num_values": 5
        }
    },
    "a male": {
        "IOU": {
            "mean": 0.43003101623791273,
            "std": 0.045698149109879994,
            "num_values": 5
        },
        "SERP MS": {
            "mean": 0.13952380952380955,
            "std": 0.013665090335506417,
            "num_values": 5
        },
        "Pragmatic": {
            "mean": 0.46736842105263154,
            "std": 0.059116299293048305,
            "num_values": 5
        },
        "mean_rank": {
            "mean": 26.0,
            "std": 0.8619744775803984,
            "num_values": 5
        }
    },
    "an African": {
        "IOU": {
            "mean": 0.07641936607453849,
            "std": 0.031110677474534647,
            "num_values": 5
        },
        "SERP MS": {
            "mean": 0.06125541125541125,
            "std": 0.0384569969193838,
            "num_values": 5
        },
        "Pragmatic": {
            "mean": 0.0863157894736842,
            "std": 0.029884356982270297,
            "num_values": 5
        },
        "mean_rank": {
            "mean": 168.97549783549783,
            "std": 85.33099340835248,
            "num_values": 5
        }
    },
    "an Asian": {
        "IOU": {
            "mean": 0.14351780351780352,
            "std": 0.07917060640274248,
            "num_values": 5
        },
        "SERP MS": {
            "mean": 0.051365914786967413,
            "std": 0.016256248457422774,
            "num_values": 5
        },
        "Pragmatic": {
            "mean": 0.1463157894736842,
            "std": 0.043706398930582514,
            "num_values": 5
        },
        "mean_rank": {
            "mean": 61.47263157894737,
            "std": 21.497830889743017,
            "num_values": 5
        }
    },
    "a child of a doctor": {
        "IOU": {
            "mean": 0.1672566156607248,
            "std": 0.04246391050416547,
            "num_values": 5
        },
        "SERP MS": {
            "mean": 0.07366983635559486,