{
    "neutral": {
        "mean_rank": {
            "mean": 18.378947368421052,
            "std": 6.827141531845145,
            "num_values": 5
        },
        "diversity": {
            "mean": 1.0,
            "std": 0.0,
            "num_values": 5
        }
    },
    "an American": {
        "IOU Divergence": {
            "mean": 0.7127147811293595,
            "std": 0.06469717607825881,
            "num_values": 5
        },
        "SERP MS Divergence": {
            "mean": 0.5380952380952381,
            "std": 0.07979565739296537,
            "num_values": 5
        },
        "Pragmatic Divergence": {
            "mean": 0.5505263157894736,
            "std": 0.07274590544493048,
            "num_values": 5
        },
        "mean_rank": {
            "mean": 69.91286549707601,
            "std": 8.26086069143058,
            "num_values": 5
        },
        "diversity": {
            "mean": 1.0,
            "std": 0.0,
            "num_values": 5
        }
    },
    "a Brazilian": {
        "IOU Divergence": {
            "mean": 1.0,
            "std": 0.0,
            "num_values": 5
        },
        "SERP MS Divergence": {
            "mean": 1.0,
            "std": 0.0,
            "num_values": 5
        },
        "Pragmatic Divergence": {
            "mean": 1.0,
            "std": 0.0,
            "num_values": 5
        },
        "mean_rank": {
            "mean": 261.21666666666664,
            "std": 14.215367271606693,
            "num_values": 5
        },
        "diversity": {
            "mean": 0.8767316017316018,
            "std": 0.0646425590837353,
            "num_values": 5
        }
    },
    "a British": {
        "IOU Divergence": {
            "mean": 0.886984126984127,
            "std": 0.0015552315827194727,
            "num_values": 5
        },
        "SERP MS Divergence": {
            "mean": 0.7533333333333333,
            "std": 0.013265131692556257,
            "num_values": 5
        },
        "Pragmatic Divergence": {
            "mean": 0.7547368421052632,
            "std": 0.0158245225035504,
            "num_values": 5
        },
        "mean_rank": {
            "mean": 89.33,
            "std": 4.818256946241036,
            "num_values": 5
        },
        "diversity": {
            "mean": 0.97,
            "std": 0.024494897427831803,
            "num_values": 5
        }
    },
    "a Chinese": {
        "IOU Divergence": {
            "mean": 0.8631037702437296,
            "std": 0.08927295908028816,
            "num_values": 5
        },
        "SERP MS Divergence": {
            "mean": 0.8238095238095238,
            "std": 0.15291572827753372,
            "num_values": 5
        },
        "Pragmatic Divergence": {
            "mean": 0.8557894736842104,
            "std": 0.10743032271303642,
            "num_values": 5
        },
        "mean_rank": {
            "mean": 84.04789473684211,
            "std": 43.55241699422411,
            "num_values": 5
        },
        "diversity": {
            "mean": 0.9089473684210526,
            "std": 0.04924921080121931,
            "num_values": 5
        }
    },
    "a French": {
        "IOU Divergence": {
            "mean": 0.8685714285714287,
            "std": 0.013997084244475254,
            "num_values": 5
        },
        "SERP MS Divergence": {
            "mean": 0.7276190476190477,
            "std": 0.03619047619047618,
            "num_values": 5
        },
        "Pragmatic Divergence": {
            "mean": 0.7347368421052632,
            "std": 0.034688962217440174,
            "num_values": 5
        },
        "mean_rank": {
            "mean": 76.71089783281734,
            "std": 15.871220806609935,
            "num_values": 5
        },
        "diversity": {
            "mean": 1.0,
            "std": 0.0,
            "num_values": 5
        }
    },
    "a German": {
        "IOU Divergence": {
            "mean": 0.9076515681129683,
            "std": 0.08974720820064956,
            "num_values": 5
        },
        "SERP MS Divergence": {
            "mean": 0.8295238095238094,
            "std": 0.14017805327980265,
            "num_values": 5
        },
        "Pragmatic Divergence": {
            "mean": 0.8389473684210526,
            "std": 0.12336913957038832,
            "num_values": 5
        },
        "mean_rank": {
            "mean": 154.29316624895574,
            "std": 49.28657093827973,
            "num_values": 5
        },
        "diversity": {
            "mean": 0.99,
            "std": 0.020000000000000018,
            "num_values": 5
        }
    },
    "a Japanese": {
        "IOU Divergence": {
            "mean": 0.9621232568600989,
            "std": 0.04147284884435187,
            "num_values": 5
        },
        "SERP MS Divergence": {
            "mean": 0.9523809523809523,
            "std": 0.04967011356344874,
            "num_values": 5
        },
        "Pragmatic Divergence": {
            "mean": 0.9610526315789473,
            "std": 0.03670651741928987,
            "num_values": 5
        },
        "mean_rank": {
            "mean": 128.44,
            "std": 16.790515179707857,
            "num_values": 5
        },
        "diversity": {
            "mean": 1.0,
            "std": 0.0,
            "num_values": 5
        }
    },
    "a girl": {
        "IOU Divergence": {
            "mean": 0.22394880481837004,
            "std": 0.10244373228533617,
            "num_values": 5
        },
        "SERP MS Divergence": {
            "mean": 0.08857142857142859,
            "std": 0.05089672082242818,
            "num_values": 5
        },
        "Pragmatic Divergence": {
            "mean": 0.1526315789473684,
            "std": 0.03210094880416192,
            "num_values": 5
        },
        "mean_rank": {
            "mean": 18.16842105263158,
            "std": 6.81975296260166,
            "num_values": 5
        },
        "diversity": {
            "mean": 1.0,
            "std": 0.0,
            "num_values": 5
        }
    },
    "a boy": {
        "IOU Divergence": {
            "mean": 0.37979296066252594,
            "std": 0.10544410811401107,
            "num_values": 5
        },
        "SERP MS Divergence": {
            "mean": 0.2076190476190476,
            "std": 0.07856998555673468,
            "num_values": 5
        },
        "Pragmatic Divergence": {
            "mean": 0.28105263157894733,
            "std": 0.05556060303324905,
            "num_values": 5
        },
        "mean_rank": {
            "mean": 30.968421052631584,
            "std": 7.424269552848402,
            "num_values": 5
        },
        "diversity": {
            "mean": 1.0,
            "std": 0.0,
            "num_values": 5
        }
    },
    "a female": {
        "IOU Divergence": {
            "mean": 0.3426780626780627,
            "std": 0.1821258045599739,
            "num_values": 5
        },
        "SERP MS Divergence": {
            "mean": 0.14000000000000007,
            "std": 0.07343839104250288,
            "num_values": 5
        },
        "Pragmatic Divergence": {
            "mean": 0.17789473684210527,
            "std": 0.09233205161931954,
            "num_values": 5
        },
        "mean_rank": {
            "mean": 10.957894736842105,
            "std": 1.9157894736842103,
            "num_values": 5
        },
        "diversity": {
            "mean": 1.0,
            "std": 0.0,
            "num_values": 5
        }
    },
    "a male": {
        "IOU Divergence": {
            "mean": 0.40349666436622966,
            "std": 0.11968243630299438,
            "num_values": 5
        },
        "SERP MS Divergence": {
            "mean": 0.18857142857142856,
            "std": 0.08716237096112425,
            "num_values": 5
        },
        "Pragmatic Divergence": {
            "mean": 0.2631578947368421,
            "std": 0.0612881121179353,
            "num_values": 5
        },