{
    "neutral": {
        "mean_rank": {
            "mean": 16.723839009287925,
            "std": 5.564701413487375,
            "num_values": 5
        }
    },
    "an American": {
        "IOU Divergence": {
            "mean": 0.40564462185780553,
            "std": 0.24439896938648875,
            "num_values": 5
        },
        "SERP MS Divergence": {
            "mean": 0.7848370927318296,
            "std": 0.04042704403969112,
            "num_values": 5
        },
        "Pragmatic Divergence": {
            "mean": 0.22760233918128653,
            "std": 0.16680568737727197,
            "num_values": 5
        },
        "mean_rank": {
            "mean": 23.49356725146199,
            "std": 16.72494432054174,
            "num_values": 5
        }
    },
    "a Brazilian": {
        "IOU Divergence": {
            "mean": 0.9185185185185185,
            "std": 0.16296296296296298,
            "num_values": 5
        },
        "SERP MS Divergence": {
            "mean": 0.9540935672514621,
            "std": 0.09181286549707601,
            "num_values": 5
        },
        "Pragmatic Divergence": {
            "mean": 0.8663157894736842,
            "std": 0.2673684210526316,
            "num_values": 5
        },
        "mean_rank": {
            "mean": 179.7016993464052,
            "std": 79.98685204187338,
            "num_values": 5
        }
    },
    "a British": {
        "IOU Divergence": {
            "mean": 0.5898869246695334,
            "std": 0.09385254922746464,
            "num_values": 5
        },
        "SERP MS Divergence": {
            "mean": 0.806999484004128,
            "std": 0.020190484039219518,
            "num_values": 5
        },
        "Pragmatic Divergence": {
            "mean": 0.4528654970760234,
            "std": 0.08612079592873645,
            "num_values": 5
        },
        "mean_rank": {
            "mean": 29.923153594771243,
            "std": 9.72027979766581,
            "num_values": 5
        }
    },
    "a Chinese": {
        "IOU Divergence": {
            "mean": 0.7944113790053724,
            "std": 0.0926147374422136,
            "num_values": 5
        },
        "SERP MS Divergence": {
            "mean": 0.9151670843776106,
            "std": 0.0329475697241093,
            "num_values": 5
        },
        "Pragmatic Divergence": {
            "mean": 0.7807017543859649,
            "std": 0.07397695490291585,
            "num_values": 5
        },
        "mean_rank": {
            "mean": 117.89150326797385,
            "std": 89.9830708110937,
            "num_values": 5
        }
    },
    "a French": {
        "IOU Divergence": {
            "mean": 0.7263257575757576,
            "std": 0.12946845576297425,
            "num_values": 5
        },
        "SERP MS Divergence": {
            "mean": 0.8796648483954985,
            "std": 0.03162538153605706,
            "num_values": 5
        },
        "Pragmatic Divergence": {
            "mean": 0.6497076023391812,
            "std": 0.1358810657647996,
            "num_values": 5
        },
        "mean_rank": {
            "mean": 42.81995184038528,
            "std": 12.13012836837378,
            "num_values": 5
        }
    },
    "a German": {
        "IOU Divergence": {
            "mean": 0.7724929971988795,
            "std": 0.07354835556956998,
            "num_values": 5
        },
        "SERP MS Divergence": {
            "mean": 0.8893343653250774,
            "std": 0.02456865480611798,
            "num_values": 5
        },
        "Pragmatic Divergence": {
            "mean": 0.6949707602339181,
            "std": 0.06490290222540537,
            "num_values": 5
        },
        "mean_rank": {
            "mean": 55.71145510835913,
            "std": 19.350735771456367,
            "num_values": 5
        }
    },
    "a Japanese": {
        "IOU Divergence": {
            "mean": 0.7924809219875634,
            "std": 0.08054859482676625,
            "num_values": 5
        },
        "SERP MS Divergence": {
            "mean": 0.9074561403508772,
            "std": 0.03457409153511641,
            "num_values": 5
        },
        "Pragmatic Divergence": {
            "mean": 0.7588304093567253,
            "std": 0.10806701091541583,
            "num_values": 5
        },
        "mean_rank": {
            "mean": 49.91754385964912,
            "std": 12.091341317878209,
            "num_values": 5
        }
    },
    "a girl": {
        "IOU Divergence": {
            "mean": 0.5052968191229061,
            "std": 0.15645990276598587,
            "num_values": 5
        },
        "SERP MS Divergence": {
            "mean": 0.7969089390142022,
            "std": 0.04566948770065719,
            "num_values": 5
        },
        "Pragmatic Divergence": {
            "mean": 0.3818713450292398,
            "std": 0.11574811713439068,
            "num_values": 5
        },
        "mean_rank": {
            "mean": 34.24354575163399,
            "std": 8.618894953097241,
            "num_values": 5
        }
    },
    "a boy": {
        "IOU Divergence": {
            "mean": 0.48289855072463767,
            "std": 0.10380017317148652,
            "num_values": 5
        },
        "SERP MS Divergence": {
            "mean": 0.7795906432748537,
            "std": 0.028776016891655546,
            "num_values": 5
        },
        "Pragmatic Divergence": {
            "mean": 0.19847953216374267,
            "std": 0.0758555051315776,
            "num_values": 5
        },
        "mean_rank": {
            "mean": 26.58871689026488,
            "std": 11.623169421788699,
            "num_values": 5
        }
    },
    "a female": {
        "IOU Divergence": {
            "mean": 0.7091759259259259,
            "std": 0.10719264288473597,
            "num_values": 5
        },
        "SERP MS Divergence": {
            "mean": 0.8725794879355251,
            "std": 0.05318771222244901,
            "num_values": 5
        },
        "Pragmatic Divergence": {
            "mean": 0.6461988304093568,
            "std": 0.16416236944024232,
            "num_values": 5
        },
        "mean_rank": {
            "mean": 46.92895424836602,
            "std": 17.366575540001726,
            "num_values": 5
        }
    },
    "a male": {
        "IOU Divergence": {
            "mean": 0.46525752508361207,
            "std": 0.07093598778739894,
            "num_values": 5
        },
        "SERP MS Divergence": {
            "mean": 0.7871052631578949,
            "std": 0.011244337928828542,
            "num_values": 5
        },
        "Pragmatic Divergence": {
            "mean": 0.21812865497076023,
            "std": 0.07699780393278498,
            "num_values": 5
        },
        "mean_rank": {
            "mean": 18.649122807017545,
            "std": 5.253406170546517,
            "num_values": 5
        }
    },
    "an African": {
        "IOU Divergence": {
            "mean": 0.8221044546850997,
            "std": 0.07088564285833517,
            "num_values": 5
        },
        "SERP MS Divergence": {
            "mean": 0.9136487050960735,
            "std": 0.027658185343858877,
            "num_values": 5
        },
        "Pragmatic Divergence": {
            "mean": 0.7894736842105263,
            "std": 0.08817503445925713,
            "num_values": 5
        },
        "mean_rank": {
            "mean": 60.222903336773314,
            "std": 4.721590676115341,
            "num_values": 5
        }
    },
    "an Asian": {
        "IOU Divergence": {
            "mean": 0.8332019704433498,
            "std": 0.05452473858542265,
            "num_values": 5
        },
        "SERP MS Divergence": {
            "mean": 0.9047815617475059,
            "std": 0.020208147540688424,
            "num_values": 5
        },
        "Pragmatic Divergence": {
            "mean": 0.7970760233918129,
            "std": 0.03859649122807015,