{
    "neutral": {
        "mean_rank": {
            "mean": 137.0063157894737,
            "std": 41.659813354760274,
            "num_values": 5
        },
        "diversity": {
            "mean": 1.0,
            "std": 0.0,
            "num_values": 5
        }
    },
    "an American": {
        "IOU Divergence": {
            "mean": 0.7030655179322782,
            "std": 0.07106857468602686,
            "num_values": 5
        },
        "SERP MS Divergence": {
            "mean": 0.5342857142857144,
            "std": 0.15711110790379323,
            "num_values": 5
        },
        "Pragmatic Divergence": {
            "mean": 0.571578947368421,
            "std": 0.13271509484189042,
            "num_values": 5
        },
        "mean_rank": {
            "mean": 156.595,
            "std": 27.09864572261869,
            "num_values": 5
        },
        "diversity": {
            "mean": 1.0,
            "std": 0.0,
            "num_values": 5
        }
    },
    "a Brazilian": {
        "IOU Divergence": {
            "mean": 0.8450317534876358,
            "std": 0.05954407711775762,
            "num_values": 5
        },
        "SERP MS Divergence": {
            "mean": 0.7983458646616542,
            "std": 0.1189562081446748,
            "num_values": 5
        },
        "Pragmatic Divergence": {
            "mean": 0.8274853801169592,
            "std": 0.10716667460466728,
            "num_values": 5
        },
        "mean_rank": {
            "mean": 238.24789473684208,
            "std": 41.04634460631259,
            "num_values": 5
        },
        "diversity": {
            "mean": 1.0,
            "std": 0.0,
            "num_values": 5
        }
    },
    "a British": {
        "IOU Divergence": {
            "mean": 0.8491977499567632,
            "std": 0.07523991092926895,
            "num_values": 5
        },
        "SERP MS Divergence": {
            "mean": 0.713734335839599,
            "std": 0.08400281699656803,
            "num_values": 5
        },
        "Pragmatic Divergence": {
            "mean": 0.72093567251462,
            "std": 0.07329088374713716,
            "num_values": 5
        },
        "mean_rank": {
            "mean": 169.43842105263155,
            "std": 26.64546094402699,
            "num_values": 5
        },
        "diversity": {
            "mean": 0.97,
            "std": 0.06000000000000001,
            "num_values": 5
        }
    },
    "a Chinese": {
        "IOU Divergence": {
            "mean": 0.8297202797202796,
            "std": 0.07654104469411942,
            "num_values": 5
        },
        "SERP MS Divergence": {
            "mean": 0.7894235588972431,
            "std": 0.13520752983430212,
            "num_values": 5
        },
        "Pragmatic Divergence": {
            "mean": 0.8149707602339182,
            "std": 0.13253768967620647,
            "num_values": 5
        },
        "mean_rank": {
            "mean": 202.45,
            "std": 23.368953763487145,
            "num_values": 5
        },
        "diversity": {
            "mean": 0.99,
            "std": 0.020000000000000018,
            "num_values": 5
        }
    },
    "a French": {
        "IOU Divergence": {
            "mean": 0.8608217784688372,
            "std": 0.12013161601816069,
            "num_values": 5
        },
        "SERP MS Divergence": {
            "mean": 0.7816541353383458,
            "std": 0.16679783784286092,
            "num_values": 5
        },
        "Pragmatic Divergence": {
            "mean": 0.8061988304093568,
            "std": 0.13630503895129573,
            "num_values": 5
        },
        "mean_rank": {
            "mean": 83.44619883040936,
            "std": 31.58870244443488,
            "num_values": 5
        },
        "diversity": {
            "mean": 1.0,
            "std": 0.0,
            "num_values": 5
        }
    },
    "a German": {
        "IOU Divergence": {
            "mean": 0.8593801746742923,
            "std": 0.04990987305173738,
            "num_values": 5
        },
        "SERP MS Divergence": {
            "mean": 0.7023558897243107,
            "std": 0.12056972854154317,
            "num_values": 5
        },
        "Pragmatic Divergence": {
            "mean": 0.7029239766081872,
            "std": 0.12304126920551597,
            "num_values": 5
        },
        "mean_rank": {
            "mean": 149.56421052631578,
            "std": 66.42344297975917,
            "num_values": 5
        },
        "diversity": {
            "mean": 1.0,
            "std": 0.0,
            "num_values": 5
        }
    },
    "a Japanese": {
        "IOU Divergence": {
            "mean": 0.8888545688545688,
            "std": 0.0604765723681291,
            "num_values": 5
        },
        "SERP MS Divergence": {
            "mean": 0.818045112781955,
            "std": 0.09346321343314484,
            "num_values": 5
        },
        "Pragmatic Divergence": {
            "mean": 0.819766081871345,
            "std": 0.08168265641628973,
            "num_values": 5
        },
        "mean_rank": {
            "mean": 83.20980392156864,
            "std": 24.954064704008164,
            "num_values": 5
        },
        "diversity": {
            "mean": 1.0,
            "std": 0.0,
            "num_values": 5
        }
    },
    "a girl": {
        "IOU Divergence": {
            "mean": 0.6839954928275285,
            "std": 0.08438082292384905,
            "num_values": 5
        },
        "SERP MS Divergence": {
            "mean": 0.5348872180451127,
            "std": 0.17295095609990643,
            "num_values": 5
        },
        "Pragmatic Divergence": {
            "mean": 0.5895906432748538,
            "std": 0.1622481501518399,
            "num_values": 5
        },
        "mean_rank": {
            "mean": 158.9073684210526,
            "std": 33.87329341307395,
            "num_values": 5
        },
        "diversity": {
            "mean": 1.0,
            "std": 0.0,
            "num_values": 5
        }
    },
    "a boy": {
        "IOU Divergence": {
            "mean": 0.7117136886102402,
            "std": 0.05626146043505669,
            "num_values": 5
        },
        "SERP MS Divergence": {
            "mean": 0.4976441102756892,
            "std": 0.11736150359836289,
            "num_values": 5
        },
        "Pragmatic Divergence": {
            "mean": 0.5018713450292398,
            "std": 0.1279686104256285,
            "num_values": 5
        },
        "mean_rank": {
            "mean": 126.98578947368419,
            "std": 12.963250806342673,
            "num_values": 5
        },
        "diversity": {
            "mean": 1.0,
            "std": 0.0,
            "num_values": 5
        }
    },
    "a female": {
        "IOU Divergence": {
            "mean": 0.6797247246635456,
            "std": 0.11587003984427276,
            "num_values": 5
        },
        "SERP MS Divergence": {
            "mean": 0.47328320802005014,
            "std": 0.14016480684109783,
            "num_values": 5
        },
        "Pragmatic Divergence": {
            "mean": 0.5237426900584795,
            "std": 0.13947318155536084,
            "num_values": 5
        },
        "mean_rank": {
            "mean": 128.4411111111111,
            "std": 45.20383322542022,
            "num_values": 5
        },
        "diversity": {
            "mean": 1.0,
            "std": 0.0,
            "num_values": 5
        }
    },
    "a male": {
        "IOU Divergence": {
            "mean": 0.6288359788359789,
            "std": 0.14679464857499455,
            "num_values": 5
        },
        "SERP MS Divergence": {
            "mean": 0.4112280701754386,
            "std": 0.20792433102903782,
            "num_values": 5
        },
        "Pragmatic Divergence": {
            "mean": 0.4295906432748538,
            "std": 0.220374466399786,