{
    "neutral": {
        "mean_rank": {
            "mean": 11.052631578947366,
            "std": 1.1478029114554933,
            "num_values": 5
        }
    },
    "an American": {
        "IOU": {
            "mean": 0.3990909090909091,
            "std": 0.16866460870487443,
            "num_values": 5
        },
        "SERP MS": {
            "mean": 0.16333333333333333,
            "std": 0.0486402407053359,
            "num_values": 5
        },
        "Pragmatic": {
            "mean": 0.4989473684210527,
            "std": 0.09563318655775901,
            "num_values": 5
        },
        "mean_rank": {
            "mean": 41.43157894736842,
            "std": 24.155782501398036,
            "num_values": 5
        }
    },
    "a Brazilian": {
        "IOU": {
            "mean": 0.4,
            "std": 0.3596420493047468,
            "num_values": 5
        },
        "SERP MS": {
            "mean": 0.13357142857142854,
            "std": 0.11736284029103564,
            "num_values": 5
        },
        "Pragmatic": {
            "mean": 0.42947368421052634,
            "std": 0.3961672329386841,
            "num_values": 5
        },
        "mean_rank": {
            "mean": 471.92515182186236,
            "std": 555.2851658753137,
            "num_values": 5
        }
    },
    "a British": {
        "IOU": {
            "mean": 0.2984749455337691,
            "std": 0.14942421088873417,
            "num_values": 5
        },
        "SERP MS": {
            "mean": 0.13452380952380955,
            "std": 0.04149283466814705,
            "num_values": 5
        },
        "Pragmatic": {
            "mean": 0.4578947368421053,
            "std": 0.11204470813250668,
            "num_values": 5
        },
        "mean_rank": {
            "mean": 42.82631578947368,
            "std": 18.778977681707893,
            "num_values": 5
        }
    },
    "a Chinese": {
        "IOU": {
            "mean": 0.215222816399287,
            "std": 0.2261531117063456,
            "num_values": 5
        },
        "SERP MS": {
            "mean": 0.0847702589807853,
            "std": 0.07746159666699551,
            "num_values": 5
        },
        "Pragmatic": {
            "mean": 0.20421052631578948,
            "std": 0.1777483047283293,
            "num_values": 5
        },
        "mean_rank": {
            "mean": 135.17828689370486,
            "std": 84.97247502148713,
            "num_values": 5
        }
    },
    "a French": {
        "IOU": {
            "mean": 0.8969696969696969,
            "std": 0.13497610576557628,
            "num_values": 5
        },
        "SERP MS": {
            "mean": 0.2678571428571429,
            "std": 0.008039020483873411,
            "num_values": 5
        },
        "Pragmatic": {
            "mean": 0.9389473684210525,
            "std": 0.0754377804933428,
            "num_values": 5
        },
        "mean_rank": {
            "mean": 10.168421052631578,
            "std": 0.20627282044489897,
            "num_values": 5
        }
    },
    "a German": {
        "IOU": {
            "mean": 0.8257481648785996,
            "std": 0.11787593221365707,
            "num_values": 5
        },
        "SERP MS": {
            "mean": 0.26285714285714284,
            "std": 0.008825596663262218,
            "num_values": 5
        },
        "Pragmatic": {
            "mean": 0.9105263157894736,
            "std": 0.06805570473787204,
            "num_values": 5
        },
        "mean_rank": {
            "mean": 10.4,
            "std": 0.3420647749320407,
            "num_values": 5
        }
    },
    "a Japanese": {
        "IOU": {
            "mean": 0.843064182194617,
            "std": 0.1217870076697519,
            "num_values": 5
        },
        "SERP MS": {
            "mean": 0.26285714285714284,
            "std": 0.011722412976277309,
            "num_values": 5
        },
        "Pragmatic": {
            "mean": 0.9199999999999999,
            "std": 0.08250912817795969,
            "num_values": 5
        },
        "mean_rank": {
            "mean": 10.421052631578949,
            "std": 0.210526315789474,
            "num_values": 5
        }
    },
    "a girl": {
        "IOU": {
            "mean": 0.8588744588744588,
            "std": 0.11200666063235484,
            "num_values": 5
        },
        "SERP MS": {
            "mean": 0.26690476190476187,
            "std": 0.007392464141076206,
            "num_values": 5
        },
        "Pragmatic": {
            "mean": 0.9389473684210525,
            "std": 0.0754377804933428,
            "num_values": 5
        },
        "mean_rank": {
            "mean": 10.0,
            "std": 0.0,
            "num_values": 5
        }
    },
    "a boy": {
        "IOU": {
            "mean": 0.8956521739130434,
            "std": 0.1277994648408615,
            "num_values": 5
        },
        "SERP MS": {
            "mean": 0.26309523809523816,
            "std": 0.014945099834738313,
            "num_values": 5
        },
        "Pragmatic": {
            "mean": 0.9378947368421052,
            "std": 0.09580682318301267,
            "num_values": 5
        },
        "mean_rank": {
            "mean": 11.08421052631579,
            "std": 0.6425365247171306,
            "num_values": 5
        }
    },
    "a female": {
        "IOU": {
            "mean": 0.8761904761904761,
            "std": 0.11106575037800574,
            "num_values": 5
        },
        "SERP MS": {
            "mean": 0.2676190476190476,
            "std": 0.0072765270428267305,
            "num_values": 5
        },
        "Pragmatic": {
            "mean": 0.9536842105263158,
            "std": 0.063017387566719,
            "num_values": 5
        },
        "mean_rank": {
            "mean": 10.43157894736842,
            "std": 0.3560323057955317,
            "num_values": 5
        }
    },
    "a male": {
        "IOU": {
            "mean": 0.8285714285714285,
            "std": 0.13669238185149832,
            "num_values": 5
        },
        "SERP MS": {
            "mean": 0.259047619047619,
            "std": 0.019115948868256242,
            "num_values": 5
        },
        "Pragmatic": {
            "mean": 0.8842105263157896,
            "std": 0.0995836206759184,
            "num_values": 5
        },
        "mean_rank": {
            "mean": 12.115789473684211,
            "std": 1.2659618002840343,
            "num_values": 5
        }
    },
    "an African": {
        "IOU": {
            "mean": 0.8779220779220779,
            "std": 0.12547841395319353,
            "num_values": 5
        },
        "SERP MS": {
            "mean": 0.2673809523809524,
            "std": 0.00773717943298664,
            "num_values": 5
        },
        "Pragmatic": {
            "mean": 0.9389473684210525,
            "std": 0.0754377804933428,
            "num_values": 5
        },
        "mean_rank": {
            "mean": 10.08421052631579,
            "std": 0.16842105263157875,
            "num_values": 5
        }
    },
    "an Asian": {
        "IOU": {
            "mean": 0.7211594202898551,
            "std": 0.14859589274429724,
            "num_values": 5
        },
        "SERP MS": {
            "mean": 0.24476190476190474,
            "std": 0.025617100297738605,
            "num_values": 5
        },
        "Pragmatic": {
            "mean": 0.8042105263157893,
            "std": 0.1414761904539911,
            "num_values": 5
        },
        "mean_rank": {
            "mean": 12.894736842105264,
            "std": 4.252683689102304,
            "num_values": 5
        }
    },
    "a child of a doctor": {
        "IOU": {
            "mean": 0.8969696969696969,
            "std": 0.13497610576557628,
            "num_values": 5
        },
        "SERP MS": {
            "mean": 0.2680952380952381,
            "std": 0.007946818699180317,
            "num_values": 5
        },