{
    "neutral": {
        "mean_rank": {
            "mean": 138.025,
            "std": 105.94339290394657,
            "num_values": 5
        },
        "diversity": {
            "mean": 0.975,
            "std": 0.049999999999999996,
            "num_values": 5
        }
    },
    "an American": {
        "IOU Divergence": {
            "mean": 0.8111471861471863,
            "std": 0.20150747912726513,
            "num_values": 5
        },
        "SERP MS Divergence": {
            "mean": 0.6586466165413534,
            "std": 0.3829313129987338,
            "num_values": 5
        },
        "Pragmatic Divergence": {
            "mean": 0.6330065359477125,
            "std": 0.41527549851369866,
            "num_values": 5
        },
        "mean_rank": {
            "mean": 191.4526406926407,
            "std": 95.98306200781047,
            "num_values": 5
        },
        "diversity": {
            "mean": 1.0,
            "std": 0.0,
            "num_values": 5
        }
    },
    "a Brazilian": {
        "IOU Divergence": {
            "mean": 0.8496043956043955,
            "std": 0.11301243463679408,
            "num_values": 5
        },
        "SERP MS Divergence": {
            "mean": 0.7126959555752126,
            "std": 0.2743713084429039,
            "num_values": 5
        },
        "Pragmatic Divergence": {
            "mean": 0.6937301587301589,
            "std": 0.29923794831975026,
            "num_values": 5
        },
        "mean_rank": {
            "mean": 188.31070707070708,
            "std": 35.594893714765504,
            "num_values": 5
        },
        "diversity": {
            "mean": 1.0,
            "std": 0.0,
            "num_values": 5
        }
    },
    "a British": {
        "IOU Divergence": {
            "mean": 0.8761403508771931,
            "std": 0.14158838603450197,
            "num_values": 5
        },
        "SERP MS Divergence": {
            "mean": 0.7570126296132488,
            "std": 0.2790205163696876,
            "num_values": 5
        },
        "Pragmatic Divergence": {
            "mean": 0.7453874883286647,
            "std": 0.3089676831073279,
            "num_values": 5
        },
        "mean_rank": {
            "mean": 223.96190476190478,
            "std": 97.61714934275119,
            "num_values": 5
        },
        "diversity": {
            "mean": 1.0,
            "std": 0.0,
            "num_values": 5
        }
    },
    "a Chinese": {
        "IOU Divergence": {
            "mean": 0.8399206349206348,
            "std": 0.11869673156474095,
            "num_values": 5
        },
        "SERP MS Divergence": {
            "mean": 0.7123777581207923,
            "std": 0.2518166131888996,
            "num_values": 5
        },
        "Pragmatic Divergence": {
            "mean": 0.6906442577030812,
            "std": 0.28254497370113696,
            "num_values": 5
        },
        "mean_rank": {
            "mean": 186.95357142857142,
            "std": 46.35583869567175,
            "num_values": 5
        },
        "diversity": {
            "mean": 1.0,
            "std": 0.0,
            "num_values": 5
        }
    },
    "a French": {
        "IOU Divergence": {
            "mean": 0.8322066822066821,
            "std": 0.1670699113494786,
            "num_values": 5
        },
        "SERP MS Divergence": {
            "mean": 0.6875939849624061,
            "std": 0.31372139781222247,
            "num_values": 5
        },
        "Pragmatic Divergence": {
            "mean": 0.6620915032679738,
            "std": 0.34601194261678625,
            "num_values": 5
        },
        "mean_rank": {
            "mean": 224.48690476190478,
            "std": 66.91075176542303,
            "num_values": 5
        },
        "diversity": {
            "mean": 1.0,
            "std": 0.0,
            "num_values": 5
        }
    },
    "a German": {
        "IOU Divergence": {
            "mean": 0.892415458937198,
            "std": 0.1697345315410534,
            "num_values": 5
        },
        "SERP MS Divergence": {
            "mean": 0.8218045112781956,
            "std": 0.30466996700576926,
            "num_values": 5
        },
        "Pragmatic Divergence": {
            "mean": 0.80765639589169,
            "std": 0.3332211126996849,
            "num_values": 5
        },
        "mean_rank": {
            "mean": 221.5504761904762,
            "std": 94.50247011612917,
            "num_values": 5
        },
        "diversity": {
            "mean": 1.0,
            "std": 0.0,
            "num_values": 5
        }
    },
    "a Japanese": {
        "IOU Divergence": {
            "mean": 0.8166642246642247,
            "std": 0.19040346603287805,
            "num_values": 5
        },
        "SERP MS Divergence": {
            "mean": 0.6773600668337509,
            "std": 0.35327309857516564,
            "num_values": 5
        },
        "Pragmatic Divergence": {
            "mean": 0.6647992530345471,
            "std": 0.3710978948344001,
            "num_values": 5
        },
        "mean_rank": {
            "mean": 229.4333333333333,
            "std": 55.249510807286285,
            "num_values": 5
        },
        "diversity": {
            "mean": 1.0,
            "std": 0.0,
            "num_values": 5
        }
    },
    "a girl": {
        "IOU Divergence": {
            "mean": 0.778939393939394,
            "std": 0.17585707737272133,
            "num_values": 5
        },
        "SERP MS Divergence": {
            "mean": 0.5736006683375104,
            "std": 0.33057995103835347,
            "num_values": 5
        },
        "Pragmatic Divergence": {
            "mean": 0.5790662931839403,
            "std": 0.3282070830284982,
            "num_values": 5
        },
        "mean_rank": {
            "mean": 191.58928571428572,
            "std": 33.44347576775733,
            "num_values": 5
        },
        "diversity": {
            "mean": 0.9875,
            "std": 0.024999999999999998,
            "num_values": 5
        }
    },
    "a boy": {
        "IOU Divergence": {
            "mean": 0.8317045273567013,
            "std": 0.12728766619867934,
            "num_values": 5
        },
        "SERP MS Divergence": {
            "mean": 0.6151739643225712,
            "std": 0.31654104628582436,
            "num_values": 5
        },
        "Pragmatic Divergence": {
            "mean": 0.6102567693744165,
            "std": 0.3237638534946259,
            "num_values": 5
        },
        "mean_rank": {
            "mean": 172.28754385964913,
            "std": 107.51455302353166,
            "num_values": 5
        },
        "diversity": {
            "mean": 0.968421052631579,
            "std": 0.06315789473684212,
            "num_values": 5
        }
    },
    "a female": {
        "IOU Divergence": {
            "mean": 0.8732600732600734,
            "std": 0.14167066229143221,
            "num_values": 5
        },
        "SERP MS Divergence": {
            "mean": 0.7873015873015873,
            "std": 0.22214567842733413,
            "num_values": 5
        },
        "Pragmatic Divergence": {
            "mean": 0.7338468720821661,
            "std": 0.3009347497384033,
            "num_values": 5
        },
        "mean_rank": {
            "mean": 213.85006493506495,
            "std": 97.49199977176274,
            "num_values": 5
        },
        "diversity": {
            "mean": 1.0,
            "std": 0.0,
            "num_values": 5
        }
    },
    "a male": {
        "IOU Divergence": {
            "mean": 0.6681372549019609,
            "std": 0.37813027745498173,
            "num_values": 5
        },
        "SERP MS Divergence": {
            "mean": 0.5500417710944026,
            "std": 0.40894517101887123,
            "num_values": 5
        },
        "Pragmatic Divergence": {
            "mean": 0.5344070961718022,