{
    "neutral": {
        "mean_rank": {
            "mean": 71.03,
            "std": 11.568695307212096,
            "num_values": 5
        },
        "diversity": {
            "mean": 1.0,
            "std": 0.0,
            "num_values": 5
        }
    },
    "an American": {
        "IOU Divergence": {
            "mean": 0.6950641025641026,
            "std": 0.1331297138510377,
            "num_values": 5
        },
        "SERP MS Divergence": {
            "mean": 0.38603174603174606,
            "std": 0.23509946003734533,
            "num_values": 5
        },
        "Pragmatic Divergence": {
            "mean": 0.3352380952380952,
            "std": 0.25785791232352323,
            "num_values": 5
        },
        "mean_rank": {
            "mean": 57.04075036075036,
            "std": 11.171731597099912,
            "num_values": 5
        },
        "diversity": {
            "mean": 1.0,
            "std": 0.0,
            "num_values": 5
        }
    },
    "a Brazilian": {
        "IOU Divergence": {
            "mean": 0.9158730158730158,
            "std": 0.07091526318631323,
            "num_values": 5
        },
        "SERP MS Divergence": {
            "mean": 0.875079365079365,
            "std": 0.11215788101880476,
            "num_values": 5
        },
        "Pragmatic Divergence": {
            "mean": 0.8714285714285716,
            "std": 0.12380952380952379,
            "num_values": 5
        },
        "mean_rank": {
            "mean": 66.55,
            "std": 43.86923751331906,
            "num_values": 5
        },
        "diversity": {
            "mean": 1.0,
            "std": 0.0,
            "num_values": 5
        }
    },
    "a British": {
        "IOU Divergence": {
            "mean": 0.7294444444444445,
            "std": 0.06999999999999999,
            "num_values": 5
        },
        "SERP MS Divergence": {
            "mean": 0.683968253968254,
            "std": 0.21363947232911387,
            "num_values": 5
        },
        "Pragmatic Divergence": {
            "mean": 0.4947619047619048,
            "std": 0.2329559630608832,
            "num_values": 5
        },
        "mean_rank": {
            "mean": 52.65714285714286,
            "std": 49.45082901019879,
            "num_values": 5
        },
        "diversity": {
            "mean": 1.0,
            "std": 0.0,
            "num_values": 5
        }
    },
    "a Chinese": {
        "IOU Divergence": {
            "mean": 0.7911904761904763,
            "std": 0.12677671553131128,
            "num_values": 5
        },
        "SERP MS Divergence": {
            "mean": 0.6441269841269841,
            "std": 0.2572729437754608,
            "num_values": 5
        },
        "Pragmatic Divergence": {
            "mean": 0.6052380952380952,
            "std": 0.3038617659218015,
            "num_values": 5
        },
        "mean_rank": {
            "mean": 122.02333333333335,
            "std": 61.496413264876225,
            "num_values": 5
        },
        "diversity": {
            "mean": 0.9099999999999999,
            "std": 0.11135528725660043,
            "num_values": 5
        }
    },
    "a French": {
        "IOU Divergence": {
            "mean": 0.9103174603174603,
            "std": 0.08546406746648763,
            "num_values": 5
        },
        "SERP MS Divergence": {
            "mean": 0.9,
            "std": 0.13333333333333336,
            "num_values": 5
        },
        "Pragmatic Divergence": {
            "mean": 0.8519047619047619,
            "std": 0.14347801588774461,
            "num_values": 5
        },
        "mean_rank": {
            "mean": 118.92222222222222,
            "std": 34.709617267613275,
            "num_values": 5
        },
        "diversity": {
            "mean": 1.0,
            "std": 0.0,
            "num_values": 5
        }
    },
    "a Japanese": {
        "IOU Divergence": {
            "mean": 0.9380952380952381,
            "std": 0.07619047619047617,
            "num_values": 5
        },
        "SERP MS Divergence": {
            "mean": 0.862857142857143,
            "std": 0.17180910146711897,
            "num_values": 5
        },
        "Pragmatic Divergence": {
            "mean": 0.8333333333333334,
            "std": 0.21081851067789195,
            "num_values": 5
        },
        "mean_rank": {
            "mean": 114.16666666666667,
            "std": 88.10587065822824,
            "num_values": 5
        },
        "diversity": {
            "mean": 1.0,
            "std": 0.0,
            "num_values": 5
        }
    },
    "a girl": {
        "IOU Divergence": {
            "mean": 0.7791208791208792,
            "std": 0.08210032547901468,
            "num_values": 5
        },
        "SERP MS Divergence": {
            "mean": 0.3979365079365079,
            "std": 0.16757695479174292,
            "num_values": 5
        },
        "Pragmatic Divergence": {
            "mean": 0.36,
            "std": 0.18306040290327977,
            "num_values": 5
        },
        "mean_rank": {
            "mean": 62.741010101010104,
            "std": 23.04236370890229,
            "num_values": 5
        },
        "diversity": {
            "mean": 1.0,
            "std": 0.0,
            "num_values": 5
        }
    },
    "a boy": {
        "IOU Divergence": {
            "mean": 0.6974229691876751,
            "std": 0.11477030371370467,
            "num_values": 5
        },
        "SERP MS Divergence": {
            "mean": 0.3523809523809524,
            "std": 0.19333567908499513,
            "num_values": 5
        },
        "Pragmatic Divergence": {
            "mean": 0.3295238095238095,
            "std": 0.2179142522075891,
            "num_values": 5
        },
        "mean_rank": {
            "mean": 53.435714285714276,
            "std": 23.499111501727512,
            "num_values": 5
        },
        "diversity": {
            "mean": 0.9857142857142858,
            "std": 0.02857142857142856,
            "num_values": 5
        }
    },
    "a female": {
        "IOU Divergence": {
            "mean": 0.6994949494949495,
            "std": 0.11863850293275231,
            "num_values": 5
        },
        "SERP MS Divergence": {
            "mean": 0.3606349206349207,
            "std": 0.057013963979777135,
            "num_values": 5
        },
        "Pragmatic Divergence": {
            "mean": 0.3523809523809524,
            "std": 0.12340593560810055,
            "num_values": 5
        },
        "mean_rank": {
            "mean": 80.55904761904762,
            "std": 49.00699895408063,
            "num_values": 5
        },
        "diversity": {
            "mean": 0.9800000000000001,
            "std": 0.039999999999999994,
            "num_values": 5
        }
    },
    "a male": {
        "IOU Divergence": {
            "mean": 0.446904761904762,
            "std": 0.20182219785366837,
            "num_values": 5
        },
        "SERP MS Divergence": {
            "mean": 0.21777777777777785,
            "std": 0.19113484006038256,
            "num_values": 5
        },
        "Pragmatic Divergence": {
            "mean": 0.21619047619047618,
            "std": 0.17575493141976797,
            "num_values": 5
        },
        "mean_rank": {
            "mean": 63.91111111111111,
            "std": 23.70039456304347,
            "num_values": 5
        },
        "diversity": {
            "mean": 0.9714285714285715,
            "std": 0.05714285714285716,
            "num_values": 5
        }
    },
    "an African": {
        "IOU Divergence": {
            "mean": 0.8766666666666667,
            "std": 0.10413666234542206,
            "num_values": 5
        },
        "SERP MS Divergence": {
            "mean": 0.7771428571428571,
            "std": 0.1832535386027534,
            "num_values": 5
        },
        "Pragmatic Divergence": {
            "mean": 0.7533333333333333,