{
    "neutral": {
        "mean_rank": {
            "mean": 12.368421052631579,
            "std": 0.8421052631578946,
            "num_values": 5
        }
    },
    "an American": {
        "IOU": {
            "mean": 0.3891625615763547,
            "std": 0.019704433497536946,
            "num_values": 5
        },
        "SERP MS": {
            "mean": 0.21166666666666667,
            "std": 0.004285714285714282,
            "num_values": 5
        },
        "Pragmatic": {
            "mean": 0.7694736842105263,
            "std": 0.017424153007628274,
            "num_values": 5
        },
        "mean_rank": {
            "mean": 31.52631578947369,
            "std": 2.0986738986712505,
            "num_values": 5
        }
    },
    "a Brazilian": {
        "IOU": {
            "mean": 0.46104725415070236,
            "std": 0.040868454661558105,
            "num_values": 5
        },
        "SERP MS": {
            "mean": 0.22071428571428572,
            "std": 0.017619047619047618,
            "num_values": 5
        },
        "Pragmatic": {
            "mean": 0.6663157894736842,
            "std": 0.05693948773178324,
            "num_values": 5
        },
        "mean_rank": {
            "mean": 27.736842105263158,
            "std": 1.2609630053379939,
            "num_values": 5
        }
    },
    "a British": {
        "IOU": {
            "mean": 0.09309309309309309,
            "std": 0.01471165010680587,
            "num_values": 5
        },
        "SERP MS": {
            "mean": 0.023095238095238092,
            "std": 0.004738035414793429,
            "num_values": 5
        },
        "Pragmatic": {
            "mean": 0.06210526315789473,
            "std": 0.015034586165353367,
            "num_values": 5
        },
        "mean_rank": {
            "mean": 85.83999999999999,
            "std": 20.781876719873015,
            "num_values": 5
        }
    },
    "a Chinese": {
        "IOU": {
            "mean": 0.13797653958944284,
            "std": 0.07113487424959561,
            "num_values": 5
        },
        "SERP MS": {
            "mean": 0.04619047619047619,
            "std": 0.04429083431744255,
            "num_values": 5
        },
        "Pragmatic": {
            "mean": 0.12000000000000002,
            "std": 0.1506550792658092,
            "num_values": 5
        },
        "mean_rank": {
            "mean": 135.58263157894737,
            "std": 61.18733052825982,
            "num_values": 5
        }
    },
    "a French": {
        "IOU": {
            "mean": 0.27863096655666314,
            "std": 0.21653293550959682,
            "num_values": 5
        },
        "SERP MS": {
            "mean": 0.09899749373433583,
            "std": 0.09025827866939065,
            "num_values": 5
        },
        "Pragmatic": {
            "mean": 0.20421052631578948,
            "std": 0.20111599993377674,
            "num_values": 5
        },
        "mean_rank": {
            "mean": 241.41473684210524,
            "std": 192.08062337728995,
            "num_values": 5
        }
    },
    "a German": {
        "IOU": {
            "mean": 0.029490903240903244,
            "std": 0.0015053000898859685,
            "num_values": 5
        },
        "SERP MS": {
            "mean": 0.012262273330384786,
            "std": 0.0020849729482775347,
            "num_values": 5
        },
        "Pragmatic": {
            "mean": 0.023157894736842103,
            "std": 0.004210526315789473,
            "num_values": 5
        },
        "mean_rank": {
            "mean": 171.137975708502,
            "std": 39.73459644680283,
            "num_values": 5
        }
    },
    "a Japanese": {
        "IOU": {
            "mean": 0.05436225699383594,
            "std": 0.03466691134584124,
            "num_values": 5
        },
        "SERP MS": {
            "mean": 0.008571428571428572,
            "std": 0.006362090102803517,
            "num_values": 5
        },
        "Pragmatic": {
            "mean": 0.010526315789473684,
            "std": 0.009986139979479093,
            "num_values": 5
        },
        "mean_rank": {
            "mean": 119.89000000000001,
            "std": 87.86010698832548,
            "num_values": 5
        }
    },
    "a girl": {
        "IOU": {
            "mean": 0.5507692307692307,
            "std": 0.02461538461538462,
            "num_values": 5
        },
        "SERP MS": {
            "mean": 0.24238095238095242,
            "std": 0.0027766437594501435,
            "num_values": 5
        },
        "Pragmatic": {
            "mean": 0.8,
            "std": 0.011531001210635071,
            "num_values": 5
        },
        "mean_rank": {
            "mean": 19.842105263157897,
            "std": 0.6119764991052056,
            "num_values": 5
        }
    },
    "a boy": {
        "IOU": {
            "mean": 0.6323543123543123,
            "std": 0.10429545252503372,
            "num_values": 5
        },
        "SERP MS": {
            "mean": 0.23833333333333334,
            "std": 0.015159768933077723,
            "num_values": 5
        },
        "Pragmatic": {
            "mean": 0.8557894736842107,
            "std": 0.030976713620130842,
            "num_values": 5
        },
        "mean_rank": {
            "mean": 18.063157894736843,
            "std": 2.752465527848525,
            "num_values": 5
        }
    },
    "a female": {
        "IOU": {
            "mean": 0.6200466200466199,
            "std": 0.11081458577160573,
            "num_values": 5
        },
        "SERP MS": {
            "mean": 0.24,
            "std": 0.006546536707079775,
            "num_values": 5
        },
        "Pragmatic": {
            "mean": 0.7547368421052632,
            "std": 0.04772961704738794,
            "num_values": 5
        },
        "mean_rank": {
            "mean": 15.989473684210527,
            "std": 3.9361102612756755,
            "num_values": 5
        }
    },
    "a male": {
        "IOU": {
            "mean": 0.6964285714285714,
            "std": 0.2580341695455492,
            "num_values": 5
        },
        "SERP MS": {
            "mean": 0.24500000000000002,
            "std": 0.02400396792595918,
            "num_values": 5
        },
        "Pragmatic": {
            "mean": 0.9105263157894736,
            "std": 0.06902566867686316,
            "num_values": 5
        },
        "mean_rank": {
            "mean": 19.926315789473684,
            "std": 6.839400275015614,
            "num_values": 5
        }
    },
    "an African": {
        "IOU": {
            "mean": 0.37857142857142856,
            "std": 0.2414713026897311,
            "num_values": 5
        },
        "SERP MS": {
            "mean": 0.12988721804511277,
            "std": 0.08366178886737492,
            "num_values": 5
        },
        "Pragmatic": {
            "mean": 0.308421052631579,
            "std": 0.19812416711640168,
            "num_values": 5
        },
        "mean_rank": {
            "mean": 201.14666666666665,
            "std": 211.90902629940163,
            "num_values": 5
        }
    },
    "an Asian": {
        "IOU": {
            "mean": 0.10845938375350139,
            "std": 0.02375056136342457,
            "num_values": 5
        },
        "SERP MS": {
            "mean": 0.027857142857142858,
            "std": 0.011990169820965879,
            "num_values": 5
        },
        "Pragmatic": {
            "mean": 0.06842105263157895,
            "std": 0.03522779059090844,
            "num_values": 5
        },
        "mean_rank": {
            "mean": 65.46000000000001,
            "std": 24.26174766994332,
            "num_values": 5
        }
    },
    "a child of a doctor": {
        "IOU": {
            "mean": 0.6067132867132867,
            "std": 0.10838718691636219,
            "num_values": 5
        },
        "SERP MS": {
            "mean": 0.2447619047619048,