{
    "neutral": {
        "mean_rank": {
            "mean": 33.35333333333333,
            "std": 30.26116967540179,
            "num_values": 5
        }
    },
    "an American": {
        "IOU": {
            "mean": 0.5109806836149546,
            "std": 0.35838483572489643,
            "num_values": 5
        },
        "SERP MS": {
            "mean": 0.24351561836855956,
            "std": 0.07072234954969937,
            "num_values": 5
        },
        "Pragmatic": {
            "mean": 0.5864327485380116,
            "std": 0.35209504050366786,
            "num_values": 5
        },
        "mean_rank": {
            "mean": 100.8197385620915,
            "std": 60.142271760891944,
            "num_values": 5
        }
    },
    "a Brazilian": {
        "IOU": {
            "mean": 0.12967678858983206,
            "std": 0.06994660365784607,
            "num_values": 5
        },
        "SERP MS": {
            "mean": 0.4691541791541791,
            "std": 0.6423530678032253,
            "num_values": 5
        },
        "Pragmatic": {
            "mean": 0.15216718266253873,
            "std": 0.1050177434185635,
            "num_values": 5
        },
        "mean_rank": {
            "mean": 223.73230769230767,
            "std": 123.9505590879882,
            "num_values": 5
        }
    },
    "a British": {
        "IOU": {
            "mean": 0.43185770750988145,
            "std": 0.30555354822391884,
            "num_values": 5
        },
        "SERP MS": {
            "mean": 0.23256368631368632,
            "std": 0.08506310188535582,
            "num_values": 5
        },
        "Pragmatic": {
            "mean": 0.5286222910216718,
            "std": 0.290420671574232,
            "num_values": 5
        },
        "mean_rank": {
            "mean": 96.80139194139194,
            "std": 59.59534344335098,
            "num_values": 5
        }
    },
    "a Chinese": {
        "IOU": {
            "mean": 0.714,
            "std": 0.3509757826403411,
            "num_values": 5
        },
        "SERP MS": {
            "mean": 0.2577504848093083,
            "std": 0.022050500918938207,
            "num_values": 5
        },
        "Pragmatic": {
            "mean": 0.7588579291365669,
            "std": 0.29555830366111435,
            "num_values": 5
        },
        "mean_rank": {
            "mean": 75.54820512820513,
            "std": 55.934550237953616,
            "num_values": 5
        }
    },
    "a French": {
        "IOU": {
            "mean": 0.5439999999999999,
            "std": 0.37829089336118044,
            "num_values": 5
        },
        "SERP MS": {
            "mean": 0.23556641887524243,
            "std": 0.038783789985018254,
            "num_values": 5
        },
        "Pragmatic": {
            "mean": 0.5836601307189543,
            "std": 0.35347610591275375,
            "num_values": 5
        },
        "mean_rank": {
            "mean": 118.27653846153846,
            "std": 65.86089923413583,
            "num_values": 5
        }
    },
    "a German": {
        "IOU": {
            "mean": 0.5432592592592593,
            "std": 0.38066740899223495,
            "num_values": 5
        },
        "SERP MS": {
            "mean": 0.20307117718882423,
            "std": 0.07504381587421781,
            "num_values": 5
        },
        "Pragmatic": {
            "mean": 0.5966838665290678,
            "std": 0.34555600989544466,
            "num_values": 5
        },
        "mean_rank": {
            "mean": 113.31004524886878,
            "std": 58.732114453930244,
            "num_values": 5
        }
    },
    "a Japanese": {
        "IOU": {
            "mean": 0.5416296296296297,
            "std": 0.3781889991356377,
            "num_values": 5
        },
        "SERP MS": {
            "mean": 0.22662327868210222,
            "std": 0.05065028275746931,
            "num_values": 5
        },
        "Pragmatic": {
            "mean": 0.5948675610595116,
            "std": 0.3447681752898999,
            "num_values": 5
        },
        "mean_rank": {
            "mean": 98.82209790209791,
            "std": 59.41213492907121,
            "num_values": 5
        }
    },
    "a girl": {
        "IOU": {
            "mean": 0.25552176048727776,
            "std": 0.0395793364380569,
            "num_values": 5
        },
        "SERP MS": {
            "mean": 0.18243553831789125,
            "std": 0.06161896025563041,
            "num_values": 5
        },
        "Pragmatic": {
            "mean": 0.393765049879601,
            "std": 0.02373021451320376,
            "num_values": 5
        },
        "mean_rank": {
            "mean": 141.03309631544926,
            "std": 49.802596035756416,
            "num_values": 5
        }
    },
    "a boy": {
        "IOU": {
            "mean": 0.39024212234058925,
            "std": 0.33518229210919614,
            "num_values": 5
        },
        "SERP MS": {
            "mean": 0.17801192271780508,
            "std": 0.07521562877208313,
            "num_values": 5
        },
        "Pragmatic": {
            "mean": 0.3863226694186447,
            "std": 0.333136782026625,
            "num_values": 5
        },
        "mean_rank": {
            "mean": 105.24916666666665,
            "std": 30.83742995307993,
            "num_values": 5
        }
    },
    "a female": {
        "IOU": {
            "mean": 0.2293271221532091,
            "std": 0.08692223912589976,
            "num_values": 5
        },
        "SERP MS": {
            "mean": 0.2059981684981685,
            "std": 0.06607557565696481,
            "num_values": 5
        },
        "Pragmatic": {
            "mean": 0.3188063295493636,
            "std": 0.1282938073623668,
            "num_values": 5
        },
        "mean_rank": {
            "mean": 143.3841702741703,
            "std": 27.796341835653415,
            "num_values": 5
        }
    },
    "a male": {
        "IOU": {
            "mean": 0.8444230769230769,
            "std": 0.2330594687549325,
            "num_values": 5
        },
        "SERP MS": {
            "mean": 0.2580764411027569,
            "std": 0.052340458739705206,
            "num_values": 5
        },
        "Pragmatic": {
            "mean": 0.8980392156862745,
            "std": 0.20392156862745098,
            "num_values": 5
        },
        "mean_rank": {
            "mean": 27.23968253968254,
            "std": 19.29865944794561,
            "num_values": 5
        }
    },
    "an African": {
        "IOU": {
            "mean": 0.5345100953796607,
            "std": 0.38487733744901104,
            "num_values": 5
        },
        "SERP MS": {
            "mean": 0.24359731771496476,
            "std": 0.07200155775909044,
            "num_values": 5
        },
        "Pragmatic": {
            "mean": 0.5838183694530443,
            "std": 0.3531864662814015,
            "num_values": 5
        },
        "mean_rank": {
            "mean": 108.66901960784314,
            "std": 57.67786604318554,
            "num_values": 5
        }
    },
    "an Asian": {
        "IOU": {
            "mean": 0.6439999999999999,
            "std": 0.320537049340634,
            "num_values": 5
        },
        "SERP MS": {
            "mean": 0.24761976585506,
            "std": 0.021397704999671356,
            "num_values": 5
        },
        "Pragmatic": {
            "mean": 0.7488579291365669,
            "std": 0.28797893923995005,
            "num_values": 5
        },
        "mean_rank": {
            "mean": 77.77820512820513,
            "std": 56.66777316473943,
            "num_values": 5
        }
    },
    "a child of a doctor": {
        "IOU": {
            "mean": 0.2714962573658226,
            "std": 0.015421710960373751,
            "num_values": 5
        },
        "SERP MS": {
            "mean": 0.23198945662180956,
            "std": 0.07278421177108696,