{
    "neutral": {
        "mean_rank": {
            "mean": 25.18,
            "std": 8.827944268061506,
            "num_values": 5
        },
        "diversity": {
            "mean": 1.0,
            "std": 0.0,
            "num_values": 5
        }
    },
    "an American": {
        "IOU Divergence": {
            "mean": 0.34332218506131557,
            "std": 0.07859275911614474,
            "num_values": 5
        },
        "SERP MS Divergence": {
            "mean": 0.09047619047619046,
            "std": 0.040180996399483825,
            "num_values": 5
        },
        "Pragmatic Divergence": {
            "mean": 0.11473684210526314,
            "std": 0.060322310660608024,
            "num_values": 5
        },
        "mean_rank": {
            "mean": 19.9,
            "std": 1.9496153466773902,
            "num_values": 5
        },
        "diversity": {
            "mean": 1.0,
            "std": 0.0,
            "num_values": 5
        }
    },
    "a Brazilian": {
        "IOU Divergence": {
            "mean": 0.8300754084625053,
            "std": 0.0636936248688539,
            "num_values": 5
        },
        "SERP MS Divergence": {
            "mean": 0.777142857142857,
            "std": 0.1330404947473903,
            "num_values": 5
        },
        "Pragmatic Divergence": {
            "mean": 0.8147368421052631,
            "std": 0.11619069243407684,
            "num_values": 5
        },
        "mean_rank": {
            "mean": 57.992105263157896,
            "std": 12.122869347594099,
            "num_values": 5
        },
        "diversity": {
            "mean": 1.0,
            "std": 0.0,
            "num_values": 5
        }
    },
    "a British": {
        "IOU Divergence": {
            "mean": 0.6903158391478748,
            "std": 0.05632010647407916,
            "num_values": 5
        },
        "SERP MS Divergence": {
            "mean": 0.39904761904761904,
            "std": 0.12393400335746689,
            "num_values": 5
        },
        "Pragmatic Divergence": {
            "mean": 0.4431578947368421,
            "std": 0.12031353315561726,
            "num_values": 5
        },
        "mean_rank": {
            "mean": 40.970000000000006,
            "std": 13.268594499795372,
            "num_values": 5
        },
        "diversity": {
            "mean": 1.0,
            "std": 0.0,
            "num_values": 5
        }
    },
    "a Chinese": {
        "IOU Divergence": {
            "mean": 0.8723627403062887,
            "std": 0.061836333817432906,
            "num_values": 5
        },
        "SERP MS Divergence": {
            "mean": 0.8485714285714285,
            "std": 0.11197667395580249,
            "num_values": 5
        },
        "Pragmatic Divergence": {
            "mean": 0.8705263157894736,
            "std": 0.09894736842105266,
            "num_values": 5
        },
        "mean_rank": {
            "mean": 60.091444788441684,
            "std": 11.744338894503718,
            "num_values": 5
        },
        "diversity": {
            "mean": 1.0,
            "std": 0.0,
            "num_values": 5
        }
    },
    "a French": {
        "IOU Divergence": {
            "mean": 0.9340174761227393,
            "std": 0.03986472469919553,
            "num_values": 5
        },
        "SERP MS Divergence": {
            "mean": 0.9495238095238095,
            "std": 0.03167293171107792,
            "num_values": 5
        },
        "Pragmatic Divergence": {
            "mean": 0.9631578947368421,
            "std": 0.01853349143332526,
            "num_values": 5
        },
        "mean_rank": {
            "mean": 78.71368421052632,
            "std": 7.594653207403233,
            "num_values": 5
        },
        "diversity": {
            "mean": 1.0,
            "std": 0.0,
            "num_values": 5
        }
    },
    "a German": {
        "IOU Divergence": {
            "mean": 0.8193616615523309,
            "std": 0.10900372227801455,
            "num_values": 5
        },
        "SERP MS Divergence": {
            "mean": 0.6790476190476191,
            "std": 0.13457247328816324,
            "num_values": 5
        },
        "Pragmatic Divergence": {
            "mean": 0.7010526315789474,
            "std": 0.11027038036890778,
            "num_values": 5
        },
        "mean_rank": {
            "mean": 84.02333333333334,
            "std": 20.421128431596358,
            "num_values": 5
        },
        "diversity": {
            "mean": 1.0,
            "std": 0.0,
            "num_values": 5
        }
    },
    "a Japanese": {
        "IOU Divergence": {
            "mean": 0.9538328338328338,
            "std": 0.047594355413438164,
            "num_values": 5
        },
        "SERP MS Divergence": {
            "mean": 0.9533333333333334,
            "std": 0.0647619047619048,
            "num_values": 5
        },
        "Pragmatic Divergence": {
            "mean": 0.9642105263157894,
            "std": 0.05402369440150038,
            "num_values": 5
        },
        "mean_rank": {
            "mean": 100.6886842105263,
            "std": 23.898160320919615,
            "num_values": 5
        },
        "diversity": {
            "mean": 1.0,
            "std": 0.0,
            "num_values": 5
        }
    },
    "a girl": {
        "IOU Divergence": {
            "mean": 0.9510431484115696,
            "std": 0.03209074976302391,
            "num_values": 5
        },
        "SERP MS Divergence": {
            "mean": 0.9533333333333335,
            "std": 0.05185012414787121,
            "num_values": 5
        },
        "Pragmatic Divergence": {
            "mean": 0.9621052631578948,
            "std": 0.04851249946022277,
            "num_values": 5
        },
        "mean_rank": {
            "mean": 65.57736842105263,
            "std": 7.932119144807635,
            "num_values": 5
        },
        "diversity": {
            "mean": 1.0,
            "std": 0.0,
            "num_values": 5
        }
    },
    "a boy": {
        "IOU Divergence": {
            "mean": 0.6574712643678161,
            "std": 0.01839080459770117,
            "num_values": 5
        },
        "SERP MS Divergence": {
            "mean": 0.45809523809523806,
            "std": 0.07236841996766806,
            "num_values": 5
        },
        "Pragmatic Divergence": {
            "mean": 0.52,
            "std": 0.04862656615768885,
            "num_values": 5
        },
        "mean_rank": {
            "mean": 31.93684210526316,
            "std": 4.1382480535739505,
            "num_values": 5
        },
        "diversity": {
            "mean": 1.0,
            "std": 0.0,
            "num_values": 5
        }
    },
    "a female": {
        "IOU Divergence": {
            "mean": 0.8553591946630995,
            "std": 0.09450972527112354,
            "num_values": 5
        },
        "SERP MS Divergence": {
            "mean": 0.8542857142857143,
            "std": 0.11137564880795217,
            "num_values": 5
        },
        "Pragmatic Divergence": {
            "mean": 0.9126315789473685,
            "std": 0.08034551426215318,
            "num_values": 5
        },
        "mean_rank": {
            "mean": 47.60736842105263,
            "std": 17.112518898370617,
            "num_values": 5
        },
        "diversity": {
            "mean": 1.0,
            "std": 0.0,
            "num_values": 5
        }
    },
    "a male": {
        "IOU Divergence": {
            "mean": 0.6808045977011495,
            "std": 0.04282530950692418,
            "num_values": 5
        },
        "SERP MS Divergence": {
            "mean": 0.39142857142857146,
            "std": 0.045215533220835116,
            "num_values": 5
        },
        "Pragmatic Divergence": {
            "mean": 0.42000000000000004,
            "std": 0.04383297434454106,
            "num_values": 5
        },