{
    "neutral": {
        "mean_rank": {
            "mean": 39.66803827751196,
            "std": 6.50095540171191,
            "num_values": 5
        }
    },
    "an American": {
        "IOU Divergence": {
            "mean": 0.5890206411945542,
            "std": 0.057515846607096584,
            "num_values": 5
        },
        "SERP MS Divergence": {
            "mean": 0.8800125313283209,
            "std": 0.0545212159293371,
            "num_values": 5
        },
        "Pragmatic Divergence": {
            "mean": 0.2293788667472878,
            "std": 0.06340676555880613,
            "num_values": 5
        },
        "mean_rank": {
            "mean": 22.03095975232198,
            "std": 2.170878758841639,
            "num_values": 5
        }
    },
    "a Brazilian": {
        "IOU Divergence": {
            "mean": 0.5602941176470588,
            "std": 0.13119081434774374,
            "num_values": 5
        },
        "SERP MS Divergence": {
            "mean": 0.8615977443609022,
            "std": 0.0782196951399358,
            "num_values": 5
        },
        "Pragmatic Divergence": {
            "mean": 0.3294778905305221,
            "std": 0.039912234078132595,
            "num_values": 5
        },
        "mean_rank": {
            "mean": 30.18759228387711,
            "std": 13.56220629496728,
            "num_values": 5
        }
    },
    "a British": {
        "IOU Divergence": {
            "mean": 0.7347784441112777,
            "std": 0.04775947103764393,
            "num_values": 5
        },
        "SERP MS Divergence": {
            "mean": 0.9261904761904761,
            "std": 0.03860521741670916,
            "num_values": 5
        },
        "Pragmatic Divergence": {
            "mean": 0.5668906532064427,
            "std": 0.04836979320727246,
            "num_values": 5
        },
        "mean_rank": {
            "mean": 27.15,
            "std": 4.43925669453795,
            "num_values": 5
        }
    },
    "a Chinese": {
        "IOU Divergence": {
            "mean": 0.668126921387791,
            "std": 0.07560874358326096,
            "num_values": 5
        },
        "SERP MS Divergence": {
            "mean": 0.8989473684210525,
            "std": 0.05777830353793161,
            "num_values": 5
        },
        "Pragmatic Divergence": {
            "mean": 0.3811236132288764,
            "std": 0.06196067249816953,
            "num_values": 5
        },
        "mean_rank": {
            "mean": 22.23391812865497,
            "std": 1.3083271171318436,
            "num_values": 5
        }
    },
    "a French": {
        "IOU Divergence": {
            "mean": 0.842135774218154,
            "std": 0.04591143270051344,
            "num_values": 5
        },
        "SERP MS Divergence": {
            "mean": 0.9334944875386052,
            "std": 0.035960095036016285,
            "num_values": 5
        },
        "Pragmatic Divergence": {
            "mean": 0.7513745903219587,
            "std": 0.0770407507181392,
            "num_values": 5
        },
        "mean_rank": {
            "mean": 55.63139140271494,
            "std": 9.638613317656844,
            "num_values": 5
        }
    },
    "a German": {
        "IOU Divergence": {
            "mean": 0.635384403036577,
            "std": 0.06378388220451936,
            "num_values": 5
        },
        "SERP MS Divergence": {
            "mean": 0.8627115866589552,
            "std": 0.07706834312600652,
            "num_values": 5
        },
        "Pragmatic Divergence": {
            "mean": 0.3800634453266032,
            "std": 0.09952145976175762,
            "num_values": 5
        },
        "mean_rank": {
            "mean": 33.56093567251462,
            "std": 9.788889160691717,
            "num_values": 5
        }
    },
    "a Japanese": {
        "IOU Divergence": {
            "mean": 0.8702272089761571,
            "std": 0.13489628882854657,
            "num_values": 5
        },
        "SERP MS Divergence": {
            "mean": 0.9538235294117647,
            "std": 0.03776406449885987,
            "num_values": 5
        },
        "Pragmatic Divergence": {
            "mean": 0.8079867500920133,
            "std": 0.20708420756073107,
            "num_values": 5
        },
        "mean_rank": {
            "mean": 137.66008771929825,
            "std": 93.05902213128385,
            "num_values": 5
        }
    },
    "a girl": {
        "IOU Divergence": {
            "mean": 0.6462577422577424,
            "std": 0.09463091402502508,
            "num_values": 5
        },
        "SERP MS Divergence": {
            "mean": 0.854469507101086,
            "std": 0.09047403921996859,
            "num_values": 5
        },
        "Pragmatic Divergence": {
            "mean": 0.38905568116094436,
            "std": 0.045939088283484746,
            "num_values": 5
        },
        "mean_rank": {
            "mean": 33.464361885104914,
            "std": 25.987495896557842,
            "num_values": 5
        }
    },
    "a boy": {
        "IOU Divergence": {
            "mean": 0.5663081232492997,
            "std": 0.11545044620985732,
            "num_values": 5
        },
        "SERP MS Divergence": {
            "mean": 0.8728401887070618,
            "std": 0.06495961641435571,
            "num_values": 5
        },
        "Pragmatic Divergence": {
            "mean": 0.3458360937308306,
            "std": 0.10912547049272657,
            "num_values": 5
        },
        "mean_rank": {
            "mean": 33.05906432748538,
            "std": 5.641215392472743,
            "num_values": 5
        }
    },
    "a female": {
        "IOU Divergence": {
            "mean": 0.5230800262688807,
            "std": 0.1417459348049866,
            "num_values": 5
        },
        "SERP MS Divergence": {
            "mean": 0.8165408340369641,
            "std": 0.10343686882342779,
            "num_values": 5
        },
        "Pragmatic Divergence": {
            "mean": 0.2857481115375852,
            "std": 0.03353481478234984,
            "num_values": 5
        },
        "mean_rank": {
            "mean": 47.67682539682541,
            "std": 15.994770422759908,
            "num_values": 5
        }
    },
    "a male": {
        "IOU Divergence": {
            "mean": 0.3805858585858586,
            "std": 0.19353322788314126,
            "num_values": 5
        },
        "SERP MS Divergence": {
            "mean": 0.7832245274505337,
            "std": 0.07448152709628905,
            "num_values": 5
        },
        "Pragmatic Divergence": {
            "mean": 0.26210578894789427,
            "std": 0.12143154463336295,
            "num_values": 5
        },
        "mean_rank": {
            "mean": 36.04312693498452,
            "std": 6.017593666752033,
            "num_values": 5
        }
    },
    "an African": {
        "IOU Divergence": {
            "mean": 0.8978260869565219,
            "std": 0.06376811594202897,
            "num_values": 5
        },
        "SERP MS Divergence": {
            "mean": 0.9444695827048768,
            "std": 0.05003414743122554,
            "num_values": 5
        },
        "Pragmatic Divergence": {
            "mean": 0.829689608636977,
            "std": 0.11123415805411659,
            "num_values": 5
        },
        "mean_rank": {
            "mean": 52.28186274509803,
            "std": 9.550538862061543,
            "num_values": 5
        }
    },
    "an Asian": {
        "IOU Divergence": {
            "mean": 0.7395852073963018,
            "std": 0.1572791155736334,
            "num_values": 5
        },
        "SERP MS Divergence": {
            "mean": 0.8513220551378445,
            "std": 0.15643930345096532,
            "num_values": 5
        },
        "Pragmatic Divergence": {
            "mean": 0.5948311337785022,
            "std": 0.2489973212170791,
            "num_values": 5
        },