{
    "neutral": {
        "mean_rank": {
            "mean": 211.09711843711844,
            "std": 107.8462081596298,
            "num_values": 5
        },
        "diversity": {
            "mean": 1.0,
            "std": 0.0,
            "num_values": 5
        }
    },
    "an American": {
        "IOU Divergence": {
            "mean": 0.8515693779904308,
            "std": 0.07475086035817545,
            "num_values": 5
        },
        "SERP MS Divergence": {
            "mean": 0.6956697104065526,
            "std": 0.13557336752510657,
            "num_values": 5
        },
        "Pragmatic Divergence": {
            "mean": 0.6819966961143432,
            "std": 0.14429371774436475,
            "num_values": 5
        },
        "mean_rank": {
            "mean": 229.694696969697,
            "std": 62.796029858041564,
            "num_values": 5
        },
        "diversity": {
            "mean": 1.0,
            "std": 0.0,
            "num_values": 5
        }
    },
    "a Brazilian": {
        "IOU Divergence": {
            "mean": 0.921140350877193,
            "std": 0.0615914417274,
            "num_values": 5
        },
        "SERP MS Divergence": {
            "mean": 0.8349615296983719,
            "std": 0.134517790468326,
            "num_values": 5
        },
        "Pragmatic Divergence": {
            "mean": 0.8242433383609855,
            "std": 0.14530024615941797,
            "num_values": 5
        },
        "mean_rank": {
            "mean": 218.88571428571427,
            "std": 113.92752440181665,
            "num_values": 5
        },
        "diversity": {
            "mean": 1.0,
            "std": 0.0,
            "num_values": 5
        }
    },
    "a British": {
        "IOU Divergence": {
            "mean": 0.834484126984127,
            "std": 0.10292677806446272,
            "num_values": 5
        },
        "SERP MS Divergence": {
            "mean": 0.7092241092241093,
            "std": 0.1735444339103014,
            "num_values": 5
        },
        "Pragmatic Divergence": {
            "mean": 0.7137118437118437,
            "std": 0.1849435342292212,
            "num_values": 5
        },
        "mean_rank": {
            "mean": 277.1357753357753,
            "std": 57.526095141268236,
            "num_values": 5
        },
        "diversity": {
            "mean": 1.0,
            "std": 0.0,
            "num_values": 5
        }
    },
    "a Chinese": {
        "IOU Divergence": {
            "mean": 0.9021116138763198,
            "std": 0.061032315176371296,
            "num_values": 5
        },
        "SERP MS Divergence": {
            "mean": 0.8105125284072653,
            "std": 0.08666047025371322,
            "num_values": 5
        },
        "Pragmatic Divergence": {
            "mean": 0.8043007972419737,
            "std": 0.09091001370953815,
            "num_values": 5
        },
        "mean_rank": {
            "mean": 198.76823529411766,
            "std": 94.39557180907708,
            "num_values": 5
        },
        "diversity": {
            "mean": 1.0,
            "std": 0.0,
            "num_values": 5
        }
    },
    "a French": {
        "IOU Divergence": {
            "mean": 0.9024531024531026,
            "std": 0.05262980571453905,
            "num_values": 5
        },
        "SERP MS Divergence": {
            "mean": 0.7785769785769785,
            "std": 0.13569569724504196,
            "num_values": 5
        },
        "Pragmatic Divergence": {
            "mean": 0.7697435897435898,
            "std": 0.1454535127703597,
            "num_values": 5
        },
        "mean_rank": {
            "mean": 251.79261904761907,
            "std": 77.24108464210833,
            "num_values": 5
        },
        "diversity": {
            "mean": 1.0,
            "std": 0.0,
            "num_values": 5
        }
    },
    "a German": {
        "IOU Divergence": {
            "mean": 0.8120459496930085,
            "std": 0.13890190850220774,
            "num_values": 5
        },
        "SERP MS Divergence": {
            "mean": 0.6738304969883917,
            "std": 0.20709707063048818,
            "num_values": 5
        },
        "Pragmatic Divergence": {
            "mean": 0.6574078862314157,
            "std": 0.2258669679350394,
            "num_values": 5
        },
        "mean_rank": {
            "mean": 263.1842857142857,
            "std": 49.0753224489599,
            "num_values": 5
        },
        "diversity": {
            "mean": 1.0,
            "std": 0.0,
            "num_values": 5
        }
    },
    "a Japanese": {
        "IOU Divergence": {
            "mean": 0.8546513342178976,
            "std": 0.08854665789362963,
            "num_values": 5
        },
        "SERP MS Divergence": {
            "mean": 0.7381897634529213,
            "std": 0.14065921677764626,
            "num_values": 5
        },
        "Pragmatic Divergence": {
            "mean": 0.7472714213890684,
            "std": 0.13745867692300828,
            "num_values": 5
        },
        "mean_rank": {
            "mean": 237.9831818181818,
            "std": 91.70344865402457,
            "num_values": 5
        },
        "diversity": {
            "mean": 0.9714285714285715,
            "std": 0.05714285714285716,
            "num_values": 5
        }
    },
    "a girl": {
        "IOU Divergence": {
            "mean": 0.8654022556390977,
            "std": 0.07981445036155449,
            "num_values": 5
        },
        "SERP MS Divergence": {
            "mean": 0.787249241986084,
            "std": 0.1336429528468253,
            "num_values": 5
        },
        "Pragmatic Divergence": {
            "mean": 0.7925095166271637,
            "std": 0.14400533730338055,
            "num_values": 5
        },
        "mean_rank": {
            "mean": 238.82896825396824,
            "std": 78.18659110001386,
            "num_values": 5
        },
        "diversity": {
            "mean": 1.0,
            "std": 0.0,
            "num_values": 5
        }
    },
    "a boy": {
        "IOU Divergence": {
            "mean": 0.8121794871794872,
            "std": 0.17685338649735224,
            "num_values": 5
        },
        "SERP MS Divergence": {
            "mean": 0.7234641382009803,
            "std": 0.23848760468755392,
            "num_values": 5
        },
        "Pragmatic Divergence": {
            "mean": 0.7334741075917547,
            "std": 0.22261973232665191,
            "num_values": 5
        },
        "mean_rank": {
            "mean": 244.55238095238096,
            "std": 107.10313045827668,
            "num_values": 5
        },
        "diversity": {
            "mean": 1.0,
            "std": 0.0,
            "num_values": 5
        }
    },
    "a female": {
        "IOU Divergence": {
            "mean": 0.8990424430641821,
            "std": 0.07656381813724278,
            "num_values": 5
        },
        "SERP MS Divergence": {
            "mean": 0.8299354446722867,
            "std": 0.14776396027571884,
            "num_values": 5
        },
        "Pragmatic Divergence": {
            "mean": 0.8345730086906558,
            "std": 0.14683735202840334,
            "num_values": 5
        },
        "mean_rank": {
            "mean": 195.25050505050507,
            "std": 57.29789103901313,
            "num_values": 5
        },
        "diversity": {
            "mean": 1.0,
            "std": 0.0,
            "num_values": 5
        }
    },
    "a male": {
        "IOU Divergence": {
            "mean": 0.8803354540196645,
            "std": 0.09296252147862247,
            "num_values": 5
        },
        "SERP MS Divergence": {
            "mean": 0.817165991902834,
            "std": 0.13764992829838144,
            "num_values": 5
        },
        "Pragmatic Divergence": {
            "mean": 0.8330589671766141,
            "std": 0.1267268322701213,