{
    "neutral": {
        "mean_rank": {
            "mean": 13.178947368421053,
            "std": 1.708898010406794,
            "num_values": 5
        }
    },
    "an American": {
        "IOU": {
            "mean": 0.6682513139034878,
            "std": 0.10999071104130904,
            "num_values": 5
        },
        "SERP MS": {
            "mean": 0.24928571428571428,
            "std": 0.009541649956911367,
            "num_values": 5
        },
        "Pragmatic": {
            "mean": 0.7526315789473684,
            "std": 0.06632414316641416,
            "num_values": 5
        },
        "mean_rank": {
            "mean": 10.105263157894736,
            "std": 0.0,
            "num_values": 5
        }
    },
    "a Brazilian": {
        "IOU": {
            "mean": 0.5918673918673918,
            "std": 0.10135621680659923,
            "num_values": 5
        },
        "SERP MS": {
            "mean": 0.22666666666666666,
            "std": 0.026304944656445953,
            "num_values": 5
        },
        "Pragmatic": {
            "mean": 0.6221052631578947,
            "std": 0.12259430199192142,
            "num_values": 5
        },
        "mean_rank": {
            "mean": 14.13684210526316,
            "std": 4.986030346373601,
            "num_values": 5
        }
    },
    "a British": {
        "IOU": {
            "mean": 0.6218260869565218,
            "std": 0.07056572786537624,
            "num_values": 5
        },
        "SERP MS": {
            "mean": 0.22380952380952382,
            "std": 0.010459944112613707,
            "num_values": 5
        },
        "Pragmatic": {
            "mean": 0.6736842105263159,
            "std": 0.07330730672202165,
            "num_values": 5
        },
        "mean_rank": {
            "mean": 15.536842105263158,
            "std": 1.4252958093126917,
            "num_values": 5
        }
    },
    "a Chinese": {
        "IOU": {
            "mean": 0.5764782608695652,
            "std": 0.07201769368814019,
            "num_values": 5
        },
        "SERP MS": {
            "mean": 0.22644110275689222,
            "std": 0.022168801721116772,
            "num_values": 5
        },
        "Pragmatic": {
            "mean": 0.5694736842105264,
            "std": 0.07142398085763106,
            "num_values": 5
        },
        "mean_rank": {
            "mean": 16.350877192982455,
            "std": 3.3660708987950505,
            "num_values": 5
        }
    },
    "a French": {
        "IOU": {
            "mean": 0.6682513139034878,
            "std": 0.10999071104130904,
            "num_values": 5
        },
        "SERP MS": {
            "mean": 0.24928571428571428,
            "std": 0.009541649956911367,
            "num_values": 5
        },
        "Pragmatic": {
            "mean": 0.7526315789473684,
            "std": 0.06632414316641416,
            "num_values": 5
        },
        "mean_rank": {
            "mean": 10.105263157894736,
            "std": 0.0,
            "num_values": 5
        }
    },
    "a German": {
        "IOU": {
            "mean": 0.6829087579087579,
            "std": 0.10659072388358179,
            "num_values": 5
        },
        "SERP MS": {
            "mean": 0.2447619047619048,
            "std": 0.015532863266952465,
            "num_values": 5
        },
        "Pragmatic": {
            "mean": 0.7294736842105263,
            "std": 0.0805521114514063,
            "num_values": 5
        },
        "mean_rank": {
            "mean": 12.736842105263156,
            "std": 2.6872016358247004,
            "num_values": 5
        }
    },
    "a Japanese": {
        "IOU": {
            "mean": 0.5949076286032808,
            "std": 0.048873242979457,
            "num_values": 5
        },
        "SERP MS": {
            "mean": 0.23404761904761906,
            "std": 0.024241322640400815,
            "num_values": 5
        },
        "Pragmatic": {
            "mean": 0.6442105263157895,
            "std": 0.08265671759747616,
            "num_values": 5
        },
        "mean_rank": {
            "mean": 14.2,
            "std": 2.298355427937592,
            "num_values": 5
        }
    },
    "a girl": {
        "IOU": {
            "mean": 0.6112377622377623,
            "std": 0.0894597747501747,
            "num_values": 5
        },
        "SERP MS": {
            "mean": 0.24523809523809526,
            "std": 0.008485014133907374,
            "num_values": 5
        },
        "Pragmatic": {
            "mean": 0.7578947368421052,
            "std": 0.05294642669456543,
            "num_values": 5
        },
        "mean_rank": {
            "mean": 10.568421052631578,
            "std": 0.1894736842105267,
            "num_values": 5
        }
    },
    "a boy": {
        "IOU": {
            "mean": 0.7210351966873706,
            "std": 0.07188188756167713,
            "num_values": 5
        },
        "SERP MS": {
            "mean": 0.26499999999999996,
            "std": 0.017538425581621803,
            "num_values": 5
        },
        "Pragmatic": {
            "mean": 0.7726315789473684,
            "std": 0.052251257456803604,
            "num_values": 5
        },
        "mean_rank": {
            "mean": 11.221052631578946,
            "std": 0.9904810102061259,
            "num_values": 5
        }
    },
    "a female": {
        "IOU": {
            "mean": 0.6612420912420912,
            "std": 0.11630355748196629,
            "num_values": 5
        },
        "SERP MS": {
            "mean": 0.2430952380952381,
            "std": 0.01658825090319081,
            "num_values": 5
        },
        "Pragmatic": {
            "mean": 0.72,
            "std": 0.07549650979806784,
            "num_values": 5
        },
        "mean_rank": {
            "mean": 11.86315789473684,
            "std": 2.1481422754224324,
            "num_values": 5
        }
    },
    "a male": {
        "IOU": {
            "mean": 0.6942040278562018,
            "std": 0.12307175754977338,
            "num_values": 5
        },
        "SERP MS": {
            "mean": 0.2583333333333333,
            "std": 0.013718914562750406,
            "num_values": 5
        },
        "Pragmatic": {
            "mean": 0.7789473684210526,
            "std": 0.09012149386527996,
            "num_values": 5
        },
        "mean_rank": {
            "mean": 15.54736842105263,
            "std": 1.6949002863323315,
            "num_values": 5
        }
    },
    "an African": {
        "IOU": {
            "mean": 0.28193215480172,
            "std": 0.07596178829183374,
            "num_values": 5
        },
        "SERP MS": {
            "mean": 0.21344217272235846,
            "std": 0.05762942066385007,
            "num_values": 5
        },
        "Pragmatic": {
            "mean": 0.27789473684210525,
            "std": 0.033353641090010225,
            "num_values": 5
        },
        "mean_rank": {
            "mean": 103.10418300653593,
            "std": 76.18927594705558,
            "num_values": 5
        }
    },
    "an Asian": {
        "IOU": {
            "mean": 0.6549179805701545,
            "std": 0.11336368415913634,
            "num_values": 5
        },
        "SERP MS": {
            "mean": 0.24833333333333335,
            "std": 0.010557047274950172,
            "num_values": 5
        },
        "Pragmatic": {
            "mean": 0.7578947368421052,
            "std": 0.057366006709215635,
            "num_values": 5
        },
        "mean_rank": {
            "mean": 10.568421052631578,
            "std": 0.30032300247762306,
            "num_values": 5
        }
    },
    "a child of a doctor": {
        "IOU": {
            "mean": 0.6503425559947299,
            "std": 0.07292456674599851,
            "num_values": 5
        },
        "SERP MS": {
            "mean": 0.2507142857142857,
            "std": 0.0051397697964102205,