{
    "neutral": {
        "mean_rank": {
            "mean": 219.69598506069096,
            "std": 147.2740025711756,
            "num_values": 5
        }
    },
    "an American": {
        "IOU": {
            "mean": 0.43228936966923237,
            "std": 0.2238149468774926,
            "num_values": 5
        },
        "SERP MS": {
            "mean": 0.18481152619310515,
            "std": 0.10405018249783134,
            "num_values": 5
        },
        "Pragmatic": {
            "mean": 0.6582525317819435,
            "std": 0.2959254990594378,
            "num_values": 5
        },
        "mean_rank": {
            "mean": 205.02430902430905,
            "std": 53.72739865325376,
            "num_values": 5
        }
    },
    "a Brazilian": {
        "IOU": {
            "mean": 0.13094239094239093,
            "std": 0.07882254598179189,
            "num_values": 5
        },
        "SERP MS": {
            "mean": 0.12225885225885227,
            "std": 0.07269566723947608,
            "num_values": 5
        },
        "Pragmatic": {
            "mean": 0.18770020828844358,
            "std": 0.13838730027946594,
            "num_values": 5
        },
        "mean_rank": {
            "mean": 335.69764957264954,
            "std": 197.55728665554713,
            "num_values": 5
        }
    },
    "a British": {
        "IOU": {
            "mean": 0.10380676328502417,
            "std": 0.06517407328609119,
            "num_values": 5
        },
        "SERP MS": {
            "mean": 0.09807747807747808,
            "std": 0.031261155115434563,
            "num_values": 5
        },
        "Pragmatic": {
            "mean": 0.24124470300940887,
            "std": 0.2135454232913985,
            "num_values": 5
        },
        "mean_rank": {
            "mean": 264.6671794871795,
            "std": 157.97607538969075,
            "num_values": 5
        }
    },
    "a Chinese": {
        "IOU": {
            "mean": 0.14613719613719614,
            "std": 0.027026705835986122,
            "num_values": 5
        },
        "SERP MS": {
            "mean": 0.0804771209182974,
            "std": 0.03128534418139763,
            "num_values": 5
        },
        "Pragmatic": {
            "mean": 0.19702650290885584,
            "std": 0.08732174374119807,
            "num_values": 5
        },
        "mean_rank": {
            "mean": 260.49865384615384,
            "std": 127.97850558536737,
            "num_values": 5
        }
    },
    "a French": {
        "IOU": {
            "mean": 0.09550375550375552,
            "std": 0.07223128127600377,
            "num_values": 5
        },
        "SERP MS": {
            "mean": 0.06629134754134755,
            "std": 0.04217762127208693,
            "num_values": 5
        },
        "Pragmatic": {
            "mean": 0.19645550527903471,
            "std": 0.1863673048827473,
            "num_values": 5
        },
        "mean_rank": {
            "mean": 393.89965811965806,
            "std": 124.41382037909706,
            "num_values": 5
        }
    },
    "a German": {
        "IOU": {
            "mean": 0.18642424242424244,
            "std": 0.12240779967586869,
            "num_values": 5
        },
        "SERP MS": {
            "mean": 0.14696081696081698,
            "std": 0.04517638252606814,
            "num_values": 5
        },
        "Pragmatic": {
            "mean": 0.28633196868490984,
            "std": 0.19305882927747375,
            "num_values": 5
        },
        "mean_rank": {
            "mean": 380.07,
            "std": 346.2394076037241,
            "num_values": 5
        }
    },
    "a Japanese": {
        "IOU": {
            "mean": 0.0755391351943076,
            "std": 0.021107247268325954,
            "num_values": 5
        },
        "SERP MS": {
            "mean": 0.07047952047952048,
            "std": 0.03573643423577591,
            "num_values": 5
        },
        "Pragmatic": {
            "mean": 0.1412554765495942,
            "std": 0.0661572785726104,
            "num_values": 5
        },
        "mean_rank": {
            "mean": 403.9113186813187,
            "std": 184.89208932011766,
            "num_values": 5
        }
    },
    "a girl": {
        "IOU": {
            "mean": 0.04430558000352051,
            "std": 0.027879192195218016,
            "num_values": 5
        },
        "SERP MS": {
            "mean": 0.06686868686868687,
            "std": 0.0655847314882611,
            "num_values": 5
        },
        "Pragmatic": {
            "mean": 0.04445880916469151,
            "std": 0.031725550537966433,
            "num_values": 5
        },
        "mean_rank": {
            "mean": 509.42469696969704,
            "std": 116.96462768062182,
            "num_values": 5
        }
    },
    "a boy": {
        "IOU": {
            "mean": 0.2792693498452012,
            "std": 0.11592178265474139,
            "num_values": 5
        },
        "SERP MS": {
            "mean": 0.20637464874306977,
            "std": 0.07414227255543474,
            "num_values": 5
        },
        "Pragmatic": {
            "mean": 0.5164368311427134,
            "std": 0.18018766612327275,
            "num_values": 5
        },
        "mean_rank": {
            "mean": 195.78636752136754,
            "std": 96.9882758142242,
            "num_values": 5
        }
    },
    "a female": {
        "IOU": {
            "mean": 0.055746031746031745,
            "std": 0.05191368303509761,
            "num_values": 5
        },
        "SERP MS": {
            "mean": 0.0335479797979798,
            "std": 0.03187093790573995,
            "num_values": 5
        },
        "Pragmatic": {
            "mean": 0.10030525030525031,
            "std": 0.10633364480476877,
            "num_values": 5
        },
        "mean_rank": {
            "mean": 527.7309090909091,
            "std": 101.21776240574515,
            "num_values": 5
        }
    },
    "a male": {
        "IOU": {
            "mean": 0.17636895268474215,
            "std": 0.06768940764210415,
            "num_values": 5
        },
        "SERP MS": {
            "mean": 0.09227272727272728,
            "std": 0.03671567151946598,
            "num_values": 5
        },
        "Pragmatic": {
            "mean": 0.27685484450190334,
            "std": 0.14474817864491019,
            "num_values": 5
        },
        "mean_rank": {
            "mean": 230.74636363636358,
            "std": 84.08326316099806,
            "num_values": 5
        }
    },
    "an African": {
        "IOU": {
            "mean": 0.08074784662806442,
            "std": 0.07419241108782713,
            "num_values": 5
        },
        "SERP MS": {
            "mean": 0.0892124542124542,
            "std": 0.10914639051468954,
            "num_values": 5
        },
        "Pragmatic": {
            "mean": 0.1680923651511887,
            "std": 0.1755733314920376,
            "num_values": 5
        },
        "mean_rank": {
            "mean": 426.71794871794873,
            "std": 282.78411986600173,
            "num_values": 5
        }
    },
    "an Asian": {
        "IOU": {
            "mean": 0.1286300790339019,
            "std": 0.08774943785112435,
            "num_values": 5
        },
        "SERP MS": {
            "mean": 0.10693833943833944,
            "std": 0.05845546979853944,
            "num_values": 5
        },
        "Pragmatic": {
            "mean": 0.1972024707318825,
            "std": 0.2510889476148849,
            "num_values": 5
        },
        "mean_rank": {
            "mean": 498.26401098901096,
            "std": 225.83677830801048,
            "num_values": 5
        }
    },
    "a child of a doctor": {
        "IOU": {
            "mean": 0.0644607843137255,
            "std": 0.06514076969894043,
            "num_values": 5
        },
        "SERP MS": {
            "mean": 0.06824314574314574,