{
    "neutral": {
        "mean_rank": {
            "mean": 16.723839009287925,
            "std": 5.564701413487375,
            "num_values": 5
        },
        "diversity": {
            "mean": 0.9894736842105264,
            "std": 0.02105263157894739,
            "num_values": 5
        }
    },
    "an American": {
        "IOU Divergence": {
            "mean": 0.40564462185780553,
            "std": 0.24439896938648875,
            "num_values": 5
        },
        "SERP MS Divergence": {
            "mean": 0.2022556390977444,
            "std": 0.16946040737634072,
            "num_values": 5
        },
        "Pragmatic Divergence": {
            "mean": 0.22760233918128653,
            "std": 0.16680568737727197,
            "num_values": 5
        },
        "mean_rank": {
            "mean": 23.49356725146199,
            "std": 16.72494432054174,
            "num_values": 5
        },
        "diversity": {
            "mean": 1.0,
            "std": 0.0,
            "num_values": 5
        }
    },
    "a Brazilian": {
        "IOU Divergence": {
            "mean": 0.9185185185185185,
            "std": 0.16296296296296298,
            "num_values": 5
        },
        "SERP MS Divergence": {
            "mean": 0.8609523809523809,
            "std": 0.27809523809523806,
            "num_values": 5
        },
        "Pragmatic Divergence": {
            "mean": 0.8663157894736842,
            "std": 0.2673684210526316,
            "num_values": 5
        },
        "mean_rank": {
            "mean": 179.7016993464052,
            "std": 79.98685204187338,
            "num_values": 5
        },
        "diversity": {
            "mean": 0.7822222222222223,
            "std": 0.198960260316439,
            "num_values": 5
        }
    },
    "a British": {
        "IOU Divergence": {
            "mean": 0.5898869246695334,
            "std": 0.09385254922746464,
            "num_values": 5
        },
        "SERP MS Divergence": {
            "mean": 0.40135338345864663,
            "std": 0.09591169256023499,
            "num_values": 5
        },
        "Pragmatic Divergence": {
            "mean": 0.4528654970760234,
            "std": 0.08612079592873645,
            "num_values": 5
        },
        "mean_rank": {
            "mean": 29.923153594771243,
            "std": 9.72027979766581,
            "num_values": 5
        },
        "diversity": {
            "mean": 0.9875,
            "std": 0.024999999999999998,
            "num_values": 5
        }
    },
    "a Chinese": {
        "IOU Divergence": {
            "mean": 0.7944113790053724,
            "std": 0.0926147374422136,
            "num_values": 5
        },
        "SERP MS Divergence": {
            "mean": 0.7206015037593986,
            "std": 0.10700954933660509,
            "num_values": 5
        },
        "Pragmatic Divergence": {
            "mean": 0.7807017543859649,
            "std": 0.07397695490291585,
            "num_values": 5
        },
        "mean_rank": {
            "mean": 117.89150326797385,
            "std": 89.9830708110937,
            "num_values": 5
        },
        "diversity": {
            "mean": 0.9794736842105263,
            "std": 0.025153269779681117,
            "num_values": 5
        }
    },
    "a French": {
        "IOU Divergence": {
            "mean": 0.7263257575757576,
            "std": 0.12946845576297425,
            "num_values": 5
        },
        "SERP MS Divergence": {
            "mean": 0.6012531328320802,
            "std": 0.1549943258962843,
            "num_values": 5
        },
        "Pragmatic Divergence": {
            "mean": 0.6497076023391812,
            "std": 0.1358810657647996,
            "num_values": 5
        },
        "mean_rank": {
            "mean": 42.81995184038528,
            "std": 12.13012836837378,
            "num_values": 5
        },
        "diversity": {
            "mean": 0.9888888888888889,
            "std": 0.022222222222222233,
            "num_values": 5
        }
    },
    "a German": {
        "IOU Divergence": {
            "mean": 0.7724929971988795,
            "std": 0.07354835556956998,
            "num_values": 5
        },
        "SERP MS Divergence": {
            "mean": 0.646516290726817,
            "std": 0.08033581942626955,
            "num_values": 5
        },
        "Pragmatic Divergence": {
            "mean": 0.6949707602339181,
            "std": 0.06490290222540537,
            "num_values": 5
        },
        "mean_rank": {
            "mean": 55.71145510835913,
            "std": 19.350735771456367,
            "num_values": 5
        },
        "diversity": {
            "mean": 0.9789473684210526,
            "std": 0.025784102555612427,
            "num_values": 5
        }
    },
    "a Japanese": {
        "IOU Divergence": {
            "mean": 0.7924809219875634,
            "std": 0.08054859482676625,
            "num_values": 5
        },
        "SERP MS Divergence": {
            "mean": 0.722155388471178,
            "std": 0.1229662514293423,
            "num_values": 5
        },
        "Pragmatic Divergence": {
            "mean": 0.7588304093567253,
            "std": 0.10806701091541583,
            "num_values": 5
        },
        "mean_rank": {
            "mean": 49.91754385964912,
            "std": 12.091341317878209,
            "num_values": 5
        },
        "diversity": {
            "mean": 0.9473684210526315,
            "std": 0.0332871332649303,
            "num_values": 5
        }
    },
    "a girl": {
        "IOU Divergence": {
            "mean": 0.5052968191229061,
            "std": 0.15645990276598587,
            "num_values": 5
        },
        "SERP MS Divergence": {
            "mean": 0.32476190476190475,
            "std": 0.11392871736197473,
            "num_values": 5
        },
        "Pragmatic Divergence": {
            "mean": 0.3818713450292398,
            "std": 0.11574811713439068,
            "num_values": 5
        },
        "mean_rank": {
            "mean": 34.24354575163399,
            "std": 8.618894953097241,
            "num_values": 5
        },
        "diversity": {
            "mean": 1.0,
            "std": 0.0,
            "num_values": 5
        }
    },
    "a boy": {
        "IOU Divergence": {
            "mean": 0.48289855072463767,
            "std": 0.10380017317148652,
            "num_values": 5
        },
        "SERP MS Divergence": {
            "mean": 0.18982456140350878,
            "std": 0.08097629169599778,
            "num_values": 5
        },
        "Pragmatic Divergence": {
            "mean": 0.19847953216374267,
            "std": 0.0758555051315776,
            "num_values": 5
        },
        "mean_rank": {
            "mean": 26.58871689026488,
            "std": 11.623169421788699,
            "num_values": 5
        },
        "diversity": {
            "mean": 1.0,
            "std": 0.0,
            "num_values": 5
        }
    },
    "a female": {
        "IOU Divergence": {
            "mean": 0.7091759259259259,
            "std": 0.10719264288473597,
            "num_values": 5
        },
        "SERP MS Divergence": {
            "mean": 0.587218045112782,
            "std": 0.18453952514019245,
            "num_values": 5
        },
        "Pragmatic Divergence": {
            "mean": 0.6461988304093568,
            "std": 0.16416236944024232,
            "num_values": 5
        },
        "mean_rank": {
            "mean": 46.92895424836602,
            "std": 17.366575540001726,
            "num_values": 5
        },
        "diversity": {
            "mean": 0.9783625730994151,
            "std": 0.026516453915215538,
            "num_values": 5
        }
    },
    "a male": {
        "IOU Divergence": {
            "mean": 0.46525752508361207,
            "std": 0.07093598778739894,
            "num_values": 5
        },