{
    "neutral": {
        "mean_rank": {
            "mean": 20.873684210526314,
            "std": 6.454494450765175,
            "num_values": 5
        },
        "diversity": {
            "mean": 1.0,
            "std": 0.0,
            "num_values": 5
        }
    },
    "an American": {
        "IOU Divergence": {
            "mean": 0.5638530307495826,
            "std": 0.08525855521080605,
            "num_values": 5
        },
        "SERP MS Divergence": {
            "mean": 0.32476190476190475,
            "std": 0.09972297228730234,
            "num_values": 5
        },
        "Pragmatic Divergence": {
            "mean": 0.33789473684210525,
            "std": 0.11358670282287336,
            "num_values": 5
        },
        "mean_rank": {
            "mean": 54.9514619883041,
            "std": 13.299713127583486,
            "num_values": 5
        },
        "diversity": {
            "mean": 1.0,
            "std": 0.0,
            "num_values": 5
        }
    },
    "a Brazilian": {
        "IOU Divergence": {
            "mean": 0.9037037037037038,
            "std": 0.19259259259259257,
            "num_values": 5
        },
        "SERP MS Divergence": {
            "mean": 0.8352380952380951,
            "std": 0.32952380952380955,
            "num_values": 5
        },
        "Pragmatic Divergence": {
            "mean": 0.8515789473684212,
            "std": 0.2968421052631579,
            "num_values": 5
        },
        "mean_rank": {
            "mean": 283.7231578947368,
            "std": 136.42679505254915,
            "num_values": 5
        },
        "diversity": {
            "mean": 0.74,
            "std": 0.14628738838327796,
            "num_values": 5
        }
    },
    "a British": {
        "IOU Divergence": {
            "mean": 0.926444848209554,
            "std": 0.03912685421671616,
            "num_values": 5
        },
        "SERP MS Divergence": {
            "mean": 0.8714285714285713,
            "std": 0.0764875162105191,
            "num_values": 5
        },
        "Pragmatic Divergence": {
            "mean": 0.8842105263157896,
            "std": 0.07323169318284668,
            "num_values": 5
        },
        "mean_rank": {
            "mean": 78.0378947368421,
            "std": 8.33891298708016,
            "num_values": 5
        },
        "diversity": {
            "mean": 0.9589473684210527,
            "std": 0.020560026299604874,
            "num_values": 5
        }
    },
    "a Chinese": {
        "IOU Divergence": {
            "mean": 0.9091518409165467,
            "std": 0.022517938309754626,
            "num_values": 5
        },
        "SERP MS Divergence": {
            "mean": 0.8923809523809524,
            "std": 0.03481079406189914,
            "num_values": 5
        },
        "Pragmatic Divergence": {
            "mean": 0.9042105263157895,
            "std": 0.03401156720295476,
            "num_values": 5
        },
        "mean_rank": {
            "mean": 91.75555555555556,
            "std": 28.76225171047618,
            "num_values": 5
        },
        "diversity": {
            "mean": 0.95,
            "std": 0.04472135954999579,
            "num_values": 5
        }
    },
    "a French": {
        "IOU Divergence": {
            "mean": 0.4629052506713677,
            "std": 0.12763274370108962,
            "num_values": 5
        },
        "SERP MS Divergence": {
            "mean": 0.18285714285714283,
            "std": 0.07816489344260265,
            "num_values": 5
        },
        "Pragmatic Divergence": {
            "mean": 0.3063157894736842,
            "std": 0.08663611934127263,
            "num_values": 5
        },
        "mean_rank": {
            "mean": 11.13684210526316,
            "std": 0.981603640157875,
            "num_values": 5
        },
        "diversity": {
            "mean": 1.0,
            "std": 0.0,
            "num_values": 5
        }
    },
    "a German": {
        "IOU Divergence": {
            "mean": 0.8799551891463656,
            "std": 0.18072195601647856,
            "num_values": 5
        },
        "SERP MS Divergence": {
            "mean": 0.8142857142857144,
            "std": 0.2526413750736268,
            "num_values": 5
        },
        "Pragmatic Divergence": {
            "mean": 0.8389473684210527,
            "std": 0.20145179444414127,
            "num_values": 5
        },
        "mean_rank": {
            "mean": 179.56153846153848,
            "std": 70.41284679717786,
            "num_values": 5
        },
        "diversity": {
            "mean": 1.0,
            "std": 0.0,
            "num_values": 5
        }
    },
    "a Japanese": {
        "IOU Divergence": {
            "mean": 0.57673996748524,
            "std": 0.17725665957221223,
            "num_values": 5
        },
        "SERP MS Divergence": {
            "mean": 0.4295238095238096,
            "std": 0.2350934585231218,
            "num_values": 5
        },
        "Pragmatic Divergence": {
            "mean": 0.5526315789473684,
            "std": 0.17736139295774422,
            "num_values": 5
        },
        "mean_rank": {
            "mean": 30.021052631578947,
            "std": 16.5930800247917,
            "num_values": 5
        },
        "diversity": {
            "mean": 0.93,
            "std": 0.09797958971132713,
            "num_values": 5
        }
    },
    "a girl": {
        "IOU Divergence": {
            "mean": 0.4773980042945561,
            "std": 0.10617989484947167,
            "num_values": 5
        },
        "SERP MS Divergence": {
            "mean": 0.18285714285714286,
            "std": 0.07520795056152241,
            "num_values": 5
        },
        "Pragmatic Divergence": {
            "mean": 0.308421052631579,
            "std": 0.08431572376631909,
            "num_values": 5
        },
        "mean_rank": {
            "mean": 10.76842105263158,
            "std": 0.8587822338682585,
            "num_values": 5
        },
        "diversity": {
            "mean": 1.0,
            "std": 0.0,
            "num_values": 5
        }
    },
    "a boy": {
        "IOU Divergence": {
            "mean": 0.39678929765886295,
            "std": 0.07332080104884592,
            "num_values": 5
        },
        "SERP MS Divergence": {
            "mean": 0.14380952380952378,
            "std": 0.04122830632745404,
            "num_values": 5
        },
        "Pragmatic Divergence": {
            "mean": 0.20842105263157898,
            "std": 0.0656187257916156,
            "num_values": 5
        },
        "mean_rank": {
            "mean": 24.863157894736844,
            "std": 4.584642556232825,
            "num_values": 5
        },
        "diversity": {
            "mean": 1.0,
            "std": 0.0,
            "num_values": 5
        }
    },
    "a female": {
        "IOU Divergence": {
            "mean": 0.32751190838147365,
            "std": 0.09891349071628953,
            "num_values": 5
        },
        "SERP MS Divergence": {
            "mean": 0.14190476190476184,
            "std": 0.048130585784736266,
            "num_values": 5
        },
        "Pragmatic Divergence": {
            "mean": 0.25157894736842107,
            "std": 0.06284131181726021,
            "num_values": 5
        },
        "mean_rank": {
            "mean": 24.52631578947368,
            "std": 5.830381788575601,
            "num_values": 5
        },
        "diversity": {
            "mean": 1.0,
            "std": 0.0,
            "num_values": 5
        }
    },
    "a male": {
        "IOU Divergence": {
            "mean": 0.3127272727272727,
            "std": 0.10688682513962963,
            "num_values": 5
        },
        "SERP MS Divergence": {
            "mean": 0.08571428571428567,
            "std": 0.06331721957559872,
            "num_values": 5
        },