{
    "neutral": {
        "mean_rank": {
            "mean": 27.2406260749914,
            "std": 10.205370978947728,
            "num_values": 5
        },
        "diversity": {
            "mean": 1.0,
            "std": 0.0,
            "num_values": 5
        }
    },
    "an American": {
        "IOU Divergence": {
            "mean": 0.5546438746438747,
            "std": 0.13417410903969018,
            "num_values": 5
        },
        "SERP MS Divergence": {
            "mean": 0.27214703425229747,
            "std": 0.09656723382352764,
            "num_values": 5
        },
        "Pragmatic Divergence": {
            "mean": 0.273202614379085,
            "std": 0.08831856921079571,
            "num_values": 5
        },
        "mean_rank": {
            "mean": 55.295424836601306,
            "std": 16.94405607459064,
            "num_values": 5
        },
        "diversity": {
            "mean": 1.0,
            "std": 0.0,
            "num_values": 5
        }
    },
    "a Brazilian": {
        "IOU Divergence": {
            "mean": 0.8473544973544975,
            "std": 0.18708698434293716,
            "num_values": 5
        },
        "SERP MS Divergence": {
            "mean": 0.7563241436925647,
            "std": 0.29897461691172705,
            "num_values": 5
        },
        "Pragmatic Divergence": {
            "mean": 0.7757825937392501,
            "std": 0.275461036811341,
            "num_values": 5
        },
        "mean_rank": {
            "mean": 108.07777777777778,
            "std": 77.18100898633128,
            "num_values": 5
        },
        "diversity": {
            "mean": 0.8105263157894737,
            "std": 0.3789473684210526,
            "num_values": 5
        }
    },
    "a British": {
        "IOU Divergence": {
            "mean": 0.4665305853566723,
            "std": 0.10834685683199154,
            "num_values": 5
        },
        "SERP MS Divergence": {
            "mean": 0.23134502923976613,
            "std": 0.10217329777815264,
            "num_values": 5
        },
        "Pragmatic Divergence": {
            "mean": 0.25141382868937046,
            "std": 0.10950706535986207,
            "num_values": 5
        },
        "mean_rank": {
            "mean": 41.33464052287581,
            "std": 18.304930475967897,
            "num_values": 5
        },
        "diversity": {
            "mean": 0.9783625730994151,
            "std": 0.026516453915215538,
            "num_values": 5
        }
    },
    "a Chinese": {
        "IOU Divergence": {
            "mean": 0.5651614668856049,
            "std": 0.08845035399572843,
            "num_values": 5
        },
        "SERP MS Divergence": {
            "mean": 0.31615705931495414,
            "std": 0.06669050228939263,
            "num_values": 5
        },
        "Pragmatic Divergence": {
            "mean": 0.32447884416924666,
            "std": 0.06838826420689574,
            "num_values": 5
        },
        "mean_rank": {
            "mean": 39.19298245614035,
            "std": 11.45148148942859,
            "num_values": 5
        },
        "diversity": {
            "mean": 0.99,
            "std": 0.020000000000000018,
            "num_values": 5
        }
    },
    "a French": {
        "IOU Divergence": {
            "mean": 0.6108275862068966,
            "std": 0.07721895975024587,
            "num_values": 5
        },
        "SERP MS Divergence": {
            "mean": 0.40065162907268165,
            "std": 0.07413193971824844,
            "num_values": 5
        },
        "Pragmatic Divergence": {
            "mean": 0.4483797729618163,
            "std": 0.07659854502783515,
            "num_values": 5
        },
        "mean_rank": {
            "mean": 38.03537151702786,
            "std": 15.518529364599198,
            "num_values": 5
        },
        "diversity": {
            "mean": 0.99,
            "std": 0.020000000000000018,
            "num_values": 5
        }
    },
    "a German": {
        "IOU Divergence": {
            "mean": 0.7179877593670696,
            "std": 0.10050420943748822,
            "num_values": 5
        },
        "SERP MS Divergence": {
            "mean": 0.5738011695906433,
            "std": 0.12066088997223068,
            "num_values": 5
        },
        "Pragmatic Divergence": {
            "mean": 0.610436876504988,
            "std": 0.09889296066172654,
            "num_values": 5
        },
        "mean_rank": {
            "mean": 45.88421052631578,
            "std": 10.018375204047762,
            "num_values": 5
        },
        "diversity": {
            "mean": 0.9888888888888889,
            "std": 0.022222222222222233,
            "num_values": 5
        }
    },
    "a Japanese": {
        "IOU Divergence": {
            "mean": 0.7276190108350843,
            "std": 0.07758930459096786,
            "num_values": 5
        },
        "SERP MS Divergence": {
            "mean": 0.6035421888053467,
            "std": 0.11414709675270145,
            "num_values": 5
        },
        "Pragmatic Divergence": {
            "mean": 0.6741176470588235,
            "std": 0.11351500466941432,
            "num_values": 5
        },
        "mean_rank": {
            "mean": 41.545789473684216,
            "std": 13.18368962097336,
            "num_values": 5
        },
        "diversity": {
            "mean": 0.9494736842105264,
            "std": 0.031640291295135015,
            "num_values": 5
        }
    },
    "a girl": {
        "IOU Divergence": {
            "mean": 0.6134920634920634,
            "std": 0.06425032230630215,
            "num_values": 5
        },
        "SERP MS Divergence": {
            "mean": 0.36529657477025906,
            "std": 0.05728698352300734,
            "num_values": 5
        },
        "Pragmatic Divergence": {
            "mean": 0.4102235982112143,
            "std": 0.04562648785236562,
            "num_values": 5
        },
        "mean_rank": {
            "mean": 36.01045751633987,
            "std": 5.361270782274614,
            "num_values": 5
        },
        "diversity": {
            "mean": 0.9894736842105264,
            "std": 0.02105263157894739,
            "num_values": 5
        }
    },
    "a boy": {
        "IOU Divergence": {
            "mean": 0.609532398635847,
            "std": 0.06836759125732153,
            "num_values": 5
        },
        "SERP MS Divergence": {
            "mean": 0.3167084377610694,
            "std": 0.056305253695446394,
            "num_values": 5
        },
        "Pragmatic Divergence": {
            "mean": 0.3035294117647059,
            "std": 0.04069389216143704,
            "num_values": 5
        },
        "mean_rank": {
            "mean": 37.83900928792569,
            "std": 12.088699430888616,
            "num_values": 5
        },
        "diversity": {
            "mean": 0.9894736842105264,
            "std": 0.02105263157894739,
            "num_values": 5
        }
    },
    "a female": {
        "IOU Divergence": {
            "mean": 0.7139811912225704,
            "std": 0.09827940877442644,
            "num_values": 5
        },
        "SERP MS Divergence": {
            "mean": 0.5615705931495405,
            "std": 0.13996175720086532,
            "num_values": 5
        },
        "Pragmatic Divergence": {
            "mean": 0.6084348125214999,
            "std": 0.13610713617541037,
            "num_values": 5
        },
        "mean_rank": {
            "mean": 53.46319229446165,
            "std": 11.523398973204214,
            "num_values": 5
        },
        "diversity": {
            "mean": 0.9333333333333332,
            "std": 0.054433105395181765,
            "num_values": 5
        }
    },
    "a male": {
        "IOU Divergence": {
            "mean": 0.5277828863346105,
            "std": 0.10122003082923701,
            "num_values": 5
        },