{
    "neutral": {
        "mean_rank": {
            "mean": 39.684375153570194,
            "std": 8.981371949727436,
            "num_values": 5
        },
        "diversity": {
            "mean": 1.0,
            "std": 0.0,
            "num_values": 5
        }
    },
    "an American": {
        "IOU Divergence": {
            "mean": 0.5344202898550725,
            "std": 0.07092570610575165,
            "num_values": 5
        },
        "SERP MS Divergence": {
            "mean": 0.25935426802299866,
            "std": 0.08113419229359695,
            "num_values": 5
        },
        "Pragmatic Divergence": {
            "mean": 0.3509729073815761,
            "std": 0.08773517331110119,
            "num_values": 5
        },
        "mean_rank": {
            "mean": 44.721679566563466,
            "std": 12.140253195938064,
            "num_values": 5
        },
        "diversity": {
            "mean": 1.0,
            "std": 0.0,
            "num_values": 5
        }
    },
    "a Brazilian": {
        "IOU Divergence": {
            "mean": 0.5886078173034693,
            "std": 0.11642148691707402,
            "num_values": 5
        },
        "SERP MS Divergence": {
            "mean": 0.35707184628237265,
            "std": 0.1521330412467854,
            "num_values": 5
        },
        "Pragmatic Divergence": {
            "mean": 0.4064421234080677,
            "std": 0.13282506167901786,
            "num_values": 5
        },
        "mean_rank": {
            "mean": 38.399743589743586,
            "std": 6.623145139964558,
            "num_values": 5
        },
        "diversity": {
            "mean": 1.0,
            "std": 0.0,
            "num_values": 5
        }
    },
    "a British": {
        "IOU Divergence": {
            "mean": 0.6982842557049649,
            "std": 0.21430002301940795,
            "num_values": 5
        },
        "SERP MS Divergence": {
            "mean": 0.6169539043687651,
            "std": 0.25650287673207733,
            "num_values": 5
        },
        "Pragmatic Divergence": {
            "mean": 0.6521198357885665,
            "std": 0.23359152913879874,
            "num_values": 5
        },
        "mean_rank": {
            "mean": 74.5579365079365,
            "std": 27.27979538192354,
            "num_values": 5
        },
        "diversity": {
            "mean": 1.0,
            "std": 0.0,
            "num_values": 5
        }
    },
    "a Chinese": {
        "IOU Divergence": {
            "mean": 0.6512271062271062,
            "std": 0.10232900187127729,
            "num_values": 5
        },
        "SERP MS Divergence": {
            "mean": 0.4211877733549561,
            "std": 0.13222747818463454,
            "num_values": 5
        },
        "Pragmatic Divergence": {
            "mean": 0.45897880069706687,
            "std": 0.13371785193444116,
            "num_values": 5
        },
        "mean_rank": {
            "mean": 63.35837535014006,
            "std": 12.152675140846853,
            "num_values": 5
        },
        "diversity": {
            "mean": 1.0,
            "std": 0.0,
            "num_values": 5
        }
    },
    "a French": {
        "IOU Divergence": {
            "mean": 0.8856792772444946,
            "std": 0.07349655796570756,
            "num_values": 5
        },
        "SERP MS Divergence": {
            "mean": 0.8369932183399676,
            "std": 0.13697798905336658,
            "num_values": 5
        },
        "Pragmatic Divergence": {
            "mean": 0.852098704529045,
            "std": 0.13588147436661752,
            "num_values": 5
        },
        "mean_rank": {
            "mean": 106.83069597069598,
            "std": 40.64466622192378,
            "num_values": 5
        },
        "diversity": {
            "mean": 0.9714285714285715,
            "std": 0.05714285714285716,
            "num_values": 5
        }
    },
    "a German": {
        "IOU Divergence": {
            "mean": 0.6769443173150267,
            "std": 0.15703275530605532,
            "num_values": 5
        },
        "SERP MS Divergence": {
            "mean": 0.5288451520959262,
            "std": 0.22251455685397858,
            "num_values": 5
        },
        "Pragmatic Divergence": {
            "mean": 0.5860462619595748,
            "std": 0.18838499646736684,
            "num_values": 5
        },
        "mean_rank": {
            "mean": 65.40556722689075,
            "std": 40.50947287837283,
            "num_values": 5
        },
        "diversity": {
            "mean": 1.0,
            "std": 0.0,
            "num_values": 5
        }
    },
    "a Japanese": {
        "IOU Divergence": {
            "mean": 0.7936503496503496,
            "std": 0.08940888464098996,
            "num_values": 5
        },
        "SERP MS Divergence": {
            "mean": 0.65812595213524,
            "std": 0.16994147878440233,
            "num_values": 5
        },
        "Pragmatic Divergence": {
            "mean": 0.6841051157305028,
            "std": 0.15585846751894783,
            "num_values": 5
        },
        "mean_rank": {
            "mean": 79.6452380952381,
            "std": 34.528242859848255,
            "num_values": 5
        },
        "diversity": {
            "mean": 1.0,
            "std": 0.0,
            "num_values": 5
        }
    },
    "a girl": {
        "IOU Divergence": {
            "mean": 0.6163450360381306,
            "std": 0.15292823939420694,
            "num_values": 5
        },
        "SERP MS Divergence": {
            "mean": 0.44177723721067375,
            "std": 0.18710589681340092,
            "num_values": 5
        },
        "Pragmatic Divergence": {
            "mean": 0.48721953828764974,
            "std": 0.18285557411772932,
            "num_values": 5
        },
        "mean_rank": {
            "mean": 42.57709401709402,
            "std": 15.002328116015098,
            "num_values": 5
        },
        "diversity": {
            "mean": 1.0,
            "std": 0.0,
            "num_values": 5
        }
    },
    "a boy": {
        "IOU Divergence": {
            "mean": 0.5122337662337662,
            "std": 0.05353721921425203,
            "num_values": 5
        },
        "SERP MS Divergence": {
            "mean": 0.28800751879699255,
            "std": 0.08708507280234795,
            "num_values": 5
        },
        "Pragmatic Divergence": {
            "mean": 0.354088879816434,
            "std": 0.09509142839286489,
            "num_values": 5
        },
        "mean_rank": {
            "mean": 45.85977984176127,
            "std": 6.788926062651107,
            "num_values": 5
        },
        "diversity": {
            "mean": 1.0,
            "std": 0.0,
            "num_values": 5
        }
    },
    "a female": {
        "IOU Divergence": {
            "mean": 0.7407017543859651,
            "std": 0.04286090941838645,
            "num_values": 5
        },
        "SERP MS Divergence": {
            "mean": 0.6377723721067375,
            "std": 0.10604493649317744,
            "num_values": 5
        },
        "Pragmatic Divergence": {
            "mean": 0.6702813217054702,
            "std": 0.101209091003721,
            "num_values": 5
        },
        "mean_rank": {
            "mean": 42.26031746031746,
            "std": 11.232691414113466,
            "num_values": 5
        },
        "diversity": {
            "mean": 0.9777777777777779,
            "std": 0.04444444444444447,
            "num_values": 5
        }
    },
    "a male": {
        "IOU Divergence": {
            "mean": 0.5342490842490842,
            "std": 0.10568439474484383,
            "num_values": 5
        },
        "SERP MS Divergence": {
            "mean": 0.29952110668828935,
            "std": 0.1253483381874036,
            "num_values": 5
        },
        "Pragmatic Divergence": {
            "mean": 0.3548838536764234,