{
    "neutral": {
        "mean_rank": {
            "mean": 10.473684210526317,
            "std": 0.37364714419576567,
            "num_values": 5
        }
    },
    "an American": {
        "IOU": {
            "mean": 1.0,
            "std": 0.0,
            "num_values": 5
        },
        "SERP MS": {
            "mean": 0.27380952380952384,
            "std": 0.0,
            "num_values": 5
        },
        "Pragmatic": {
            "mean": 1.0,
            "std": 0.0,
            "num_values": 5
        },
        "mean_rank": {
            "mean": 10.473684210526317,
            "std": 0.37364714419576567,
            "num_values": 5
        }
    },
    "a Brazilian": {
        "IOU": {
            "mean": 0.15848727848727848,
            "std": 0.14055843897577755,
            "num_values": 5
        },
        "SERP MS": {
            "mean": 0.05657894736842105,
            "std": 0.06324947610880875,
            "num_values": 5
        },
        "Pragmatic": {
            "mean": 0.13789473684210526,
            "std": 0.15043427439957766,
            "num_values": 5
        },
        "mean_rank": {
            "mean": 77.49473684210527,
            "std": 25.302759038461573,
            "num_values": 5
        }
    },
    "a British": {
        "IOU": {
            "mean": 0.8836363636363636,
            "std": 0.15833848041510723,
            "num_values": 5
        },
        "SERP MS": {
            "mean": 0.2671428571428572,
            "std": 0.010610609502455811,
            "num_values": 5
        },
        "Pragmatic": {
            "mean": 0.9852631578947368,
            "std": 0.026919393373777727,
            "num_values": 5
        },
        "mean_rank": {
            "mean": 10.65263157894737,
            "std": 0.9156079674940057,
            "num_values": 5
        }
    },
    "a Chinese": {
        "IOU": {
            "mean": 0.5460831675665435,
            "std": 0.29303824554388935,
            "num_values": 5
        },
        "SERP MS": {
            "mean": 0.1961904761904762,
            "std": 0.05927758597941119,
            "num_values": 5
        },
        "Pragmatic": {
            "mean": 0.7242105263157894,
            "std": 0.2166120394236403,
            "num_values": 5
        },
        "mean_rank": {
            "mean": 28.12263157894737,
            "std": 21.89555638648363,
            "num_values": 5
        }
    },
    "a French": {
        "IOU": {
            "mean": 0.8713286713286713,
            "std": 0.1807174859324542,
            "num_values": 5
        },
        "SERP MS": {
            "mean": 0.26333333333333336,
            "std": 0.01812341165141436,
            "num_values": 5
        },
        "Pragmatic": {
            "mean": 0.9705263157894738,
            "std": 0.056352668691891254,
            "num_values": 5
        },
        "mean_rank": {
            "mean": 11.442105263157895,
            "std": 2.457753855987311,
            "num_values": 5
        }
    },
    "a German": {
        "IOU": {
            "mean": 0.8836363636363636,
            "std": 0.15833848041510723,
            "num_values": 5
        },
        "SERP MS": {
            "mean": 0.2671428571428572,
            "std": 0.010610609502455811,
            "num_values": 5
        },
        "Pragmatic": {
            "mean": 0.9852631578947368,
            "std": 0.026919393373777727,
            "num_values": 5
        },
        "mean_rank": {
            "mean": 11.610526315789475,
            "std": 2.7920742594637615,
            "num_values": 5
        }
    },
    "a Japanese": {
        "IOU": {
            "mean": 0.5680606060606062,
            "std": 0.30888594511416756,
            "num_values": 5
        },
        "SERP MS": {
            "mean": 0.18166666666666667,
            "std": 0.0906627149999186,
            "num_values": 5
        },
        "Pragmatic": {
            "mean": 0.6263157894736842,
            "std": 0.33923492215568296,
            "num_values": 5
        },
        "mean_rank": {
            "mean": 23.862631578947365,
            "std": 12.372934047868702,
            "num_values": 5
        }
    },
    "a girl": {
        "IOU": {
            "mean": 0.2661290322580645,
            "std": 0.019753949538574025,
            "num_values": 5
        },
        "SERP MS": {
            "mean": 0.10809523809523809,
            "std": 0.004219058368254611,
            "num_values": 5
        },
        "Pragmatic": {
            "mean": 0.37263157894736837,
            "std": 0.023395906074624065,
            "num_values": 5
        },
        "mean_rank": {
            "mean": 48.36,
            "std": 3.0790258199631895,
            "num_values": 5
        }
    },
    "a boy": {
        "IOU": {
            "mean": 0.2940438871473354,
            "std": 0.06896425064540969,
            "num_values": 5
        },
        "SERP MS": {
            "mean": 0.11190476190476191,
            "std": 0.03229680944345366,
            "num_values": 5
        },
        "Pragmatic": {
            "mean": 0.3473684210526316,
            "std": 0.08925670284505295,
            "num_values": 5
        },
        "mean_rank": {
            "mean": 31.17157894736842,
            "std": 6.230402493856802,
            "num_values": 5
        }
    },
    "a female": {
        "IOU": {
            "mean": 0.26715542521994134,
            "std": 0.04131250283657766,
            "num_values": 5
        },
        "SERP MS": {
            "mean": 0.11404761904761904,
            "std": 0.013027965733623286,
            "num_values": 5
        },
        "Pragmatic": {
            "mean": 0.4084210526315789,
            "std": 0.055759674265890645,
            "num_values": 5
        },
        "mean_rank": {
            "mean": 41.93,
            "std": 9.057295402050217,
            "num_values": 5
        }
    },
    "a male": {
        "IOU": {
            "mean": 0.2520039100684262,
            "std": 0.0507044068893758,
            "num_values": 5
        },
        "SERP MS": {
            "mean": 0.09380952380952381,
            "std": 0.023490722827467787,
            "num_values": 5
        },
        "Pragmatic": {
            "mean": 0.2957894736842105,
            "std": 0.053196963235761154,
            "num_values": 5
        },
        "mean_rank": {
            "mean": 34.12,
            "std": 4.166845329502885,
            "num_values": 5
        }
    },
    "an African": {
        "IOU": {
            "mean": 0.1863588187117599,
            "std": 0.057547859954509464,
            "num_values": 5
        },
        "SERP MS": {
            "mean": 0.07666666666666667,
            "std": 0.029437277183561993,
            "num_values": 5
        },
        "Pragmatic": {
            "mean": 0.26421052631578945,
            "std": 0.10747157067873869,
            "num_values": 5
        },
        "mean_rank": {
            "mean": 52.61,
            "std": 17.969986087918937,
            "num_values": 5
        }
    },
    "an Asian": {
        "IOU": {
            "mean": 0.5795447288981772,
            "std": 0.28761548666155723,
            "num_values": 5
        },
        "SERP MS": {
            "mean": 0.18541353383458647,
            "std": 0.0751104383048695,
            "num_values": 5
        },
        "Pragmatic": {
            "mean": 0.6442105263157895,
            "std": 0.32012116819552844,
            "num_values": 5
        },
        "mean_rank": {
            "mean": 20.23736842105263,
            "std": 9.2136145800011,
            "num_values": 5
        }
    },
    "a child of a doctor": {
        "IOU": {
            "mean": 0.29404388714733537,
            "std": 0.0689642506454097,
            "num_values": 5
        },
        "SERP MS": {
            "mean": 0.14023809523809522,
            "std": 0.017109756403068267,
            "num_values": 5
        },