{
    "neutral": {
        "mean_rank": {
            "mean": 42.57406260749913,
            "std": 26.170402681138278,
            "num_values": 5
        }
    },
    "an American": {
        "IOU": {
            "mean": 0.4665778222000111,
            "std": 0.1120714358336312,
            "num_values": 5
        },
        "SERP MS": {
            "mean": 0.21076023391812865,
            "std": 0.023025182069434814,
            "num_values": 5
        },
        "Pragmatic": {
            "mean": 0.7684210526315789,
            "std": 0.09889578791888036,
            "num_values": 5
        },
        "mean_rank": {
            "mean": 33.006776745786034,
            "std": 18.238665098370678,
            "num_values": 5
        }
    },
    "a Brazilian": {
        "IOU": {
            "mean": 0.15317460317460316,
            "std": 0.1915906550120111,
            "num_values": 5
        },
        "SERP MS": {
            "mean": 0.06829598506069094,
            "std": 0.08434699631938136,
            "num_values": 5
        },
        "Pragmatic": {
            "mean": 0.19438596491228072,
            "std": 0.23850978816815047,
            "num_values": 5
        },
        "mean_rank": {
            "mean": 599.8265664160401,
            "std": 308.123377570664,
            "num_values": 5
        }
    },
    "a British": {
        "IOU": {
            "mean": 0.3965332828091449,
            "std": 0.08914523297882884,
            "num_values": 5
        },
        "SERP MS": {
            "mean": 0.18754901960784315,
            "std": 0.036017343770009556,
            "num_values": 5
        },
        "Pragmatic": {
            "mean": 0.6023323013415893,
            "std": 0.09436246290465948,
            "num_values": 5
        },
        "mean_rank": {
            "mean": 44.60372807017544,
            "std": 24.709175354352574,
            "num_values": 5
        }
    },
    "a Chinese": {
        "IOU": {
            "mean": 0.1473083778966132,
            "std": 0.05140983133824822,
            "num_values": 5
        },
        "SERP MS": {
            "mean": 0.06160880141530296,
            "std": 0.03436760577371183,
            "num_values": 5
        },
        "Pragmatic": {
            "mean": 0.14347437220502238,
            "std": 0.06739693741982726,
            "num_values": 5
        },
        "mean_rank": {
            "mean": 326.508954248366,
            "std": 80.03545983199058,
            "num_values": 5
        }
    },
    "a French": {
        "IOU": {
            "mean": 0.3448324982807741,
            "std": 0.06380069312865654,
            "num_values": 5
        },
        "SERP MS": {
            "mean": 0.20820691434468525,
            "std": 0.03320039540329266,
            "num_values": 5
        },
        "Pragmatic": {
            "mean": 0.5816855865153079,
            "std": 0.09825307328887982,
            "num_values": 5
        },
        "mean_rank": {
            "mean": 115.06064425770307,
            "std": 67.089725398095,
            "num_values": 5
        }
    },
    "a German": {
        "IOU": {
            "mean": 0.3913526448009207,
            "std": 0.04203604413098543,
            "num_values": 5
        },
        "SERP MS": {
            "mean": 0.18299081035923143,
            "std": 0.01777758639132916,
            "num_values": 5
        },
        "Pragmatic": {
            "mean": 0.5653525971792226,
            "std": 0.08387769031617648,
            "num_values": 5
        },
        "mean_rank": {
            "mean": 96.05882352941175,
            "std": 30.971538474547412,
            "num_values": 5
        }
    },
    "a Japanese": {
        "IOU": {
            "mean": 0.31833492975734357,
            "std": 0.06846437232463554,
            "num_values": 5
        },
        "SERP MS": {
            "mean": 0.1418045112781955,
            "std": 0.008580748717914801,
            "num_values": 5
        },
        "Pragmatic": {
            "mean": 0.47031991744066043,
            "std": 0.02570273590926048,
            "num_values": 5
        },
        "mean_rank": {
            "mean": 121.29795321637425,
            "std": 83.6173649068378,
            "num_values": 5
        }
    },
    "a girl": {
        "IOU": {
            "mean": 0.3719912560557722,
            "std": 0.10024461785425107,
            "num_values": 5
        },
        "SERP MS": {
            "mean": 0.17957393483709275,
            "std": 0.04752430887102682,
            "num_values": 5
        },
        "Pragmatic": {
            "mean": 0.5590712074303406,
            "std": 0.08635303491960271,
            "num_values": 5
        },
        "mean_rank": {
            "mean": 97.9454076367389,
            "std": 81.01392817079791,
            "num_values": 5
        }
    },
    "a boy": {
        "IOU": {
            "mean": 0.5371258052292535,
            "std": 0.12312519149234046,
            "num_values": 5
        },
        "SERP MS": {
            "mean": 0.2115455304928989,
            "std": 0.018530711140815757,
            "num_values": 5
        },
        "Pragmatic": {
            "mean": 0.7608806329549364,
            "std": 0.06936464915350492,
            "num_values": 5
        },
        "mean_rank": {
            "mean": 47.924458204334364,
            "std": 32.58466738000532,
            "num_values": 5
        }
    },
    "a female": {
        "IOU": {
            "mean": 0.3283941864587026,
            "std": 0.05455987848950821,
            "num_values": 5
        },
        "SERP MS": {
            "mean": 0.18416015529018626,
            "std": 0.041349697215359506,
            "num_values": 5
        },
        "Pragmatic": {
            "mean": 0.5324389404884762,
            "std": 0.06629256996624444,
            "num_values": 5
        },
        "mean_rank": {
            "mean": 74.48888888888888,
            "std": 38.705366967628215,
            "num_values": 5
        }
    },
    "a male": {
        "IOU": {
            "mean": 0.6354852876592008,
            "std": 0.1673485956317712,
            "num_values": 5
        },
        "SERP MS": {
            "mean": 0.23155388471177946,
            "std": 0.030065124673948052,
            "num_values": 5
        },
        "Pragmatic": {
            "mean": 0.8845889232886137,
            "std": 0.08980500233490747,
            "num_values": 5
        },
        "mean_rank": {
            "mean": 37.89005847953216,
            "std": 22.38473491399278,
            "num_values": 5
        }
    },
    "an African": {
        "IOU": {
            "mean": 0.16594164456233423,
            "std": 0.06972459446874125,
            "num_values": 5
        },
        "SERP MS": {
            "mean": 0.19894818932357633,
            "std": 0.13457919939239904,
            "num_values": 5
        },
        "Pragmatic": {
            "mean": 0.29577571379428963,
            "std": 0.12921619760343295,
            "num_values": 5
        },
        "mean_rank": {
            "mean": 504.4,
            "std": 142.6755822759374,
            "num_values": 5
        }
    },
    "an Asian": {
        "IOU": {
            "mean": 0.2673431085043988,
            "std": 0.13989058841216553,
            "num_values": 5
        },
        "SERP MS": {
            "mean": 0.1067878028404344,
            "std": 0.062318488789318074,
            "num_values": 5
        },
        "Pragmatic": {
            "mean": 0.27901616787065703,
            "std": 0.17210244682111042,
            "num_values": 5
        },
        "mean_rank": {
            "mean": 288.7102614379085,
            "std": 188.47345331809305,
            "num_values": 5
        }
    },
    "a child of a doctor": {
        "IOU": {
            "mean": 0.544133779264214,
            "std": 0.09932139992915524,
            "num_values": 5
        },
        "SERP MS": {
            "mean": 0.24205347928645143,