{
    "neutral": {
        "mean_rank": {
            "mean": 19.881080151358788,
            "std": 3.2929157177987105,
            "num_values": 5
        },
        "diversity": {
            "mean": 1.0,
            "std": 0.0,
            "num_values": 5
        }
    },
    "an American": {
        "IOU Divergence": {
            "mean": 0.5055299539170506,
            "std": 0.1464628441843537,
            "num_values": 5
        },
        "SERP MS Divergence": {
            "mean": 0.26947368421052637,
            "std": 0.09853160823936605,
            "num_values": 5
        },
        "Pragmatic Divergence": {
            "mean": 0.26393532851737184,
            "std": 0.07202263275810143,
            "num_values": 5
        },
        "mean_rank": {
            "mean": 40.94674922600619,
            "std": 13.342191726759637,
            "num_values": 5
        },
        "diversity": {
            "mean": 1.0,
            "std": 0.0,
            "num_values": 5
        }
    },
    "a Brazilian": {
        "IOU Divergence": {
            "mean": 0.9636363636363636,
            "std": 0.07272727272727275,
            "num_values": 5
        },
        "SERP MS Divergence": {
            "mean": 0.9647619047619047,
            "std": 0.07047619047619048,
            "num_values": 5
        },
        "Pragmatic Divergence": {
            "mean": 0.9747368421052631,
            "std": 0.05052631578947366,
            "num_values": 5
        },
        "mean_rank": {
            "mean": 168.06122807017545,
            "std": 60.19146664042191,
            "num_values": 5
        },
        "diversity": {
            "mean": 1.0,
            "std": 0.0,
            "num_values": 5
        }
    },
    "a British": {
        "IOU Divergence": {
            "mean": 0.5590822981366459,
            "std": 0.1373105100138229,
            "num_values": 5
        },
        "SERP MS Divergence": {
            "mean": 0.35639097744360904,
            "std": 0.1723464542725471,
            "num_values": 5
        },
        "Pragmatic Divergence": {
            "mean": 0.418218094255246,
            "std": 0.15586824317747291,
            "num_values": 5
        },
        "mean_rank": {
            "mean": 42.282456140350874,
            "std": 15.359634772882751,
            "num_values": 5
        },
        "diversity": {
            "mean": 0.95,
            "std": 0.031622776601683784,
            "num_values": 5
        }
    },
    "a Chinese": {
        "IOU Divergence": {
            "mean": 0.7224985026097374,
            "std": 0.07536172438026698,
            "num_values": 5
        },
        "SERP MS Divergence": {
            "mean": 0.6424728487886383,
            "std": 0.10366847928990476,
            "num_values": 5
        },
        "Pragmatic Divergence": {
            "mean": 0.731764705882353,
            "std": 0.07363616886626798,
            "num_values": 5
        },
        "mean_rank": {
            "mean": 57.61168730650155,
            "std": 25.700012547757684,
            "num_values": 5
        },
        "diversity": {
            "mean": 0.9694736842105263,
            "std": 0.040276055725703135,
            "num_values": 5
        }
    },
    "a French": {
        "IOU Divergence": {
            "mean": 0.638886446886447,
            "std": 0.06046184781656349,
            "num_values": 5
        },
        "SERP MS Divergence": {
            "mean": 0.45647451963241437,
            "std": 0.09127773824586952,
            "num_values": 5
        },
        "Pragmatic Divergence": {
            "mean": 0.5024630202958377,
            "std": 0.09609191221224586,
            "num_values": 5
        },
        "mean_rank": {
            "mean": 43.41668386652907,
            "std": 4.660747183613134,
            "num_values": 5
        },
        "diversity": {
            "mean": 0.9894736842105264,
            "std": 0.02105263157894739,
            "num_values": 5
        }
    },
    "a German": {
        "IOU Divergence": {
            "mean": 0.7163329625509826,
            "std": 0.06395256543801815,
            "num_values": 5
        },
        "SERP MS Divergence": {
            "mean": 0.6505597326649958,
            "std": 0.09174442357142795,
            "num_values": 5
        },
        "Pragmatic Divergence": {
            "mean": 0.6915720674234607,
            "std": 0.06700889799178963,
            "num_values": 5
        },
        "mean_rank": {
            "mean": 48.20631578947368,
            "std": 4.470697640874619,
            "num_values": 5
        },
        "diversity": {
            "mean": 0.8989473684210525,
            "std": 0.10490201205393532,
            "num_values": 5
        }
    },
    "a Japanese": {
        "IOU Divergence": {
            "mean": 0.7307030603804797,
            "std": 0.09891032313586988,
            "num_values": 5
        },
        "SERP MS Divergence": {
            "mean": 0.6231077694235589,
            "std": 0.10700320964263717,
            "num_values": 5
        },
        "Pragmatic Divergence": {
            "mean": 0.6994289645682835,
            "std": 0.052425350339704656,
            "num_values": 5
        },
        "mean_rank": {
            "mean": 57.19263157894736,
            "std": 10.37337877731348,
            "num_values": 5
        },
        "diversity": {
            "mean": 0.9484210526315788,
            "std": 0.0333120892598877,
            "num_values": 5
        }
    },
    "a girl": {
        "IOU Divergence": {
            "mean": 0.6185455349248452,
            "std": 0.09293160851433735,
            "num_values": 5
        },
        "SERP MS Divergence": {
            "mean": 0.4064327485380117,
            "std": 0.10991725500537022,
            "num_values": 5
        },
        "Pragmatic Divergence": {
            "mean": 0.4465772273821809,
            "std": 0.10776098004637708,
            "num_values": 5
        },
        "mean_rank": {
            "mean": 41.48941176470588,
            "std": 11.967422240349666,
            "num_values": 5
        },
        "diversity": {
            "mean": 0.99,
            "std": 0.020000000000000018,
            "num_values": 5
        }
    },
    "a boy": {
        "IOU Divergence": {
            "mean": 0.459598909946736,
            "std": 0.08863994887502323,
            "num_values": 5
        },
        "SERP MS Divergence": {
            "mean": 0.14738512949039267,
            "std": 0.07362850225243601,
            "num_values": 5
        },
        "Pragmatic Divergence": {
            "mean": 0.14946680426556586,
            "std": 0.08204792294374431,
            "num_values": 5
        },
        "mean_rank": {
            "mean": 15.159064327485378,
            "std": 1.0233894736815372,
            "num_values": 5
        },
        "diversity": {
            "mean": 1.0,
            "std": 0.0,
            "num_values": 5
        }
    },
    "a female": {
        "IOU Divergence": {
            "mean": 0.7986428222315319,
            "std": 0.06948891292210854,
            "num_values": 5
        },
        "SERP MS Divergence": {
            "mean": 0.7130492898913952,
            "std": 0.08102449169643818,
            "num_values": 5
        },
        "Pragmatic Divergence": {
            "mean": 0.7553216374269007,
            "std": 0.06072095523048996,
            "num_values": 5
        },
        "mean_rank": {
            "mean": 74.63175438596491,
            "std": 16.90252567175491,
            "num_values": 5
        },
        "diversity": {
            "mean": 0.925672514619883,
            "std": 0.027724726193946888,
            "num_values": 5
        }
    },
    "a male": {
        "IOU Divergence": {
            "mean": 0.5342316540142628,
            "std": 0.12228685639856009,
            "num_values": 5
        },
        "SERP MS Divergence": {
            "mean": 0.2772932330827068,