{
    "neutral": {
        "mean_rank": {
            "mean": 21.14578947368421,
            "std": 1.5261720440478665,
            "num_values": 5
        },
        "diversity": {
            "mean": 0.9800000000000001,
            "std": 0.024494897427831803,
            "num_values": 5
        }
    },
    "an American": {
        "IOU Divergence": {
            "mean": 0.32372727272727275,
            "std": 0.12094954893851302,
            "num_values": 5
        },
        "SERP MS Divergence": {
            "mean": 0.12380952380952384,
            "std": 0.07259367238156005,
            "num_values": 5
        },
        "Pragmatic Divergence": {
            "mean": 0.23263157894736844,
            "std": 0.08859631752631919,
            "num_values": 5
        },
        "mean_rank": {
            "mean": 21.39,
            "std": 3.3859119894055123,
            "num_values": 5
        },
        "diversity": {
            "mean": 0.99,
            "std": 0.020000000000000018,
            "num_values": 5
        }
    },
    "a Brazilian": {
        "IOU Divergence": {
            "mean": 0.45633333333333337,
            "std": 0.10720903776164481,
            "num_values": 5
        },
        "SERP MS Divergence": {
            "mean": 0.24285714285714283,
            "std": 0.13645993988253022,
            "num_values": 5
        },
        "Pragmatic Divergence": {
            "mean": 0.45052631578947366,
            "std": 0.08747615424975466,
            "num_values": 5
        },
        "mean_rank": {
            "mean": 45.129999999999995,
            "std": 9.804060383330981,
            "num_values": 5
        },
        "diversity": {
            "mean": 1.0,
            "std": 0.0,
            "num_values": 5
        }
    },
    "a British": {
        "IOU Divergence": {
            "mean": 0.7557567571471909,
            "std": 0.06371378736864643,
            "num_values": 5
        },
        "SERP MS Divergence": {
            "mean": 0.6114285714285714,
            "std": 0.09363411204670821,
            "num_values": 5
        },
        "Pragmatic Divergence": {
            "mean": 0.6557894736842106,
            "std": 0.06277074322473924,
            "num_values": 5
        },
        "mean_rank": {
            "mean": 85.79713450292397,
            "std": 19.972728101139786,
            "num_values": 5
        },
        "diversity": {
            "mean": 1.0,
            "std": 0.0,
            "num_values": 5
        }
    },
    "a Chinese": {
        "IOU Divergence": {
            "mean": 0.5363682983682984,
            "std": 0.16591677052843254,
            "num_values": 5
        },
        "SERP MS Divergence": {
            "mean": 0.3114285714285714,
            "std": 0.29138188234779494,
            "num_values": 5
        },
        "Pragmatic Divergence": {
            "mean": 0.5284210526315789,
            "std": 0.1885827004341785,
            "num_values": 5
        },
        "mean_rank": {
            "mean": 21.01473684210526,
            "std": 3.825274454694671,
            "num_values": 5
        },
        "diversity": {
            "mean": 1.0,
            "std": 0.0,
            "num_values": 5
        }
    },
    "a French": {
        "IOU Divergence": {
            "mean": 0.868929211469534,
            "std": 0.03902072548507505,
            "num_values": 5
        },
        "SERP MS Divergence": {
            "mean": 0.8114285714285714,
            "std": 0.033617833513757696,
            "num_values": 5
        },
        "Pragmatic Divergence": {
            "mean": 0.8252631578947367,
            "std": 0.02773039973119893,
            "num_values": 5
        },
        "mean_rank": {
            "mean": 95.09,
            "std": 10.76479194778108,
            "num_values": 5
        },
        "diversity": {
            "mean": 0.9888888888888889,
            "std": 0.022222222222222233,
            "num_values": 5
        }
    },
    "a German": {
        "IOU Divergence": {
            "mean": 0.40837503237503237,
            "std": 0.11686421302439419,
            "num_values": 5
        },
        "SERP MS Divergence": {
            "mean": 0.21904761904761907,
            "std": 0.089392000230532,
            "num_values": 5
        },
        "Pragmatic Divergence": {
            "mean": 0.4378947368421052,
            "std": 0.08796876806642603,
            "num_values": 5
        },
        "mean_rank": {
            "mean": 36.13,
            "std": 8.053235374680167,
            "num_values": 5
        },
        "diversity": {
            "mean": 1.0,
            "std": 0.0,
            "num_values": 5
        }
    },
    "a Japanese": {
        "IOU Divergence": {
            "mean": 0.850827922077922,
            "std": 0.04240089167649942,
            "num_values": 5
        },
        "SERP MS Divergence": {
            "mean": 0.7895238095238095,
            "std": 0.04822471962351299,
            "num_values": 5
        },
        "Pragmatic Divergence": {
            "mean": 0.8042105263157895,
            "std": 0.043452141980105864,
            "num_values": 5
        },
        "mean_rank": {
            "mean": 55.45492955874535,
            "std": 25.412515780876728,
            "num_values": 5
        },
        "diversity": {
            "mean": 0.9353362573099414,
            "std": 0.037857638779058206,
            "num_values": 5
        }
    },
    "a girl": {
        "IOU Divergence": {
            "mean": 0.79935960591133,
            "std": 0.09732516414057753,
            "num_values": 5
        },
        "SERP MS Divergence": {
            "mean": 0.6942857142857143,
            "std": 0.1857850902877909,
            "num_values": 5
        },
        "Pragmatic Divergence": {
            "mean": 0.7421052631578948,
            "std": 0.1244155310913043,
            "num_values": 5
        },
        "mean_rank": {
            "mean": 45.629448621553884,
            "std": 12.072306601463199,
            "num_values": 5
        },
        "diversity": {
            "mean": 0.9857142857142858,
            "std": 0.02857142857142856,
            "num_values": 5
        }
    },
    "a boy": {
        "IOU Divergence": {
            "mean": 0.5125079365079366,
            "std": 0.06464153145473352,
            "num_values": 5
        },
        "SERP MS Divergence": {
            "mean": 0.24761904761904763,
            "std": 0.059628479399994445,
            "num_values": 5
        },
        "Pragmatic Divergence": {
            "mean": 0.44421052631578944,
            "std": 0.029698391536138714,
            "num_values": 5
        },
        "mean_rank": {
            "mean": 19.494736842105265,
            "std": 2.0388471023902714,
            "num_values": 5
        },
        "diversity": {
            "mean": 0.9800000000000001,
            "std": 0.024494897427831803,
            "num_values": 5
        }
    },
    "a female": {
        "IOU Divergence": {
            "mean": 0.6704298941798942,
            "std": 0.14883953900703298,
            "num_values": 5
        },
        "SERP MS Divergence": {
            "mean": 0.4895238095238096,
            "std": 0.1928753665699134,
            "num_values": 5
        },
        "Pragmatic Divergence": {
            "mean": 0.5831578947368421,
            "std": 0.13738354423709853,
            "num_values": 5
        },
        "mean_rank": {
            "mean": 35.71,
            "std": 13.93382216048418,
            "num_values": 5
        },
        "diversity": {
            "mean": 0.99,
            "std": 0.020000000000000018,
            "num_values": 5
        }
    },
    "a male": {
        "IOU Divergence": {
            "mean": 0.2834545454545454,
            "std": 0.12150798276862948,
            "num_values": 5
        },
        "SERP MS Divergence": {
            "mean": 0.13523809523809527,
            "std": 0.05982590009348351,