{
    "neutral": {
        "mean_rank": {
            "mean": 21.472105263157896,
            "std": 5.377815206837435,
            "num_values": 5
        },
        "diversity": {
            "mean": 1.0,
            "std": 0.0,
            "num_values": 5
        }
    },
    "an American": {
        "IOU Divergence": {
            "mean": 0.5798941798941799,
            "std": 0.04798215470372332,
            "num_values": 5
        },
        "SERP MS Divergence": {
            "mean": 0.2819047619047619,
            "std": 0.021380899352993973,
            "num_values": 5
        },
        "Pragmatic Divergence": {
            "mean": 0.28421052631578947,
            "std": 0.025998082179428374,
            "num_values": 5
        },
        "mean_rank": {
            "mean": 28.789473684210527,
            "std": 4.845879535899988,
            "num_values": 5
        },
        "diversity": {
            "mean": 1.0,
            "std": 0.0,
            "num_values": 5
        }
    },
    "a Brazilian": {
        "IOU Divergence": {
            "mean": 0.8906517853886274,
            "std": 0.11335738060224348,
            "num_values": 5
        },
        "SERP MS Divergence": {
            "mean": 0.8047619047619049,
            "std": 0.1722203935240488,
            "num_values": 5
        },
        "Pragmatic Divergence": {
            "mean": 0.8073684210526316,
            "std": 0.17432417981332948,
            "num_values": 5
        },
        "mean_rank": {
            "mean": 108.41526315789474,
            "std": 36.3363379851595,
            "num_values": 5
        },
        "diversity": {
            "mean": 1.0,
            "std": 0.0,
            "num_values": 5
        }
    },
    "a British": {
        "IOU Divergence": {
            "mean": 1.0,
            "std": 0.0,
            "num_values": 5
        },
        "SERP MS Divergence": {
            "mean": 1.0,
            "std": 0.0,
            "num_values": 5
        },
        "Pragmatic Divergence": {
            "mean": 1.0,
            "std": 0.0,
            "num_values": 5
        },
        "mean_rank": {
            "mean": 207.317134502924,
            "std": 27.897981624758046,
            "num_values": 5
        },
        "diversity": {
            "mean": 1.0,
            "std": 0.0,
            "num_values": 5
        }
    },
    "a Chinese": {
        "IOU Divergence": {
            "mean": 0.6557471264367816,
            "std": 0.05037840689841638,
            "num_values": 5
        },
        "SERP MS Divergence": {
            "mean": 0.4685714285714285,
            "std": 0.05089672082242811,
            "num_values": 5
        },
        "Pragmatic Divergence": {
            "mean": 0.4663157894736842,
            "std": 0.05141757786029399,
            "num_values": 5
        },
        "mean_rank": {
            "mean": 33.27,
            "std": 8.757374035634198,
            "num_values": 5
        },
        "diversity": {
            "mean": 1.0,
            "std": 0.0,
            "num_values": 5
        }
    },
    "a French": {
        "IOU Divergence": {
            "mean": 0.8314783807278736,
            "std": 0.11394349696922502,
            "num_values": 5
        },
        "SERP MS Divergence": {
            "mean": 0.7095238095238094,
            "std": 0.1783522464381198,
            "num_values": 5
        },
        "Pragmatic Divergence": {
            "mean": 0.7189473684210526,
            "std": 0.17004480426365196,
            "num_values": 5
        },
        "mean_rank": {
            "mean": 78.75152046783626,
            "std": 24.999158668788418,
            "num_values": 5
        },
        "diversity": {
            "mean": 1.0,
            "std": 0.0,
            "num_values": 5
        }
    },
    "a German": {
        "IOU Divergence": {
            "mean": 0.9622886043938677,
            "std": 0.01341042294807241,
            "num_values": 5
        },
        "SERP MS Divergence": {
            "mean": 0.9161904761904761,
            "std": 0.028026550418213628,
            "num_values": 5
        },
        "Pragmatic Divergence": {
            "mean": 0.9168421052631579,
            "std": 0.027730399731198927,
            "num_values": 5
        },
        "mean_rank": {
            "mean": 132.32865497076023,
            "std": 30.702553350784825,
            "num_values": 5
        },
        "diversity": {
            "mean": 1.0,
            "std": 0.0,
            "num_values": 5
        }
    },
    "a Japanese": {
        "IOU Divergence": {
            "mean": 0.7580699376524805,
            "std": 0.07128629530945133,
            "num_values": 5
        },
        "SERP MS Divergence": {
            "mean": 0.6380952380952382,
            "std": 0.07754743994598966,
            "num_values": 5
        },
        "Pragmatic Divergence": {
            "mean": 0.6663157894736843,
            "std": 0.06810453102998658,
            "num_values": 5
        },
        "mean_rank": {
            "mean": 62.33052631578947,
            "std": 20.382697539893247,
            "num_values": 5
        },
        "diversity": {
            "mean": 0.9894736842105264,
            "std": 0.02105263157894739,
            "num_values": 5
        }
    },
    "a girl": {
        "IOU Divergence": {
            "mean": 0.7081391875746715,
            "std": 0.09838808230086026,
            "num_values": 5
        },
        "SERP MS Divergence": {
            "mean": 0.5142857142857142,
            "std": 0.08053111678708459,
            "num_values": 5
        },
        "Pragmatic Divergence": {
            "mean": 0.511578947368421,
            "std": 0.08337745830868569,
            "num_values": 5
        },
        "mean_rank": {
            "mean": 31.316315789473684,
            "std": 7.212135894111026,
            "num_values": 5
        },
        "diversity": {
            "mean": 1.0,
            "std": 0.0,
            "num_values": 5
        }
    },
    "a boy": {
        "IOU Divergence": {
            "mean": 0.6825757575757576,
            "std": 0.1544860254124956,
            "num_values": 5
        },
        "SERP MS Divergence": {
            "mean": 0.49142857142857144,
            "std": 0.10922941801381712,
            "num_values": 5
        },
        "Pragmatic Divergence": {
            "mean": 0.5,
            "std": 0.10431148751021047,
            "num_values": 5
        },
        "mean_rank": {
            "mean": 42.469590643274856,
            "std": 2.214103050210677,
            "num_values": 5
        },
        "diversity": {
            "mean": 1.0,
            "std": 0.0,
            "num_values": 5
        }
    },
    "a female": {
        "IOU Divergence": {
            "mean": 0.7951354148697602,
            "std": 0.058902377727609895,
            "num_values": 5
        },
        "SERP MS Divergence": {
            "mean": 0.6152380952380953,
            "std": 0.07633319965529098,
            "num_values": 5
        },
        "Pragmatic Divergence": {
            "mean": 0.6115789473684211,
            "std": 0.07716586445520526,
            "num_values": 5
        },
        "mean_rank": {
            "mean": 35.31421052631579,
            "std": 5.0599846714536865,
            "num_values": 5
        },
        "diversity": {
            "mean": 1.0,
            "std": 0.0,
            "num_values": 5
        }
    },
    "a male": {
        "IOU Divergence": {
            "mean": 0.7623376623376624,
            "std": 0.06180250689503539,
            "num_values": 5
        },
        "SERP MS Divergence": {
            "mean": 0.6028571428571429,
            "std": 0.08835098013949805,
            "num_values": 5
        },
        "Pragmatic Divergence": {
            "mean": 0.6094736842105264,
            "std": 0.09316830152993184,
            "num_values": 5
        },
        "mean_rank": {
            "mean": 48.55842105263157,