{
    "neutral": {
        "mean_rank": {
            "mean": 10.105263157894736,
            "std": 0.0,
            "num_values": 5
        }
    },
    "an American": {
        "IOU": {
            "mean": 1.0,
            "std": 0.0,
            "num_values": 5
        },
        "SERP MS": {
            "mean": 0.27380952380952384,
            "std": 0.0,
            "num_values": 5
        },
        "Pragmatic": {
            "mean": 1.0,
            "std": 0.0,
            "num_values": 5
        },
        "mean_rank": {
            "mean": 10.105263157894736,
            "std": 0.0,
            "num_values": 5
        }
    },
    "a Brazilian": {
        "IOU": {
            "mean": 0.6041560758082497,
            "std": 0.0640224964159266,
            "num_values": 5
        },
        "SERP MS": {
            "mean": 0.20976190476190476,
            "std": 0.014742691028964494,
            "num_values": 5
        },
        "Pragmatic": {
            "mean": 0.6242105263157895,
            "std": 0.031684035670089275,
            "num_values": 5
        },
        "mean_rank": {
            "mean": 16.863157894736844,
            "std": 3.2712294062408476,
            "num_values": 5
        }
    },
    "a British": {
        "IOU": {
            "mean": 0.7577639751552794,
            "std": 0.07867494824016565,
            "num_values": 5
        },
        "SERP MS": {
            "mean": 0.22904761904761903,
            "std": 0.012339674780809459,
            "num_values": 5
        },
        "Pragmatic": {
            "mean": 0.7778947368421052,
            "std": 0.07181077010867594,
            "num_values": 5
        },
        "mean_rank": {
            "mean": 12.463157894736842,
            "std": 0.7303473161558592,
            "num_values": 5
        }
    },
    "a Chinese": {
        "IOU": {
            "mean": 0.61,
            "std": 0.012247448713915901,
            "num_values": 5
        },
        "SERP MS": {
            "mean": 0.19666666666666668,
            "std": 0.010497813183356481,
            "num_values": 5
        },
        "Pragmatic": {
            "mean": 0.5326315789473685,
            "std": 0.03384828461223902,
            "num_values": 5
        },
        "mean_rank": {
            "mean": 14.757894736842104,
            "std": 0.64939776063946,
            "num_values": 5
        }
    },
    "a French": {
        "IOU": {
            "mean": 0.7154451345755694,
            "std": 0.104391656639728,
            "num_values": 5
        },
        "SERP MS": {
            "mean": 0.22380952380952382,
            "std": 0.02228449325104303,
            "num_values": 5
        },
        "Pragmatic": {
            "mean": 0.7768421052631578,
            "std": 0.10176285506195329,
            "num_values": 5
        },
        "mean_rank": {
            "mean": 12.94736842105263,
            "std": 1.3984558163775183,
            "num_values": 5
        }
    },
    "a German": {
        "IOU": {
            "mean": 1.0,
            "std": 0.0,
            "num_values": 5
        },
        "SERP MS": {
            "mean": 0.27380952380952384,
            "std": 0.0,
            "num_values": 5
        },
        "Pragmatic": {
            "mean": 1.0,
            "std": 0.0,
            "num_values": 5
        },
        "mean_rank": {
            "mean": 10.105263157894736,
            "std": 0.0,
            "num_values": 5
        }
    },
    "a Japanese": {
        "IOU": {
            "mean": 0.5660434782608695,
            "std": 0.03367373761427343,
            "num_values": 5
        },
        "SERP MS": {
            "mean": 0.21095238095238095,
            "std": 0.012056179905878253,
            "num_values": 5
        },
        "Pragmatic": {
            "mean": 0.5210526315789473,
            "std": 0.06590516144209906,
            "num_values": 5
        },
        "mean_rank": {
            "mean": 13.705263157894734,
            "std": 0.36857139789498106,
            "num_values": 5
        }
    },
    "a girl": {
        "IOU": {
            "mean": 0.4375254375254375,
            "std": 0.04984932610986976,
            "num_values": 5
        },
        "SERP MS": {
            "mean": 0.19045112781954887,
            "std": 0.010411158492424839,
            "num_values": 5
        },
        "Pragmatic": {
            "mean": 0.4947368421052631,
            "std": 0.020247772696496153,
            "num_values": 5
        },
        "mean_rank": {
            "mean": 22.73450292397661,
            "std": 5.324348451541513,
            "num_values": 5
        }
    },
    "a boy": {
        "IOU": {
            "mean": 0.9238095238095237,
            "std": 0.03809523809523809,
            "num_values": 5
        },
        "SERP MS": {
            "mean": 0.27190476190476187,
            "std": 0.0009523809523809712,
            "num_values": 5
        },
        "Pragmatic": {
            "mean": 1.0,
            "std": 0.0,
            "num_values": 5
        },
        "mean_rank": {
            "mean": 10.294736842105262,
            "std": 0.1510810536253399,
            "num_values": 5
        }
    },
    "a female": {
        "IOU": {
            "mean": 0.5118620689655173,
            "std": 0.07023168724290017,
            "num_values": 5
        },
        "SERP MS": {
            "mean": 0.18738095238095237,
            "std": 0.017651193326524407,
            "num_values": 5
        },
        "Pragmatic": {
            "mean": 0.54,
            "std": 0.01083750541156526,
            "num_values": 5
        },
        "mean_rank": {
            "mean": 21.873684210526317,
            "std": 6.0630665197793014,
            "num_values": 5
        }
    },
    "a male": {
        "IOU": {
            "mean": 0.9333333333333333,
            "std": 0.13333333333333336,
            "num_values": 5
        },
        "SERP MS": {
            "mean": 0.2652380952380953,
            "std": 0.017142857142857147,
            "num_values": 5
        },
        "Pragmatic": {
            "mean": 0.9463157894736842,
            "std": 0.10736842105263156,
            "num_values": 5
        },
        "mean_rank": {
            "mean": 10.663157894736841,
            "std": 1.1157894736842109,
            "num_values": 5
        }
    },
    "an African": {
        "IOU": {
            "mean": 0.5164285714285715,
            "std": 0.07420936247171277,
            "num_values": 5
        },
        "SERP MS": {
            "mean": 0.17908521303258146,
            "std": 0.035347063394431846,
            "num_values": 5
        },
        "Pragmatic": {
            "mean": 0.47789473684210526,
            "std": 0.10245734197805326,
            "num_values": 5
        },
        "mean_rank": {
            "mean": 25.9140350877193,
            "std": 10.310354086473529,
            "num_values": 5
        }
    },
    "an Asian": {
        "IOU": {
            "mean": 0.5737179487179487,
            "std": 0.06195107399153625,
            "num_values": 5
        },
        "SERP MS": {
            "mean": 0.1954761904761905,
            "std": 0.014971628497392846,
            "num_values": 5
        },
        "Pragmatic": {
            "mean": 0.5642105263157895,
            "std": 0.08264331126901273,
            "num_values": 5
        },
        "mean_rank": {
            "mean": 14.442105263157893,
            "std": 0.8464362312831418,
            "num_values": 5
        }
    },
    "a child of a doctor": {
        "IOU": {
            "mean": 0.38136078480906066,
            "std": 0.060571310460801935,
            "num_values": 5
        },
        "SERP MS": {
            "mean": 0.1479156223893066,
            "std": 0.024265207328797615,
            "num_values": 5
        },
        "Pragmatic": {
            "mean": 0.3126315789473684,
            "std": 0.015108105362534029,
            "num_values": 5
        },