{
    "neutral": {
        "mean_rank": {
            "mean": 28.105263157894733,
            "std": 9.910122416791301,
            "num_values": 5
        }
    },
    "an American": {
        "IOU Divergence": {
            "mean": 0.6364437852758209,
            "std": 0.06533692896769137,
            "num_values": 5
        },
        "SERP MS Divergence": {
            "mean": 0.8230952380952381,
            "std": 0.0202394957498604,
            "num_values": 5
        },
        "Pragmatic Divergence": {
            "mean": 0.34631578947368424,
            "std": 0.07716586445520529,
            "num_values": 5
        },
        "mean_rank": {
            "mean": 39.49473684210527,
            "std": 2.434652875881649,
            "num_values": 5
        }
    },
    "a Brazilian": {
        "IOU Divergence": {
            "mean": 0.5487207556173075,
            "std": 0.054265532021037795,
            "num_values": 5
        },
        "SERP MS Divergence": {
            "mean": 0.8061904761904761,
            "std": 0.020459572437086473,
            "num_values": 5
        },
        "Pragmatic Divergence": {
            "mean": 0.3726315789473685,
            "std": 0.08752680634099959,
            "num_values": 5
        },
        "mean_rank": {
            "mean": 48.723157894736836,
            "std": 6.747555297518857,
            "num_values": 5
        }
    },
    "a British": {
        "IOU Divergence": {
            "mean": 0.8257786853612281,
            "std": 0.07426838671421619,
            "num_values": 5
        },
        "SERP MS Divergence": {
            "mean": 0.9195238095238094,
            "std": 0.028951832701576002,
            "num_values": 5
        },
        "Pragmatic Divergence": {
            "mean": 0.7431578947368422,
            "std": 0.08746348664354102,
            "num_values": 5
        },
        "mean_rank": {
            "mean": 40.14,
            "std": 16.003980754799727,
            "num_values": 5
        }
    },
    "a Chinese": {
        "IOU Divergence": {
            "mean": 0.7441433525579308,
            "std": 0.08565938469787793,
            "num_values": 5
        },
        "SERP MS Divergence": {
            "mean": 0.8761904761904763,
            "std": 0.04654137700200359,
            "num_values": 5
        },
        "Pragmatic Divergence": {
            "mean": 0.6073684210526317,
            "std": 0.14109190340964373,
            "num_values": 5
        },
        "mean_rank": {
            "mean": 44.706315789473685,
            "std": 16.496623141396302,
            "num_values": 5
        }
    },
    "a French": {
        "IOU Divergence": {
            "mean": 0.9478341013824885,
            "std": 0.01779796447580379,
            "num_values": 5
        },
        "SERP MS Divergence": {
            "mean": 0.9387160633484163,
            "std": 0.019914456097328826,
            "num_values": 5
        },
        "Pragmatic Divergence": {
            "mean": 0.9094736842105263,
            "std": 0.017739262680371286,
            "num_values": 5
        },
        "mean_rank": {
            "mean": 167.27515151515152,
            "std": 5.965596622889778,
            "num_values": 5
        }
    },
    "a German": {
        "IOU Divergence": {
            "mean": 0.9679943100995733,
            "std": 0.011027623011843148,
            "num_values": 5
        },
        "SERP MS Divergence": {
            "mean": 0.98187552213868,
            "std": 0.0019746464792094517,
            "num_values": 5
        },
        "Pragmatic Divergence": {
            "mean": 0.9368421052631579,
            "std": 0.009415023063157002,
            "num_values": 5
        },
        "mean_rank": {
            "mean": 191.9669762641899,
            "std": 8.235567888349907,
            "num_values": 5
        }
    },
    "a Japanese": {
        "IOU Divergence": {
            "mean": 0.7841736694677872,
            "std": 0.06840758239499278,
            "num_values": 5
        },
        "SERP MS Divergence": {
            "mean": 0.905,
            "std": 0.04339216310111888,
            "num_values": 5
        },
        "Pragmatic Divergence": {
            "mean": 0.7315789473684211,
            "std": 0.1290493688949635,
            "num_values": 5
        },
        "mean_rank": {
            "mean": 62.24105263157894,
            "std": 19.599484884971663,
            "num_values": 5
        }
    },
    "a girl": {
        "IOU Divergence": {
            "mean": 0.6470257958578314,
            "std": 0.04712809392852526,
            "num_values": 5
        },
        "SERP MS Divergence": {
            "mean": 0.8300000000000001,
            "std": 0.027616994997617193,
            "num_values": 5
        },
        "Pragmatic Divergence": {
            "mean": 0.3852631578947368,
            "std": 0.11962082291239355,
            "num_values": 5
        },
        "mean_rank": {
            "mean": 39.79105263157894,
            "std": 12.58668519989793,
            "num_values": 5
        }
    },
    "a boy": {
        "IOU Divergence": {
            "mean": 0.49124949124949124,
            "std": 0.08879327436514128,
            "num_values": 5
        },
        "SERP MS Divergence": {
            "mean": 0.7876190476190477,
            "std": 0.021489331846754906,
            "num_values": 5
        },
        "Pragmatic Divergence": {
            "mean": 0.24000000000000005,
            "std": 0.0942443338341027,
            "num_values": 5
        },
        "mean_rank": {
            "mean": 25.8,
            "std": 6.938622884595044,
            "num_values": 5
        }
    },
    "a female": {
        "IOU Divergence": {
            "mean": 0.476011396011396,
            "std": 0.11357862071525111,
            "num_values": 5
        },
        "SERP MS Divergence": {
            "mean": 0.7916666666666666,
            "std": 0.029527649519861913,
            "num_values": 5
        },
        "Pragmatic Divergence": {
            "mean": 0.25578947368421046,
            "std": 0.10952427980605949,
            "num_values": 5
        },
        "mean_rank": {
            "mean": 37.03157894736843,
            "std": 5.316320973950025,
            "num_values": 5
        }
    },
    "a male": {
        "IOU Divergence": {
            "mean": 0.4436304436304437,
            "std": 0.09653205417303438,
            "num_values": 5
        },
        "SERP MS Divergence": {
            "mean": 0.7773809523809525,
            "std": 0.020987524639084782,
            "num_values": 5
        },
        "Pragmatic Divergence": {
            "mean": 0.20421052631578948,
            "std": 0.11226205985595714,
            "num_values": 5
        },
        "mean_rank": {
            "mean": 31.557894736842105,
            "std": 10.598938952801253,
            "num_values": 5
        }
    },
    "an African": {
        "IOU Divergence": {
            "mean": 0.6273490239007481,
            "std": 0.08283089177610131,
            "num_values": 5
        },
        "SERP MS Divergence": {
            "mean": 0.8062489557226398,
            "std": 0.02406786301357666,
            "num_values": 5
        },
        "Pragmatic Divergence": {
            "mean": 0.41263157894736835,
            "std": 0.05838073525836652,
            "num_values": 5
        },
        "mean_rank": {
            "mean": 38.94601307189542,
            "std": 12.769698717172387,
            "num_values": 5
        }
    },
    "an Asian": {
        "IOU Divergence": {
            "mean": 0.7570918166743594,
            "std": 0.09920030810764725,
            "num_values": 5
        },
        "SERP MS Divergence": {
            "mean": 0.8964285714285714,
            "std": 0.042505168419894865,
            "num_values": 5
        },
        "Pragmatic Divergence": {
            "mean": 0.6936842105263157,
            "std": 0.14484302325290493,
            "num_values": 5
        },