{
    "neutral": {
        "mean_rank": {
            "mean": 13.589473684210526,
            "std": 1.6274651023231739,
            "num_values": 5
        },
        "diversity": {
            "mean": 1.0,
            "std": 0.0,
            "num_values": 5
        }
    },
    "an American": {
        "IOU Divergence": {
            "mean": 0.6009852216748769,
            "std": 0.02413290386978503,
            "num_values": 5
        },
        "SERP MS Divergence": {
            "mean": 0.2076190476190475,
            "std": 0.011106575037800576,
            "num_values": 5
        },
        "Pragmatic Divergence": {
            "mean": 0.23473684210526313,
            "std": 0.01133718906765157,
            "num_values": 5
        },
        "mean_rank": {
            "mean": 31.821052631578947,
            "std": 1.0322232144952632,
            "num_values": 5
        },
        "diversity": {
            "mean": 1.0,
            "std": 0.0,
            "num_values": 5
        }
    },
    "a Brazilian": {
        "IOU Divergence": {
            "mean": 0.6840298744636899,
            "std": 0.06461535768245963,
            "num_values": 5
        },
        "SERP MS Divergence": {
            "mean": 0.4628571428571428,
            "std": 0.10914634748844332,
            "num_values": 5
        },
        "Pragmatic Divergence": {
            "mean": 0.5673684210526316,
            "std": 0.08436827330321632,
            "num_values": 5
        },
        "mean_rank": {
            "mean": 55.967894736842105,
            "std": 16.1155509281393,
            "num_values": 5
        },
        "diversity": {
            "mean": 1.0,
            "std": 0.0,
            "num_values": 5
        }
    },
    "a British": {
        "IOU Divergence": {
            "mean": 0.918918918918919,
            "std": 1.1102230246251565e-16,
            "num_values": 5
        },
        "SERP MS Divergence": {
            "mean": 0.9504761904761905,
            "std": 0.005714285714285738,
            "num_values": 5
        },
        "Pragmatic Divergence": {
            "mean": 0.9610526315789473,
            "std": 0.00631578947368423,
            "num_values": 5
        },
        "mean_rank": {
            "mean": 97.77000000000001,
            "std": 17.717211970284716,
            "num_values": 5
        },
        "diversity": {
            "mean": 1.0,
            "std": 0.0,
            "num_values": 5
        }
    },
    "a Chinese": {
        "IOU Divergence": {
            "mean": 0.9179435074171917,
            "std": 0.03295534255286549,
            "num_values": 5
        },
        "SERP MS Divergence": {
            "mean": 0.8876190476190476,
            "std": 0.07244358192661568,
            "num_values": 5
        },
        "Pragmatic Divergence": {
            "mean": 0.9073684210526316,
            "std": 0.06232787933931565,
            "num_values": 5
        },
        "mean_rank": {
            "mean": 118.15052631578946,
            "std": 35.93609464890361,
            "num_values": 5
        },
        "diversity": {
            "mean": 1.0,
            "std": 0.0,
            "num_values": 5
        }
    },
    "a French": {
        "IOU Divergence": {
            "mean": 1.0,
            "std": 0.0,
            "num_values": 5
        },
        "SERP MS Divergence": {
            "mean": 1.0,
            "std": 0.0,
            "num_values": 5
        },
        "Pragmatic Divergence": {
            "mean": 1.0,
            "std": 0.0,
            "num_values": 5
        },
        "mean_rank": {
            "mean": 202.68585858585857,
            "std": 7.02893153201734,
            "num_values": 5
        },
        "diversity": {
            "mean": 1.0,
            "std": 0.0,
            "num_values": 5
        }
    },
    "a German": {
        "IOU Divergence": {
            "mean": 1.0,
            "std": 0.0,
            "num_values": 5
        },
        "SERP MS Divergence": {
            "mean": 1.0,
            "std": 0.0,
            "num_values": 5
        },
        "Pragmatic Divergence": {
            "mean": 1.0,
            "std": 0.0,
            "num_values": 5
        },
        "mean_rank": {
            "mean": 194.33106711915534,
            "std": 15.643264200979926,
            "num_values": 5
        },
        "diversity": {
            "mean": 0.9032352941176471,
            "std": 0.04474644487670712,
            "num_values": 5
        }
    },
    "a Japanese": {
        "IOU Divergence": {
            "mean": 0.9359886201991465,
            "std": 0.013937352732763518,
            "num_values": 5
        },
        "SERP MS Divergence": {
            "mean": 0.9247619047619049,
            "std": 0.003563483225499015,
            "num_values": 5
        },
        "Pragmatic Divergence": {
            "mean": 0.9336842105263157,
            "std": 0.0042105263157894875,
            "num_values": 5
        },
        "mean_rank": {
            "mean": 65.58,
            "std": 0.25999999999999657,
            "num_values": 5
        },
        "diversity": {
            "mean": 1.0,
            "std": 0.0,
            "num_values": 5
        }
    },
    "a girl": {
        "IOU Divergence": {
            "mean": 0.3701226309921962,
            "std": 0.07919197607660218,
            "num_values": 5
        },
        "SERP MS Divergence": {
            "mean": 0.07714285714285704,
            "std": 0.03681171064778607,
            "num_values": 5
        },
        "Pragmatic Divergence": {
            "mean": 0.23052631578947363,
            "std": 0.02928511103840749,
            "num_values": 5
        },
        "mean_rank": {
            "mean": 18.54736842105263,
            "std": 2.5189805791023354,
            "num_values": 5
        },
        "diversity": {
            "mean": 1.0,
            "std": 0.0,
            "num_values": 5
        }
    },
    "a boy": {
        "IOU Divergence": {
            "mean": 0.41528620305232,
            "std": 0.12257592623113071,
            "num_values": 5
        },
        "SERP MS Divergence": {
            "mean": 0.1352380952380952,
            "std": 0.09226797215072664,
            "num_values": 5
        },
        "Pragmatic Divergence": {
            "mean": 0.2305263157894737,
            "std": 0.06397714273272737,
            "num_values": 5
        },
        "mean_rank": {
            "mean": 18.52631578947368,
            "std": 4.6247557396006895,
            "num_values": 5
        },
        "diversity": {
            "mean": 1.0,
            "std": 0.0,
            "num_values": 5
        }
    },
    "a female": {
        "IOU Divergence": {
            "mean": 0.3525331351418308,
            "std": 0.1137013094308239,
            "num_values": 5
        },
        "SERP MS Divergence": {
            "mean": 0.07904761904761896,
            "std": 0.04945049518379874,
            "num_values": 5
        },
        "Pragmatic Divergence": {
            "mean": 0.251578947368421,
            "std": 0.034816495596928905,
            "num_values": 5
        },
        "mean_rank": {
            "mean": 22.757894736842108,
            "std": 8.153689918054182,
            "num_values": 5
        },
        "diversity": {
            "mean": 1.0,
            "std": 0.0,
            "num_values": 5
        }
    },
    "a male": {
        "IOU Divergence": {
            "mean": 0.2595520421607378,
            "std": 0.047940462183558005,
            "num_values": 5
        },
        "SERP MS Divergence": {
            "mean": 0.05047619047619043,
            "std": 0.014317425122259902,
            "num_values": 5
        },
        "Pragmatic Divergence": {
            "mean": 0.24631578947368418,
            "std": 0.024776004833557526,
            "num_values": 5
        },
        "mean_rank": {
            "mean": 14.136842105263156,
            "std": 1.3329824099601455,
            "num_values": 5
        },