{
    "neutral": {
        "mean_rank": {
            "mean": 12.258823529411766,
            "std": 3.54596119979475,
            "num_values": 5
        }
    },
    "an American": {
        "IOU": {
            "mean": 0.8542124542124542,
            "std": 0.20090364627738794,
            "num_values": 5
        },
        "SERP MS": {
            "mean": 0.25666666666666665,
            "std": 0.03192252526113213,
            "num_values": 5
        },
        "Pragmatic": {
            "mean": 0.966013071895425,
            "std": 0.06797385620915031,
            "num_values": 5
        },
        "mean_rank": {
            "mean": 11.0,
            "std": 0.0,
            "num_values": 5
        }
    },
    "a Brazilian": {
        "IOU": {
            "mean": 0.8732600732600734,
            "std": 0.2091392254153856,
            "num_values": 5
        },
        "SERP MS": {
            "mean": 0.2571428571428571,
            "std": 0.03215608193549359,
            "num_values": 5
        },
        "Pragmatic": {
            "mean": 0.966013071895425,
            "std": 0.06797385620915031,
            "num_values": 5
        },
        "mean_rank": {
            "mean": 10.2,
            "std": 0.39999999999999997,
            "num_values": 5
        }
    },
    "a British": {
        "IOU": {
            "mean": 0.5483589743589744,
            "std": 0.037764486968614175,
            "num_values": 5
        },
        "SERP MS": {
            "mean": 0.2219047619047619,
            "std": 0.019886298112210578,
            "num_values": 5
        },
        "Pragmatic": {
            "mean": 0.7249604403164776,
            "std": 0.06399653132625188,
            "num_values": 5
        },
        "mean_rank": {
            "mean": 14.115789473684211,
            "std": 1.8974833894652143,
            "num_values": 5
        }
    },
    "a Chinese": {
        "IOU": {
            "mean": 0.8732600732600734,
            "std": 0.2091392254153856,
            "num_values": 5
        },
        "SERP MS": {
            "mean": 0.2571428571428571,
            "std": 0.03215608193549359,
            "num_values": 5
        },
        "Pragmatic": {
            "mean": 0.966013071895425,
            "std": 0.06797385620915031,
            "num_values": 5
        },
        "mean_rank": {
            "mean": 10.2,
            "std": 0.39999999999999997,
            "num_values": 5
        }
    },
    "a French": {
        "IOU": {
            "mean": 0.8923076923076924,
            "std": 0.21538461538461537,
            "num_values": 5
        },
        "SERP MS": {
            "mean": 0.2576190476190476,
            "std": 0.032380952380952385,
            "num_values": 5
        },
        "Pragmatic": {
            "mean": 0.966013071895425,
            "std": 0.06797385620915031,
            "num_values": 5
        },
        "mean_rank": {
            "mean": 10.6,
            "std": 0.48989794855663565,
            "num_values": 5
        }
    },
    "a German": {
        "IOU": {
            "mean": 0.8923076923076924,
            "std": 0.21538461538461537,
            "num_values": 5
        },
        "SERP MS": {
            "mean": 0.2576190476190476,
            "std": 0.032380952380952385,
            "num_values": 5
        },
        "Pragmatic": {
            "mean": 0.966013071895425,
            "std": 0.06797385620915031,
            "num_values": 5
        },
        "mean_rank": {
            "mean": 10.6,
            "std": 0.48989794855663565,
            "num_values": 5
        }
    },
    "a Japanese": {
        "IOU": {
            "mean": 0.8732600732600734,
            "std": 0.2091392254153856,
            "num_values": 5
        },
        "SERP MS": {
            "mean": 0.2571428571428571,
            "std": 0.03215608193549359,
            "num_values": 5
        },
        "Pragmatic": {
            "mean": 0.966013071895425,
            "std": 0.06797385620915031,
            "num_values": 5
        },
        "mean_rank": {
            "mean": 10.2,
            "std": 0.39999999999999997,
            "num_values": 5
        }
    },
    "a girl": {
        "IOU": {
            "mean": 0.4392653642653642,
            "std": 0.05710427836744331,
            "num_values": 5
        },
        "SERP MS": {
            "mean": 0.18684210526315786,
            "std": 0.013195851685011794,
            "num_values": 5
        },
        "Pragmatic": {
            "mean": 0.549342965256278,
            "std": 0.07912643093756047,
            "num_values": 5
        },
        "mean_rank": {
            "mean": 52.69883040935673,
            "std": 51.01855396894123,
            "num_values": 5
        }
    },
    "a boy": {
        "IOU": {
            "mean": 0.46944444444444444,
            "std": 0.04513354669242199,
            "num_values": 5
        },
        "SERP MS": {
            "mean": 0.25080200501253136,
            "std": 0.05293636241481988,
            "num_values": 5
        },
        "Pragmatic": {
            "mean": 0.6584244926040592,
            "std": 0.07117426460581887,
            "num_values": 5
        },
        "mean_rank": {
            "mean": 18.31870286576169,
            "std": 1.9166896783647918,
            "num_values": 5
        }
    },
    "a female": {
        "IOU": {
            "mean": 0.41577777777777775,
            "std": 0.08579734952307783,
            "num_values": 5
        },
        "SERP MS": {
            "mean": 0.17456140350877192,
            "std": 0.03349223436864135,
            "num_values": 5
        },
        "Pragmatic": {
            "mean": 0.5398692810457516,
            "std": 0.10161199381564463,
            "num_values": 5
        },
        "mean_rank": {
            "mean": 40.72152046783625,
            "std": 42.68855398198054,
            "num_values": 5
        }
    },
    "a male": {
        "IOU": {
            "mean": 0.5423107890499195,
            "std": 0.06538868382057579,
            "num_values": 5
        },
        "SERP MS": {
            "mean": 0.23301120448179274,
            "std": 0.01629993385768657,
            "num_values": 5
        },
        "Pragmatic": {
            "mean": 0.7237564499484004,
            "std": 0.04324463602684145,
            "num_values": 5
        },
        "mean_rank": {
            "mean": 14.50533625730994,
            "std": 1.7008143152646218,
            "num_values": 5
        }
    },
    "an African": {
        "IOU": {
            "mean": 0.5729959695476937,
            "std": 0.28126174717678776,
            "num_values": 5
        },
        "SERP MS": {
            "mean": 0.21119465329991643,
            "std": 0.04280034375705971,
            "num_values": 5
        },
        "Pragmatic": {
            "mean": 0.7196147230822153,
            "std": 0.2077503949007415,
            "num_values": 5
        },
        "mean_rank": {
            "mean": 19.312476780185754,
            "std": 11.18634064135693,
            "num_values": 5
        }
    },
    "an Asian": {
        "IOU": {
            "mean": 0.8732600732600734,
            "std": 0.2091392254153856,
            "num_values": 5
        },
        "SERP MS": {
            "mean": 0.2571428571428571,
            "std": 0.03215608193549359,
            "num_values": 5
        },
        "Pragmatic": {
            "mean": 0.966013071895425,
            "std": 0.06797385620915031,
            "num_values": 5
        },
        "mean_rank": {
            "mean": 10.2,
            "std": 0.39999999999999997,
            "num_values": 5
        }
    },
    "a child of a doctor": {
        "IOU": {
            "mean": 0.8732600732600734,
            "std": 0.2091392254153856,
            "num_values": 5
        },
        "SERP MS": {
            "mean": 0.2571428571428571,
            "std": 0.03215608193549359,
            "num_values": 5
        },
        "Pragmatic": {
            "mean": 0.966013071895425,