{
    "neutral": {
        "mean_rank": {
            "mean": 40.24444444444444,
            "std": 12.882482753302186,
            "num_values": 5
        }
    },
    "an American": {
        "IOU Divergence": {
            "mean": 0.4690439560439561,
            "std": 0.07598919453626139,
            "num_values": 5
        },
        "SERP MS Divergence": {
            "mean": 0.7775689223057645,
            "std": 0.02001590908762745,
            "num_values": 5
        },
        "Pragmatic Divergence": {
            "mean": 0.2088888888888889,
            "std": 0.02037707529300182,
            "num_values": 5
        },
        "mean_rank": {
            "mean": 42.94912280701754,
            "std": 9.654570073259439,
            "num_values": 5
        }
    },
    "a Brazilian": {
        "IOU Divergence": {
            "mean": 0.7020903234696337,
            "std": 0.07329664896813935,
            "num_values": 5
        },
        "SERP MS Divergence": {
            "mean": 0.8432086343309253,
            "std": 0.04210253864720018,
            "num_values": 5
        },
        "Pragmatic Divergence": {
            "mean": 0.6304093567251462,
            "std": 0.10395746408068511,
            "num_values": 5
        },
        "mean_rank": {
            "mean": 65.68577915376677,
            "std": 6.9070873476087415,
            "num_values": 5
        }
    },
    "a British": {
        "IOU Divergence": {
            "mean": 0.5859124579124579,
            "std": 0.12136695236594293,
            "num_values": 5
        },
        "SERP MS Divergence": {
            "mean": 0.7670086367880485,
            "std": 0.04959482540816918,
            "num_values": 5
        },
        "Pragmatic Divergence": {
            "mean": 0.4514619883040936,
            "std": 0.14497263562429163,
            "num_values": 5
        },
        "mean_rank": {
            "mean": 55.53261904761905,
            "std": 7.098613424936545,
            "num_values": 5
        }
    },
    "a Chinese": {
        "IOU Divergence": {
            "mean": 0.8388152696976228,
            "std": 0.1027112064703453,
            "num_values": 5
        },
        "SERP MS Divergence": {
            "mean": 0.8624967443117597,
            "std": 0.13027572931757297,
            "num_values": 5
        },
        "Pragmatic Divergence": {
            "mean": 0.8301754385964912,
            "std": 0.08961049052600636,
            "num_values": 5
        },
        "mean_rank": {
            "mean": 88.34314327485379,
            "std": 20.000251520061852,
            "num_values": 5
        }
    },
    "a French": {
        "IOU Divergence": {
            "mean": 0.6715700483091788,
            "std": 0.09483202531216997,
            "num_values": 5
        },
        "SERP MS Divergence": {
            "mean": 0.7773463872728579,
            "std": 0.04716433083597847,
            "num_values": 5
        },
        "Pragmatic Divergence": {
            "mean": 0.6267836257309941,
            "std": 0.061661280158714915,
            "num_values": 5
        },
        "mean_rank": {
            "mean": 63.87778065072183,
            "std": 7.119104024454795,
            "num_values": 5
        }
    },
    "a German": {
        "IOU Divergence": {
            "mean": 0.6903030303030303,
            "std": 0.1170149498905405,
            "num_values": 5
        },
        "SERP MS Divergence": {
            "mean": 0.8513772789817681,
            "std": 0.030307075599013373,
            "num_values": 5
        },
        "Pragmatic Divergence": {
            "mean": 0.6493567251461989,
            "std": 0.05608013339665425,
            "num_values": 5
        },
        "mean_rank": {
            "mean": 72.90848985208119,
            "std": 2.395560296392794,
            "num_values": 5
        }
    },
    "a Japanese": {
        "IOU Divergence": {
            "mean": 0.8311624649859943,
            "std": 0.04602333860780884,
            "num_values": 5
        },
        "SERP MS Divergence": {
            "mean": 0.8809897348093945,
            "std": 0.08280715416954579,
            "num_values": 5
        },
        "Pragmatic Divergence": {
            "mean": 0.7934502923976609,
            "std": 0.03897282416275244,
            "num_values": 5
        },
        "mean_rank": {
            "mean": 68.48747162022704,
            "std": 20.768201570397228,
            "num_values": 5
        }
    },
    "a girl": {
        "IOU Divergence": {
            "mean": 0.6038651004168245,
            "std": 0.04976931258904781,
            "num_values": 5
        },
        "SERP MS Divergence": {
            "mean": 0.8082716595410094,
            "std": 0.024833686199911012,
            "num_values": 5
        },
        "Pragmatic Divergence": {
            "mean": 0.4045614035087719,
            "std": 0.03996920944813511,
            "num_values": 5
        },
        "mean_rank": {
            "mean": 49.27266941864465,
            "std": 5.5801092455546755,
            "num_values": 5
        }
    },
    "a boy": {
        "IOU Divergence": {
            "mean": 0.47998686371100163,
            "std": 0.11709455023686823,
            "num_values": 5
        },
        "SERP MS Divergence": {
            "mean": 0.7921428571428573,
            "std": 0.028147650868822222,
            "num_values": 5
        },
        "Pragmatic Divergence": {
            "mean": 0.2305263157894737,
            "std": 0.07798407324600519,
            "num_values": 5
        },
        "mean_rank": {
            "mean": 39.89473684210527,
            "std": 6.58580695022224,
            "num_values": 5
        }
    },
    "a female": {
        "IOU Divergence": {
            "mean": 0.6566067647179995,
            "std": 0.07293928328209094,
            "num_values": 5
        },
        "SERP MS Divergence": {
            "mean": 0.8225490196078432,
            "std": 0.031391080547217995,
            "num_values": 5
        },
        "Pragmatic Divergence": {
            "mean": 0.46502923976608185,
            "std": 0.052058478218312165,
            "num_values": 5
        },
        "mean_rank": {
            "mean": 55.83403422772618,
            "std": 6.538660311535771,
            "num_values": 5
        }
    },
    "a male": {
        "IOU Divergence": {
            "mean": 0.4360113960113961,
            "std": 0.19562695022255866,
            "num_values": 5
        },
        "SERP MS Divergence": {
            "mean": 0.7736215538847118,
            "std": 0.037322894764844794,
            "num_values": 5
        },
        "Pragmatic Divergence": {
            "mean": 0.17345029239766083,
            "std": 0.10170301855958784,
            "num_values": 5
        },
        "mean_rank": {
            "mean": 34.235672514619885,
            "std": 5.638166824364027,
            "num_values": 5
        }
    },
    "an African": {
        "IOU Divergence": {
            "mean": 0.811373954599761,
            "std": 0.05216059686671725,
            "num_values": 5
        },
        "SERP MS Divergence": {
            "mean": 0.8721934124527003,
            "std": 0.04383462106373643,
            "num_values": 5
        },
        "Pragmatic Divergence": {
            "mean": 0.7775438596491229,
            "std": 0.041286052711419795,
            "num_values": 5
        },
        "mean_rank": {
            "mean": 69.32285204991088,
            "std": 5.640951380515265,
            "num_values": 5
        }
    },
    "an Asian": {
        "IOU Divergence": {
            "mean": 0.7990428478331705,
            "std": 0.02677601651027755,
            "num_values": 5
        },
        "SERP MS Divergence": {
            "mean": 0.911984126984127,
            "std": 0.030701278134963435,
            "num_values": 5
        },
        "Pragmatic Divergence": {
            "mean": 0.7914619883040935,
            "std": 0.05183226703665546,