{
    "neutral": {
        "mean_rank": {
            "mean": 41.48552631578947,
            "std": 2.0229016282488628,
            "num_values": 5
        },
        "diversity": {
            "mean": 1.0,
            "std": 0.0,
            "num_values": 5
        }
    },
    "an American": {
        "IOU Divergence": {
            "mean": 0.5632441471571907,
            "std": 0.07121958731359217,
            "num_values": 5
        },
        "SERP MS Divergence": {
            "mean": 0.31502923976608194,
            "std": 0.09579361500233877,
            "num_values": 5
        },
        "Pragmatic Divergence": {
            "mean": 0.34312521499828,
            "std": 0.09854393939059393,
            "num_values": 5
        },
        "mean_rank": {
            "mean": 48.77863247863248,
            "std": 11.993707532757671,
            "num_values": 5
        },
        "diversity": {
            "mean": 1.0,
            "std": 0.0,
            "num_values": 5
        }
    },
    "a Brazilian": {
        "IOU Divergence": {
            "mean": 0.5109999999999999,
            "std": 0.04685201288217093,
            "num_values": 5
        },
        "SERP MS Divergence": {
            "mean": 0.22792741658066734,
            "std": 0.045010819268694886,
            "num_values": 5
        },
        "Pragmatic Divergence": {
            "mean": 0.2606948744410045,
            "std": 0.05010275031089932,
            "num_values": 5
        },
        "mean_rank": {
            "mean": 39.38936790505676,
            "std": 9.115885789894419,
            "num_values": 5
        },
        "diversity": {
            "mean": 1.0,
            "std": 0.0,
            "num_values": 5
        }
    },
    "a British": {
        "IOU Divergence": {
            "mean": 0.5944198120719859,
            "std": 0.07312012887043949,
            "num_values": 5
        },
        "SERP MS Divergence": {
            "mean": 0.3752149982800138,
            "std": 0.1170500111808678,
            "num_values": 5
        },
        "Pragmatic Divergence": {
            "mean": 0.4424286205710355,
            "std": 0.12858657549295666,
            "num_values": 5
        },
        "mean_rank": {
            "mean": 48.519473684210524,
            "std": 5.604824122772679,
            "num_values": 5
        },
        "diversity": {
            "mean": 1.0,
            "std": 0.0,
            "num_values": 5
        }
    },
    "a Chinese": {
        "IOU Divergence": {
            "mean": 0.4929813664596274,
            "std": 0.08010197582214965,
            "num_values": 5
        },
        "SERP MS Divergence": {
            "mean": 0.22044547643618856,
            "std": 0.07583411639711371,
            "num_values": 5
        },
        "Pragmatic Divergence": {
            "mean": 0.26224114207086335,
            "std": 0.05753369028812822,
            "num_values": 5
        },
        "mean_rank": {
            "mean": 39.27131652661065,
            "std": 12.513690304151185,
            "num_values": 5
        },
        "diversity": {
            "mean": 1.0,
            "std": 0.0,
            "num_values": 5
        }
    },
    "a French": {
        "IOU Divergence": {
            "mean": 0.496110049370919,
            "std": 0.06410724234822508,
            "num_values": 5
        },
        "SERP MS Divergence": {
            "mean": 0.204188166494668,
            "std": 0.08334920752514133,
            "num_values": 5
        },
        "Pragmatic Divergence": {
            "mean": 0.2597196422428621,
            "std": 0.08529128570981526,
            "num_values": 5
        },
        "mean_rank": {
            "mean": 45.15241645781119,
            "std": 15.057969525131394,
            "num_values": 5
        },
        "diversity": {
            "mean": 1.0,
            "std": 0.0,
            "num_values": 5
        }
    },
    "a German": {
        "IOU Divergence": {
            "mean": 0.5600662525879917,
            "std": 0.08422861688088572,
            "num_values": 5
        },
        "SERP MS Divergence": {
            "mean": 0.2948796009631923,
            "std": 0.13536351806332958,
            "num_values": 5
        },
        "Pragmatic Divergence": {
            "mean": 0.3606312349501205,
            "std": 0.15882869416669537,
            "num_values": 5
        },
        "mean_rank": {
            "mean": 59.35137254901961,
            "std": 11.403063214453306,
            "num_values": 5
        },
        "diversity": {
            "mean": 1.0,
            "std": 0.0,
            "num_values": 5
        }
    },
    "a Japanese": {
        "IOU Divergence": {
            "mean": 0.5097272727272728,
            "std": 0.0864256236873768,
            "num_values": 5
        },
        "SERP MS Divergence": {
            "mean": 0.2549312005503956,
            "std": 0.06019192433304025,
            "num_values": 5
        },
        "Pragmatic Divergence": {
            "mean": 0.3037117303061575,
            "std": 0.049704386515554776,
            "num_values": 5
        },
        "mean_rank": {
            "mean": 42.438431372549026,
            "std": 10.2413425596485,
            "num_values": 5
        },
        "diversity": {
            "mean": 1.0,
            "std": 0.0,
            "num_values": 5
        }
    },
    "a girl": {
        "IOU Divergence": {
            "mean": 0.7395502645502645,
            "std": 0.1337388590369519,
            "num_values": 5
        },
        "SERP MS Divergence": {
            "mean": 0.5750533195734434,
            "std": 0.2365051778910116,
            "num_values": 5
        },
        "Pragmatic Divergence": {
            "mean": 0.612062263501892,
            "std": 0.21026582428774065,
            "num_values": 5
        },
        "mean_rank": {
            "mean": 48.06406926406926,
            "std": 21.476074084627854,
            "num_values": 5
        },
        "diversity": {
            "mean": 0.9714285714285715,
            "std": 0.05714285714285716,
            "num_values": 5
        }
    },
    "a boy": {
        "IOU Divergence": {
            "mean": 0.45009373235460187,
            "std": 0.027756193432505048,
            "num_values": 5
        },
        "SERP MS Divergence": {
            "mean": 0.1837822497420021,
            "std": 0.050031115265137635,
            "num_values": 5
        },
        "Pragmatic Divergence": {
            "mean": 0.21498968008255934,
            "std": 0.08324054797257953,
            "num_values": 5
        },
        "mean_rank": {
            "mean": 41.61865325077399,
            "std": 9.404520937617153,
            "num_values": 5
        },
        "diversity": {
            "mean": 1.0,
            "std": 0.0,
            "num_values": 5
        }
    },
    "a female": {
        "IOU Divergence": {
            "mean": 0.6975296442687746,
            "std": 0.0753003329112382,
            "num_values": 5
        },
        "SERP MS Divergence": {
            "mean": 0.549296525627795,
            "std": 0.13849758216948665,
            "num_values": 5
        },
        "Pragmatic Divergence": {
            "mean": 0.5736050911592707,
            "std": 0.13483676046188026,
            "num_values": 5
        },
        "mean_rank": {
            "mean": 42.04818181818182,
            "std": 16.76118330394346,
            "num_values": 5
        },
        "diversity": {
            "mean": 1.0,
            "std": 0.0,
            "num_values": 5
        }
    },
    "a male": {
        "IOU Divergence": {
            "mean": 0.5625925925925926,
            "std": 0.04623180693597382,
            "num_values": 5
        },
        "SERP MS Divergence": {
            "mean": 0.2825971792225662,
            "std": 0.06030774133793259,
            "num_values": 5
        },
        "Pragmatic Divergence": {
            "mean": 0.368030615755074,
            "std": 0.1061780720488234,