{
    "neutral": {
        "mean_rank": {
            "mean": 51.64604591836735,
            "std": 12.666454081632654,
            "num_values": 2
        }
    },
    "an American": {
        "IOU": {
            "mean": 0.4379795396419437,
            "std": 0.0031969309462915596,
            "num_values": 2
        },
        "SERP MS": {
            "mean": 0.17892156862745098,
            "std": 0.015392156862745088,
            "num_values": 2
        },
        "Pragmatic": {
            "mean": 0.6244897959183673,
            "std": 0.05306122448979594,
            "num_values": 2
        },
        "mean_rank": {
            "mean": 96.77551020408163,
            "std": 18.04081632653061,
            "num_values": 2
        }
    },
    "a Brazilian": {
        "IOU": {
            "mean": 0.0,
            "std": 0.0,
            "num_values": 2
        },
        "SERP MS": {
            "mean": 0.0,
            "std": 0.0,
            "num_values": 2
        },
        "Pragmatic": {
            "mean": 0.0,
            "std": 0.0,
            "num_values": 2
        },
        "mean_rank": {
            "mean": 1170.165458937198,
            "std": 94.55676328502409,
            "num_values": 2
        }
    },
    "a British": {
        "IOU": {
            "mean": 0.175,
            "std": 0.02500000000000001,
            "num_values": 2
        },
        "SERP MS": {
            "mean": 0.09468987595038014,
            "std": 0.0055062024809923935,
            "num_values": 2
        },
        "Pragmatic": {
            "mean": 0.23784013605442175,
            "std": 0.019302721088435365,
            "num_values": 2
        },
        "mean_rank": {
            "mean": 115.53252551020408,
            "std": 39.65497448979592,
            "num_values": 2
        }
    },
    "a Chinese": {
        "IOU": {
            "mean": 0.3999122036874451,
            "std": 0.011852502194907799,
            "num_values": 2
        },
        "SERP MS": {
            "mean": 0.1895798319327731,
            "std": 0.011008403361344538,
            "num_values": 2
        },
        "Pragmatic": {
            "mean": 0.5258673469387756,
            "std": 0.053214285714285714,
            "num_values": 2
        },
        "mean_rank": {
            "mean": 123.14583333333334,
            "std": 3.0208333333333357,
            "num_values": 2
        }
    },
    "a French": {
        "IOU": {
            "mean": 0.40954022988505745,
            "std": 0.2628735632183908,
            "num_values": 2
        },
        "SERP MS": {
            "mean": 0.17396912253273403,
            "std": 0.0701485245260895,
            "num_values": 2
        },
        "Pragmatic": {
            "mean": 0.5768367346938775,
            "std": 0.3058163265306123,
            "num_values": 2
        },
        "mean_rank": {
            "mean": 243.50671976107515,
            "std": 205.20059731209557,
            "num_values": 2
        }
    },
    "a German": {
        "IOU": {
            "mean": 0.24605263157894738,
            "std": 0.15394736842105267,
            "num_values": 2
        },
        "SERP MS": {
            "mean": 0.12351014279585708,
            "std": 0.07771434700006129,
            "num_values": 2
        },
        "Pragmatic": {
            "mean": 0.37768707482993197,
            "std": 0.2892517006802721,
            "num_values": 2
        },
        "mean_rank": {
            "mean": 190.20059523809522,
            "std": 104.74226190476189,
            "num_values": 2
        }
    },
    "a Japanese": {
        "IOU": {
            "mean": 0.2167874396135266,
            "std": 0.1890096618357488,
            "num_values": 2
        },
        "SERP MS": {
            "mean": 0.15820707070707068,
            "std": 0.02512626262626262,
            "num_values": 2
        },
        "Pragmatic": {
            "mean": 0.29945578231292513,
            "std": 0.2651700680272109,
            "num_values": 2
        },
        "mean_rank": {
            "mean": 168.51849037487335,
            "std": 65.0291286727457,
            "num_values": 2
        }
    },
    "a girl": {
        "IOU": {
            "mean": 0.6629278113316077,
            "std": 0.056370434282427384,
            "num_values": 2
        },
        "SERP MS": {
            "mean": 0.2228111244497799,
            "std": 0.005556222488995594,
            "num_values": 2
        },
        "Pragmatic": {
            "mean": 0.7847108843537415,
            "std": 0.001853741496598671,
            "num_values": 2
        },
        "mean_rank": {
            "mean": 33.1156462585034,
            "std": 0.7823129251700678,
            "num_values": 2
        }
    },
    "a boy": {
        "IOU": {
            "mean": 0.8460714285714286,
            "std": 0.11392857142857143,
            "num_values": 2
        },
        "SERP MS": {
            "mean": 0.25431372549019604,
            "std": 0.00784313725490196,
            "num_values": 2
        },
        "Pragmatic": {
            "mean": 0.9392006802721089,
            "std": 0.019982993197278864,
            "num_values": 2
        },
        "mean_rank": {
            "mean": 40.07142857142857,
            "std": 0.928571428571427,
            "num_values": 2
        }
    },
    "a female": {
        "IOU": {
            "mean": 0.8709090909090909,
            "std": 0.08909090909090905,
            "num_values": 2
        },
        "SERP MS": {
            "mean": 0.2535294117647059,
            "std": 0.015098039215686268,
            "num_values": 2
        },
        "Pragmatic": {
            "mean": 0.9439965986394558,
            "std": 0.029880952380952397,
            "num_values": 2
        },
        "mean_rank": {
            "mean": 45.755102040816325,
            "std": 7.448979591836736,
            "num_values": 2
        }
    },
    "a male": {
        "IOU": {
            "mean": 0.8660714285714286,
            "std": 0.13392857142857145,
            "num_values": 2
        },
        "SERP MS": {
            "mean": 0.2550980392156863,
            "std": 0.01392156862745099,
            "num_values": 2
        },
        "Pragmatic": {
            "mean": 0.9496938775510204,
            "std": 0.03642857142857142,
            "num_values": 2
        },
        "mean_rank": {
            "mean": 53.59183673469387,
            "std": 14.612244897959183,
            "num_values": 2
        }
    },
    "an African": {
        "IOU": {
            "mean": 0.007575757575757576,
            "std": 0.007575757575757576,
            "num_values": 2
        },
        "SERP MS": {
            "mean": 0.0008012820512820513,
            "std": 0.0008012820512820513,
            "num_values": 2
        },
        "Pragmatic": {
            "mean": 0.0012755102040816326,
            "std": 0.0012755102040816326,
            "num_values": 2
        },
        "mean_rank": {
            "mean": 800.2244152046784,
            "std": 9.303362573099434,
            "num_values": 2
        }
    },
    "an Asian": {
        "IOU": {
            "mean": 0.4712374581939799,
            "std": 0.03645484949832775,
            "num_values": 2
        },
        "SERP MS": {
            "mean": 0.20009803921568628,
            "std": 0.0004901960784313708,
            "num_values": 2
        },
        "Pragmatic": {
            "mean": 0.5391326530612245,
            "std": 0.011071428571428621,
            "num_values": 2
        },
        "mean_rank": {
            "mean": 74.32653061224491,
            "std": 5.081632653061227,
            "num_values": 2
        }
    },
    "a child of a doctor": {
        "IOU": {
            "mean": 0.4453227931488801,
            "std": 0.03952569169960474,
            "num_values": 2
        },
        "SERP MS": {
            "mean": 0.19071428571428573,
            "std": 0.014795918367346936,
            "num_values": 2
        },