{
    "neutral": {
        "mean_rank": {
            "mean": 13.563157894736843,
            "std": 2.031578947368421,
            "num_values": 5
        },
        "diversity": {
            "mean": 1.0,
            "std": 0.0,
            "num_values": 5
        }
    },
    "an American": {
        "IOU Divergence": {
            "mean": 0.010000000000000009,
            "std": 0.020000000000000018,
            "num_values": 5
        },
        "SERP MS Divergence": {
            "mean": 0.0,
            "std": 0.0,
            "num_values": 5
        },
        "Pragmatic Divergence": {
            "mean": 0.0,
            "std": 0.0,
            "num_values": 5
        },
        "mean_rank": {
            "mean": 13.747368421052633,
            "std": 1.6631578947368426,
            "num_values": 5
        },
        "diversity": {
            "mean": 1.0,
            "std": 0.0,
            "num_values": 5
        }
    },
    "a Brazilian": {
        "IOU Divergence": {
            "mean": 0.6142931814302782,
            "std": 0.12609581412891166,
            "num_values": 5
        },
        "SERP MS Divergence": {
            "mean": 0.49634085213032575,
            "std": 0.09142018934447695,
            "num_values": 5
        },
        "Pragmatic Divergence": {
            "mean": 0.5798830409356726,
            "std": 0.059585564119635115,
            "num_values": 5
        },
        "mean_rank": {
            "mean": 46.47258771929824,
            "std": 21.347001843982515,
            "num_values": 5
        },
        "diversity": {
            "mean": 1.0,
            "std": 0.0,
            "num_values": 5
        }
    },
    "a British": {
        "IOU Divergence": {
            "mean": 0.1035064935064935,
            "std": 0.04289700363279932,
            "num_values": 5
        },
        "SERP MS Divergence": {
            "mean": 0.019999999999999973,
            "std": 0.03290886198699235,
            "num_values": 5
        },
        "Pragmatic Divergence": {
            "mean": 0.0168421052631579,
            "std": 0.0336842105263158,
            "num_values": 5
        },
        "mean_rank": {
            "mean": 10.789473684210526,
            "std": 1.5789473684210527,
            "num_values": 5
        },
        "diversity": {
            "mean": 1.0,
            "std": 0.0,
            "num_values": 5
        }
    },
    "a Chinese": {
        "IOU Divergence": {
            "mean": 0.47407692307692306,
            "std": 0.08096737600003698,
            "num_values": 5
        },
        "SERP MS Divergence": {
            "mean": 0.33453634085213035,
            "std": 0.06975696926535853,
            "num_values": 5
        },
        "Pragmatic Divergence": {
            "mean": 0.45403508771929824,
            "std": 0.03906257656194407,
            "num_values": 5
        },
        "mean_rank": {
            "mean": 18.048611111111107,
            "std": 4.907339709526065,
            "num_values": 5
        },
        "diversity": {
            "mean": 1.0,
            "std": 0.0,
            "num_values": 5
        }
    },
    "a French": {
        "IOU Divergence": {
            "mean": 0.0,
            "std": 0.0,
            "num_values": 5
        },
        "SERP MS Divergence": {
            "mean": 0.0,
            "std": 0.0,
            "num_values": 5
        },
        "Pragmatic Divergence": {
            "mean": 0.0,
            "std": 0.0,
            "num_values": 5
        },
        "mean_rank": {
            "mean": 13.563157894736843,
            "std": 2.031578947368421,
            "num_values": 5
        },
        "diversity": {
            "mean": 1.0,
            "std": 0.0,
            "num_values": 5
        }
    },
    "a German": {
        "IOU Divergence": {
            "mean": 0.010000000000000009,
            "std": 0.020000000000000018,
            "num_values": 5
        },
        "SERP MS Divergence": {
            "mean": 0.0,
            "std": 0.0,
            "num_values": 5
        },
        "Pragmatic Divergence": {
            "mean": 0.0,
            "std": 0.0,
            "num_values": 5
        },
        "mean_rank": {
            "mean": 13.747368421052633,
            "std": 1.6631578947368426,
            "num_values": 5
        },
        "diversity": {
            "mean": 1.0,
            "std": 0.0,
            "num_values": 5
        }
    },
    "a Japanese": {
        "IOU Divergence": {
            "mean": 0.39017391304347826,
            "std": 0.08390082261889248,
            "num_values": 5
        },
        "SERP MS Divergence": {
            "mean": 0.2155388471177945,
            "std": 0.07360966682683552,
            "num_values": 5
        },
        "Pragmatic Divergence": {
            "mean": 0.35450292397660815,
            "std": 0.0457269557451715,
            "num_values": 5
        },
        "mean_rank": {
            "mean": 14.798245614035087,
            "std": 1.3555146848608575,
            "num_values": 5
        },
        "diversity": {
            "mean": 1.0,
            "std": 0.0,
            "num_values": 5
        }
    },
    "a girl": {
        "IOU Divergence": {
            "mean": 0.019047619047619046,
            "std": 0.03809523809523809,
            "num_values": 5
        },
        "SERP MS Divergence": {
            "mean": 0.000952380952380949,
            "std": 0.0019047619047618978,
            "num_values": 5
        },
        "Pragmatic Divergence": {
            "mean": 0.0,
            "std": 0.0,
            "num_values": 5
        },
        "mean_rank": {
            "mean": 13.857894736842107,
            "std": 2.252459412997761,
            "num_values": 5
        },
        "diversity": {
            "mean": 1.0,
            "std": 0.0,
            "num_values": 5
        }
    },
    "a boy": {
        "IOU Divergence": {
            "mean": 0.029047619047619055,
            "std": 0.03834442312228075,
            "num_values": 5
        },
        "SERP MS Divergence": {
            "mean": 0.000952380952380949,
            "std": 0.001904761904761898,
            "num_values": 5
        },
        "Pragmatic Divergence": {
            "mean": 0.0,
            "std": 0.0,
            "num_values": 5
        },
        "mean_rank": {
            "mean": 12.91578947368421,
            "std": 2.03694410189338,
            "num_values": 5
        },
        "diversity": {
            "mean": 1.0,
            "std": 0.0,
            "num_values": 5
        }
    },
    "a female": {
        "IOU Divergence": {
            "mean": 0.05809523809523811,
            "std": 0.035398604838182475,
            "num_values": 5
        },
        "SERP MS Divergence": {
            "mean": 0.003809523809523796,
            "std": 0.0019047619047618978,
            "num_values": 5
        },
        "Pragmatic Divergence": {
            "mean": 0.0,
            "std": 0.0,
            "num_values": 5
        },
        "mean_rank": {
            "mean": 12.121052631578948,
            "std": 3.2101207681737445,
            "num_values": 5
        },
        "diversity": {
            "mean": 1.0,
            "std": 0.0,
            "num_values": 5
        }
    },
    "a male": {
        "IOU Divergence": {
            "mean": 0.25468864468864477,
            "std": 0.21718997427443806,
            "num_values": 5
        },
        "SERP MS Divergence": {
            "mean": 0.1619047619047619,
            "std": 0.19524970929451302,
            "num_values": 5
        },
        "Pragmatic Divergence": {
            "mean": 0.22000000000000003,
            "std": 0.2696956322820638,
            "num_values": 5
        },
        "mean_rank": {
            "mean": 17.4,
            "std": 8.686449472145277,
            "num_values": 5
        },
        "diversity": {
            "mean": 1.0,
            "std": 0.0,
            "num_values": 5
        }
    },