{
    "neutral": {
        "mean_rank": {
            "mean": 13.094736842105263,
            "std": 3.761063090120537,
            "num_values": 5
        }
    },
    "an American": {
        "IOU Divergence": {
            "mean": 0.6532310146280734,
            "std": 0.12403317356082288,
            "num_values": 5
        },
        "SERP MS Divergence": {
            "mean": 0.8560526315789472,
            "std": 0.05204074624612752,
            "num_values": 5
        },
        "Pragmatic Divergence": {
            "mean": 0.5368421052631579,
            "std": 0.15701509358080312,
            "num_values": 5
        },
        "mean_rank": {
            "mean": 41.28538011695906,
            "std": 13.848625615886686,
            "num_values": 5
        }
    },
    "a Brazilian": {
        "IOU Divergence": {
            "mean": 1.0,
            "std": 0.0,
            "num_values": 5
        },
        "SERP MS Divergence": {
            "mean": 1.0,
            "std": 0.0,
            "num_values": 5
        },
        "Pragmatic Divergence": {
            "mean": 1.0,
            "std": 0.0,
            "num_values": 5
        },
        "mean_rank": {
            "mean": 262.47666666666674,
            "std": 17.24595798054335,
            "num_values": 5
        }
    },
    "a British": {
        "IOU Divergence": {
            "mean": 0.8799626517273577,
            "std": 0.011595661304405263,
            "num_values": 5
        },
        "SERP MS Divergence": {
            "mean": 0.9252631578947369,
            "std": 0.007122536279267277,
            "num_values": 5
        },
        "Pragmatic Divergence": {
            "mean": 0.7294736842105264,
            "std": 0.036250895489942224,
            "num_values": 5
        },
        "mean_rank": {
            "mean": 78.80111111111111,
            "std": 7.595591151337173,
            "num_values": 5
        }
    },
    "a Chinese": {
        "IOU Divergence": {
            "mean": 0.891904761904762,
            "std": 0.021904761904761875,
            "num_values": 5
        },
        "SERP MS Divergence": {
            "mean": 0.9545238095238096,
            "std": 0.0026513163632524276,
            "num_values": 5
        },
        "Pragmatic Divergence": {
            "mean": 0.8810526315789474,
            "std": 0.01356220918602644,
            "num_values": 5
        },
        "mean_rank": {
            "mean": 99.60578947368421,
            "std": 17.879303747435884,
            "num_values": 5
        }
    },
    "a French": {
        "IOU Divergence": {
            "mean": 0.5621306230001882,
            "std": 0.23714439853396901,
            "num_values": 5
        },
        "SERP MS Divergence": {
            "mean": 0.8311904761904761,
            "std": 0.06675759105688894,
            "num_values": 5
        },
        "Pragmatic Divergence": {
            "mean": 0.5010526315789473,
            "std": 0.15554034133925998,
            "num_values": 5
        },
        "mean_rank": {
            "mean": 27.489473684210527,
            "std": 17.34274266059696,
            "num_values": 5
        }
    },
    "a German": {
        "IOU Divergence": {
            "mean": 0.9646893247272754,
            "std": 0.009488579503587351,
            "num_values": 5
        },
        "SERP MS Divergence": {
            "mean": 0.9644058109073589,
            "std": 0.011615406582726112,
            "num_values": 5
        },
        "Pragmatic Divergence": {
            "mean": 0.9305263157894738,
            "std": 0.011721609184905345,
            "num_values": 5
        },
        "mean_rank": {
            "mean": 194.2122009569378,
            "std": 46.71587204277106,
            "num_values": 5
        }
    },
    "a Japanese": {
        "IOU Divergence": {
            "mean": 0.9423465423465422,
            "std": 0.0621938525096067,
            "num_values": 5
        },
        "SERP MS Divergence": {
            "mean": 0.975,
            "std": 0.028030595529069394,
            "num_values": 5
        },
        "Pragmatic Divergence": {
            "mean": 0.9484210526315788,
            "std": 0.049192932402307044,
            "num_values": 5
        },
        "mean_rank": {
            "mean": 122.98678362573098,
            "std": 33.424132339775156,
            "num_values": 5
        }
    },
    "a girl": {
        "IOU Divergence": {
            "mean": 0.13788819875776398,
            "std": 0.13650535459761226,
            "num_values": 5
        },
        "SERP MS Divergence": {
            "mean": 0.7380952380952381,
            "std": 0.013944333775567913,
            "num_values": 5
        },
        "Pragmatic Divergence": {
            "mean": 0.08,
            "std": 0.08676392014734684,
            "num_values": 5
        },
        "mean_rank": {
            "mean": 12.989473684210527,
            "std": 4.6529887931458935,
            "num_values": 5
        }
    },
    "a boy": {
        "IOU Divergence": {
            "mean": 0.40943813807382023,
            "std": 0.15543827518387943,
            "num_values": 5
        },
        "SERP MS Divergence": {
            "mean": 0.7847619047619048,
            "std": 0.03608066045621833,
            "num_values": 5
        },
        "Pragmatic Divergence": {
            "mean": 0.2957894736842105,
            "std": 0.09826190341149443,
            "num_values": 5
        },
        "mean_rank": {
            "mean": 19.57894736842105,
            "std": 3.9440687963523295,
            "num_values": 5
        }
    },
    "a female": {
        "IOU Divergence": {
            "mean": 0.30448160535117064,
            "std": 0.16584658063998234,
            "num_values": 5
        },
        "SERP MS Divergence": {
            "mean": 0.7628571428571428,
            "std": 0.026281228050565028,
            "num_values": 5
        },
        "Pragmatic Divergence": {
            "mean": 0.20210526315789473,
            "std": 0.12894629430272292,
            "num_values": 5
        },
        "mean_rank": {
            "mean": 12.105263157894736,
            "std": 3.5430084091429443,
            "num_values": 5
        }
    },
    "a male": {
        "IOU Divergence": {
            "mean": 0.34977895667550846,
            "std": 0.20433748020102735,
            "num_values": 5
        },
        "SERP MS Divergence": {
            "mean": 0.775952380952381,
            "std": 0.03776193478651304,
            "num_values": 5
        },
        "Pragmatic Divergence": {
            "mean": 0.2263157894736842,
            "std": 0.1414213562373095,
            "num_values": 5
        },
        "mean_rank": {
            "mean": 16.894736842105267,
            "std": 2.629894197549535,
            "num_values": 5
        }
    },
    "an African": {
        "IOU Divergence": {
            "mean": 0.947008547008547,
            "std": 0.04503227306775895,
            "num_values": 5
        },
        "SERP MS Divergence": {
            "mean": 0.883939393939394,
            "std": 0.10233557116467092,
            "num_values": 5
        },
        "Pragmatic Divergence": {
            "mean": 0.9021052631578946,
            "std": 0.08184845126860527,
            "num_values": 5
        },
        "mean_rank": {
            "mean": 301.74556277056274,
            "std": 58.90893775740022,
            "num_values": 5
        }
    },
    "an Asian": {
        "IOU Divergence": {
            "mean": 0.875701871657754,
            "std": 0.03357369970222405,
            "num_values": 5
        },
        "SERP MS Divergence": {
            "mean": 0.9440852130325815,
            "std": 0.010055920553648607,
            "num_values": 5
        },
        "Pragmatic Divergence": {
            "mean": 0.8905263157894737,
            "std": 0.0039385867229199505,
            "num_values": 5
        },
        "mean_rank": {
            "mean": 77.7357894736842,