{
    "neutral": {
        "mean_rank": {
            "mean": 16.187719298245614,
            "std": 2.6706997305418785,
            "num_values": 5
        }
    },
    "an American": {
        "IOU Divergence": {
            "mean": 0.49971509971509975,
            "std": 0.09381139545592013,
            "num_values": 5
        },
        "SERP MS Divergence": {
            "mean": 0.7831453634085213,
            "std": 0.02741303615142352,
            "num_values": 5
        },
        "Pragmatic Divergence": {
            "mean": 0.2011695906432749,
            "std": 0.10700124504395353,
            "num_values": 5
        },
        "mean_rank": {
            "mean": 29.079532163742687,
            "std": 15.62191178331923,
            "num_values": 5
        }
    },
    "a Brazilian": {
        "IOU Divergence": {
            "mean": 0.5037376311844077,
            "std": 0.12470486858549273,
            "num_values": 5
        },
        "SERP MS Divergence": {
            "mean": 0.7793459138041181,
            "std": 0.042544449216242224,
            "num_values": 5
        },
        "Pragmatic Divergence": {
            "mean": 0.26795321637426905,
            "std": 0.07288004510604303,
            "num_values": 5
        },
        "mean_rank": {
            "mean": 25.376646886824908,
            "std": 12.43646164138899,
            "num_values": 5
        }
    },
    "a British": {
        "IOU Divergence": {
            "mean": 0.44836781609195403,
            "std": 0.11857876832077675,
            "num_values": 5
        },
        "SERP MS Divergence": {
            "mean": 0.7702882205513785,
            "std": 0.021660878579684597,
            "num_values": 5
        },
        "Pragmatic Divergence": {
            "mean": 0.14678362573099418,
            "std": 0.10369065857654233,
            "num_values": 5
        },
        "mean_rank": {
            "mean": 29.81169590643275,
            "std": 31.80171768904528,
            "num_values": 5
        }
    },
    "a Chinese": {
        "IOU Divergence": {
            "mean": 0.3847663895325065,
            "std": 0.14068446828796818,
            "num_values": 5
        },
        "SERP MS Divergence": {
            "mean": 0.7801378446115288,
            "std": 0.02635454837568946,
            "num_values": 5
        },
        "Pragmatic Divergence": {
            "mean": 0.19649122807017544,
            "std": 0.11740208493408077,
            "num_values": 5
        },
        "mean_rank": {
            "mean": 27.69824561403509,
            "std": 6.825788110659706,
            "num_values": 5
        }
    },
    "a French": {
        "IOU Divergence": {
            "mean": 0.3452415458937198,
            "std": 0.1451029453789181,
            "num_values": 5
        },
        "SERP MS Divergence": {
            "mean": 0.7524269005847953,
            "std": 0.02416213345864028,
            "num_values": 5
        },
        "Pragmatic Divergence": {
            "mean": 0.17111111111111113,
            "std": 0.10513741677640578,
            "num_values": 5
        },
        "mean_rank": {
            "mean": 28.029411764705877,
            "std": 11.516470624586917,
            "num_values": 5
        }
    },
    "a German": {
        "IOU Divergence": {
            "mean": 0.4945516557960336,
            "std": 0.11806309020011475,
            "num_values": 5
        },
        "SERP MS Divergence": {
            "mean": 0.7886382623224728,
            "std": 0.0314100048998074,
            "num_values": 5
        },
        "Pragmatic Divergence": {
            "mean": 0.3044444444444444,
            "std": 0.07741735952945641,
            "num_values": 5
        },
        "mean_rank": {
            "mean": 26.21830065359477,
            "std": 9.372063459952285,
            "num_values": 5
        }
    },
    "a Japanese": {
        "IOU Divergence": {
            "mean": 0.5224285714285715,
            "std": 0.1314368872455453,
            "num_values": 5
        },
        "SERP MS Divergence": {
            "mean": 0.7813533834586466,
            "std": 0.02685199628681792,
            "num_values": 5
        },
        "Pragmatic Divergence": {
            "mean": 0.2661988304093567,
            "std": 0.13169684127097492,
            "num_values": 5
        },
        "mean_rank": {
            "mean": 29.62552889576883,
            "std": 14.503287412645891,
            "num_values": 5
        }
    },
    "a girl": {
        "IOU Divergence": {
            "mean": 0.5206986250464511,
            "std": 0.12790207559064878,
            "num_values": 5
        },
        "SERP MS Divergence": {
            "mean": 0.791217504545678,
            "std": 0.024765353883687148,
            "num_values": 5
        },
        "Pragmatic Divergence": {
            "mean": 0.29894736842105263,
            "std": 0.06001994584284016,
            "num_values": 5
        },
        "mean_rank": {
            "mean": 29.76111111111111,
            "std": 10.403786110455115,
            "num_values": 5
        }
    },
    "a boy": {
        "IOU Divergence": {
            "mean": 0.40560365560365563,
            "std": 0.15589020780517127,
            "num_values": 5
        },
        "SERP MS Divergence": {
            "mean": 0.7507727652464494,
            "std": 0.039214451142670005,
            "num_values": 5
        },
        "Pragmatic Divergence": {
            "mean": 0.14046783625730996,
            "std": 0.06756793069980811,
            "num_values": 5
        },
        "mean_rank": {
            "mean": 17.363570691434468,
            "std": 5.638210687111478,
            "num_values": 5
        }
    },
    "a female": {
        "IOU Divergence": {
            "mean": 0.6675364659235627,
            "std": 0.047400211599171876,
            "num_values": 5
        },
        "SERP MS Divergence": {
            "mean": 0.8276740871787311,
            "std": 0.02476643071319713,
            "num_values": 5
        },
        "Pragmatic Divergence": {
            "mean": 0.5323976608187134,
            "std": 0.11325273689894688,
            "num_values": 5
        },
        "mean_rank": {
            "mean": 37.43701410388717,
            "std": 9.462446128767295,
            "num_values": 5
        }
    },
    "a male": {
        "IOU Divergence": {
            "mean": 0.37967298402081007,
            "std": 0.13891406468012746,
            "num_values": 5
        },
        "SERP MS Divergence": {
            "mean": 0.7524644945697577,
            "std": 0.04252986085092991,
            "num_values": 5
        },
        "Pragmatic Divergence": {
            "mean": 0.15812865497076023,
            "std": 0.082595461080921,
            "num_values": 5
        },
        "mean_rank": {
            "mean": 14.860233918128653,
            "std": 2.840903170324406,
            "num_values": 5
        }
    },
    "an African": {
        "IOU Divergence": {
            "mean": 0.5727574671445639,
            "std": 0.11621505150346126,
            "num_values": 5
        },
        "SERP MS Divergence": {
            "mean": 0.8022305764411026,
            "std": 0.045824397264410635,
            "num_values": 5
        },
        "Pragmatic Divergence": {
            "mean": 0.33766081871345033,
            "std": 0.09232182838254543,
            "num_values": 5
        },
        "mean_rank": {
            "mean": 37.20261437908496,
            "std": 18.050345978986833,
            "num_values": 5
        }
    },
    "an Asian": {
        "IOU Divergence": {
            "mean": 0.6985750632809457,
            "std": 0.11206765033326227,
            "num_values": 5
        },
        "SERP MS Divergence": {
            "mean": 0.870421888053467,
            "std": 0.049320762955812655,
            "num_values": 5
        },
        "Pragmatic Divergence": {
            "mean": 0.603157894736842,
            "std": 0.1858915593313713,