{
    "neutral": {
        "mean_rank": {
            "mean": 29.21,
            "std": 6.080328938470352,
            "num_values": 5
        },
        "diversity": {
            "mean": 1.0,
            "std": 0.0,
            "num_values": 5
        }
    },
    "an American": {
        "IOU Divergence": {
            "mean": 0.4523232400893571,
            "std": 0.12017172379226261,
            "num_values": 5
        },
        "SERP MS Divergence": {
            "mean": 0.1428571428571428,
            "std": 0.0808683036775382,
            "num_values": 5
        },
        "Pragmatic Divergence": {
            "mean": 0.18,
            "std": 0.07303473161558592,
            "num_values": 5
        },
        "mean_rank": {
            "mean": 18.81,
            "std": 2.568540441573774,
            "num_values": 5
        },
        "diversity": {
            "mean": 1.0,
            "std": 0.0,
            "num_values": 5
        }
    },
    "a Brazilian": {
        "IOU Divergence": {
            "mean": 0.8404666842166844,
            "std": 0.05095693308582374,
            "num_values": 5
        },
        "SERP MS Divergence": {
            "mean": 0.722857142857143,
            "std": 0.0689013228483273,
            "num_values": 5
        },
        "Pragmatic Divergence": {
            "mean": 0.7421052631578947,
            "std": 0.058890950445049974,
            "num_values": 5
        },
        "mean_rank": {
            "mean": 56.32105263157895,
            "std": 12.081366000255642,
            "num_values": 5
        },
        "diversity": {
            "mean": 1.0,
            "std": 0.0,
            "num_values": 5
        }
    },
    "a British": {
        "IOU Divergence": {
            "mean": 0.7746482683982684,
            "std": 0.06482541698530332,
            "num_values": 5
        },
        "SERP MS Divergence": {
            "mean": 0.6599999999999999,
            "std": 0.07925961246309784,
            "num_values": 5
        },
        "Pragmatic Divergence": {
            "mean": 0.6968421052631579,
            "std": 0.06015676657780863,
            "num_values": 5
        },
        "mean_rank": {
            "mean": 66.16157894736843,
            "std": 3.170140991472963,
            "num_values": 5
        },
        "diversity": {
            "mean": 1.0,
            "std": 0.0,
            "num_values": 5
        }
    },
    "a Chinese": {
        "IOU Divergence": {
            "mean": 0.8547525676937442,
            "std": 0.039074647449174015,
            "num_values": 5
        },
        "SERP MS Divergence": {
            "mean": 0.799047619047619,
            "std": 0.08205965420395434,
            "num_values": 5
        },
        "Pragmatic Divergence": {
            "mean": 0.8336842105263159,
            "std": 0.07558451819375257,
            "num_values": 5
        },
        "mean_rank": {
            "mean": 53.511111111111106,
            "std": 6.464745801004468,
            "num_values": 5
        },
        "diversity": {
            "mean": 1.0,
            "std": 0.0,
            "num_values": 5
        }
    },
    "a French": {
        "IOU Divergence": {
            "mean": 0.9174930569667413,
            "std": 0.032954324088187506,
            "num_values": 5
        },
        "SERP MS Divergence": {
            "mean": 0.9123809523809523,
            "std": 0.052906454904118674,
            "num_values": 5
        },
        "Pragmatic Divergence": {
            "mean": 0.9305263157894735,
            "std": 0.04202624163721499,
            "num_values": 5
        },
        "mean_rank": {
            "mean": 79.81684210526316,
            "std": 5.8923525723233094,
            "num_values": 5
        },
        "diversity": {
            "mean": 1.0,
            "std": 0.0,
            "num_values": 5
        }
    },
    "a German": {
        "IOU Divergence": {
            "mean": 0.8403700189753321,
            "std": 0.02368866635021064,
            "num_values": 5
        },
        "SERP MS Divergence": {
            "mean": 0.7114285714285714,
            "std": 0.03922144815614093,
            "num_values": 5
        },
        "Pragmatic Divergence": {
            "mean": 0.7326315789473685,
            "std": 0.03742397649396038,
            "num_values": 5
        },
        "mean_rank": {
            "mean": 94.7578947368421,
            "std": 7.5135121945117,
            "num_values": 5
        },
        "diversity": {
            "mean": 1.0,
            "std": 0.0,
            "num_values": 5
        }
    },
    "a Japanese": {
        "IOU Divergence": {
            "mean": 0.9628430049482681,
            "std": 0.013861721514141659,
            "num_values": 5
        },
        "SERP MS Divergence": {
            "mean": 0.9647619047619049,
            "std": 0.03252070681707407,
            "num_values": 5
        },
        "Pragmatic Divergence": {
            "mean": 0.9705263157894738,
            "std": 0.03097671362013086,
            "num_values": 5
        },
        "mean_rank": {
            "mean": 131.30672514619883,
            "std": 16.51315317236509,
            "num_values": 5
        },
        "diversity": {
            "mean": 1.0,
            "std": 0.0,
            "num_values": 5
        }
    },
    "a girl": {
        "IOU Divergence": {
            "mean": 0.8754737931208518,
            "std": 0.03250123232384625,
            "num_values": 5
        },
        "SERP MS Divergence": {
            "mean": 0.8552380952380952,
            "std": 0.03609008632665986,
            "num_values": 5
        },
        "Pragmatic Divergence": {
            "mean": 0.8926315789473683,
            "std": 0.024370182953242565,
            "num_values": 5
        },
        "mean_rank": {
            "mean": 43.55,
            "std": 3.2539207120026754,
            "num_values": 5
        },
        "diversity": {
            "mean": 1.0,
            "std": 0.0,
            "num_values": 5
        }
    },
    "a boy": {
        "IOU Divergence": {
            "mean": 0.6716091954022989,
            "std": 0.049317712388001374,
            "num_values": 5
        },
        "SERP MS Divergence": {
            "mean": 0.5133333333333333,
            "std": 0.05132264222974282,
            "num_values": 5
        },
        "Pragmatic Divergence": {
            "mean": 0.5631578947368421,
            "std": 0.04275809686650504,
            "num_values": 5
        },
        "mean_rank": {
            "mean": 36.60643274853801,
            "std": 6.655346293066453,
            "num_values": 5
        },
        "diversity": {
            "mean": 1.0,
            "std": 0.0,
            "num_values": 5
        }
    },
    "a female": {
        "IOU Divergence": {
            "mean": 0.8669920646391234,
            "std": 0.052709070770441485,
            "num_values": 5
        },
        "SERP MS Divergence": {
            "mean": 0.8219047619047618,
            "std": 0.07054051118910935,
            "num_values": 5
        },
        "Pragmatic Divergence": {
            "mean": 0.8515789473684212,
            "std": 0.058266747381465436,
            "num_values": 5
        },
        "mean_rank": {
            "mean": 41.326842105263154,
            "std": 6.643682230014256,
            "num_values": 5
        },
        "diversity": {
            "mean": 1.0,
            "std": 0.0,
            "num_values": 5
        }
    },
    "a male": {
        "IOU Divergence": {
            "mean": 0.65995670995671,
            "std": 0.07359434681862696,
            "num_values": 5
        },
        "SERP MS Divergence": {
            "mean": 0.43238095238095237,
            "std": 0.07324051020849666,
            "num_values": 5
        },
        "Pragmatic Divergence": {
            "mean": 0.45894736842105266,
            "std": 0.06685660845558071,
            "num_values": 5
        },