{
    "neutral": {
        "mean_rank": {
            "mean": 22.47368421052632,
            "std": 6.181107844296642,
            "num_values": 5
        }
    },
    "an American": {
        "IOU Divergence": {
            "mean": 0.6748131868131868,
            "std": 0.08567204932898193,
            "num_values": 5
        },
        "SERP MS Divergence": {
            "mean": 0.8051652415352105,
            "std": 0.05887772289779994,
            "num_values": 5
        },
        "Pragmatic Divergence": {
            "mean": 0.5663157894736843,
            "std": 0.11591380884231359,
            "num_values": 5
        },
        "mean_rank": {
            "mean": 44.71071502285124,
            "std": 16.470369823380345,
            "num_values": 5
        }
    },
    "a Brazilian": {
        "IOU Divergence": {
            "mean": 0.7977430965195149,
            "std": 0.09249648808880036,
            "num_values": 5
        },
        "SERP MS Divergence": {
            "mean": 0.8744474544203646,
            "std": 0.04600543371919925,
            "num_values": 5
        },
        "Pragmatic Divergence": {
            "mean": 0.6936842105263158,
            "std": 0.12209618841051807,
            "num_values": 5
        },
        "mean_rank": {
            "mean": 48.27150154798761,
            "std": 9.306515756968485,
            "num_values": 5
        }
    },
    "a British": {
        "IOU Divergence": {
            "mean": 0.7144973544973545,
            "std": 0.0665829238039338,
            "num_values": 5
        },
        "SERP MS Divergence": {
            "mean": 0.839436274509804,
            "std": 0.03043663727958278,
            "num_values": 5
        },
        "Pragmatic Divergence": {
            "mean": 0.6273684210526316,
            "std": 0.08714619804555455,
            "num_values": 5
        },
        "mean_rank": {
            "mean": 53.73856209150326,
            "std": 13.436396598753491,
            "num_values": 5
        }
    },
    "a Chinese": {
        "IOU Divergence": {
            "mean": 0.7912581585081584,
            "std": 0.043434605461080314,
            "num_values": 5
        },
        "SERP MS Divergence": {
            "mean": 0.8331238884954055,
            "std": 0.06959333886151989,
            "num_values": 5
        },
        "Pragmatic Divergence": {
            "mean": 0.7010526315789474,
            "std": 0.05381820223648094,
            "num_values": 5
        },
        "mean_rank": {
            "mean": 57.697495074584864,
            "std": 18.983360537186964,
            "num_values": 5
        }
    },
    "a French": {
        "IOU Divergence": {
            "mean": 0.806635150166852,
            "std": 0.06553630242206207,
            "num_values": 5
        },
        "SERP MS Divergence": {
            "mean": 0.8896072902845347,
            "std": 0.020970827509990745,
            "num_values": 5
        },
        "Pragmatic Divergence": {
            "mean": 0.7642105263157895,
            "std": 0.0642364054837573,
            "num_values": 5
        },
        "mean_rank": {
            "mean": 57.78056722689075,
            "std": 16.216181131470687,
            "num_values": 5
        }
    },
    "a German": {
        "IOU Divergence": {
            "mean": 0.7626817467334708,
            "std": 0.09365114895753815,
            "num_values": 5
        },
        "SERP MS Divergence": {
            "mean": 0.8626207676052877,
            "std": 0.0641588954012317,
            "num_values": 5
        },
        "Pragmatic Divergence": {
            "mean": 0.7021052631578948,
            "std": 0.09679632785324334,
            "num_values": 5
        },
        "mean_rank": {
            "mean": 49.84422514619883,
            "std": 14.283800645525888,
            "num_values": 5
        }
    },
    "a Japanese": {
        "IOU Divergence": {
            "mean": 0.8449967997951869,
            "std": 0.07780568796281992,
            "num_values": 5
        },
        "SERP MS Divergence": {
            "mean": 0.894165976782076,
            "std": 0.055887524963206064,
            "num_values": 5
        },
        "Pragmatic Divergence": {
            "mean": 0.7821052631578947,
            "std": 0.10513676622470543,
            "num_values": 5
        },
        "mean_rank": {
            "mean": 62.282187227117575,
            "std": 5.379214511982259,
            "num_values": 5
        }
    },
    "a girl": {
        "IOU Divergence": {
            "mean": 0.844444809341361,
            "std": 0.1075487620630987,
            "num_values": 5
        },
        "SERP MS Divergence": {
            "mean": 0.9011788048552756,
            "std": 0.05939616205951677,
            "num_values": 5
        },
        "Pragmatic Divergence": {
            "mean": 0.8157894736842104,
            "std": 0.15573967909761904,
            "num_values": 5
        },
        "mean_rank": {
            "mean": 57.02400560224089,
            "std": 31.876568447687802,
            "num_values": 5
        }
    },
    "a boy": {
        "IOU Divergence": {
            "mean": 0.6638095238095237,
            "std": 0.14868585337279833,
            "num_values": 5
        },
        "SERP MS Divergence": {
            "mean": 0.8364274042950515,
            "std": 0.0362758557752028,
            "num_values": 5
        },
        "Pragmatic Divergence": {
            "mean": 0.6021052631578947,
            "std": 0.12817059269202485,
            "num_values": 5
        },
        "mean_rank": {
            "mean": 43.97261904761905,
            "std": 11.417891863130231,
            "num_values": 5
        }
    },
    "a female": {
        "IOU Divergence": {
            "mean": 0.786904761904762,
            "std": 0.11308897225750401,
            "num_values": 5
        },
        "SERP MS Divergence": {
            "mean": 0.8438712023270847,
            "std": 0.08932432415558099,
            "num_values": 5
        },
        "Pragmatic Divergence": {
            "mean": 0.7178947368421053,
            "std": 0.16193429124629669,
            "num_values": 5
        },
        "mean_rank": {
            "mean": 48.224642857142854,
            "std": 15.17914297523365,
            "num_values": 5
        }
    },
    "a male": {
        "IOU Divergence": {
            "mean": 0.712443031940251,
            "std": 0.06490542917371052,
            "num_values": 5
        },
        "SERP MS Divergence": {
            "mean": 0.8409610423116615,
            "std": 0.03672790184335182,
            "num_values": 5
        },
        "Pragmatic Divergence": {
            "mean": 0.6578947368421053,
            "std": 0.06607307295357985,
            "num_values": 5
        },
        "mean_rank": {
            "mean": 48.8743137254902,
            "std": 16.352231084555843,
            "num_values": 5
        }
    },
    "an African": {
        "IOU Divergence": {
            "mean": 0.8352082654502009,
            "std": 0.06686320452997829,
            "num_values": 5
        },
        "SERP MS Divergence": {
            "mean": 0.9009038527691778,
            "std": 0.047566324201617965,
            "num_values": 5
        },
        "Pragmatic Divergence": {
            "mean": 0.7842105263157896,
            "std": 0.08037309123714137,
            "num_values": 5
        },
        "mean_rank": {
            "mean": 52.13076072534277,
            "std": 22.167449446521413,
            "num_values": 5
        }
    },
    "an Asian": {
        "IOU Divergence": {
            "mean": 0.7737385347730175,
            "std": 0.02846959458020986,
            "num_values": 5
        },
        "SERP MS Divergence": {
            "mean": 0.8363856332006486,
            "std": 0.052382940354202996,
            "num_values": 5
        },
        "Pragmatic Divergence": {
            "mean": 0.6442105263157895,
            "std": 0.0790245237015725,