{
    "neutral": {
        "mean_rank": {
            "mean": 44.117991056071546,
            "std": 7.700909419900474,
            "num_values": 5
        },
        "diversity": {
            "mean": 1.0,
            "std": 0.0,
            "num_values": 5
        }
    },
    "an American": {
        "IOU Divergence": {
            "mean": 0.4889310344827586,
            "std": 0.11079844262009841,
            "num_values": 5
        },
        "SERP MS Divergence": {
            "mean": 0.24812030075187969,
            "std": 0.08226463428217544,
            "num_values": 5
        },
        "Pragmatic Divergence": {
            "mean": 0.2921362229102168,
            "std": 0.07527904111203346,
            "num_values": 5
        },
        "mean_rank": {
            "mean": 52.026006191950465,
            "std": 8.127269012743332,
            "num_values": 5
        },
        "diversity": {
            "mean": 1.0,
            "std": 0.0,
            "num_values": 5
        }
    },
    "a Brazilian": {
        "IOU Divergence": {
            "mean": 0.7042470632815461,
            "std": 0.054611946487402925,
            "num_values": 5
        },
        "SERP MS Divergence": {
            "mean": 0.630860484544695,
            "std": 0.048275780332042,
            "num_values": 5
        },
        "Pragmatic Divergence": {
            "mean": 0.67187478500172,
            "std": 0.040119386616802435,
            "num_values": 5
        },
        "mean_rank": {
            "mean": 76.58653846153847,
            "std": 5.463627884452172,
            "num_values": 5
        },
        "diversity": {
            "mean": 1.0,
            "std": 0.0,
            "num_values": 5
        }
    },
    "a British": {
        "IOU Divergence": {
            "mean": 0.6078343685300207,
            "std": 0.018425666345344652,
            "num_values": 5
        },
        "SERP MS Divergence": {
            "mean": 0.48270676691729325,
            "std": 0.046762645970197816,
            "num_values": 5
        },
        "Pragmatic Divergence": {
            "mean": 0.5345373237014104,
            "std": 0.047156971620346,
            "num_values": 5
        },
        "mean_rank": {
            "mean": 58.03142857142857,
            "std": 4.266351604013703,
            "num_values": 5
        },
        "diversity": {
            "mean": 1.0,
            "std": 0.0,
            "num_values": 5
        }
    },
    "a Chinese": {
        "IOU Divergence": {
            "mean": 0.8504378762999453,
            "std": 0.10387737061769549,
            "num_values": 5
        },
        "SERP MS Divergence": {
            "mean": 0.8065998329156223,
            "std": 0.1350350366311859,
            "num_values": 5
        },
        "Pragmatic Divergence": {
            "mean": 0.8340970072239422,
            "std": 0.10834768647804,
            "num_values": 5
        },
        "mean_rank": {
            "mean": 112.48411764705884,
            "std": 46.61345975050096,
            "num_values": 5
        },
        "diversity": {
            "mean": 0.9199999999999999,
            "std": 0.16,
            "num_values": 5
        }
    },
    "a French": {
        "IOU Divergence": {
            "mean": 0.7704652014652014,
            "std": 0.03468098054435116,
            "num_values": 5
        },
        "SERP MS Divergence": {
            "mean": 0.7036424394319132,
            "std": 0.037622326641558124,
            "num_values": 5
        },
        "Pragmatic Divergence": {
            "mean": 0.7312074303405574,
            "std": 0.04173407957805894,
            "num_values": 5
        },
        "mean_rank": {
            "mean": 73.28291708291708,
            "std": 14.14407768424617,
            "num_values": 5
        },
        "diversity": {
            "mean": 0.9651515151515152,
            "std": 0.04274768478686633,
            "num_values": 5
        }
    },
    "a German": {
        "IOU Divergence": {
            "mean": 0.6261978021978022,
            "std": 0.06444492729101536,
            "num_values": 5
        },
        "SERP MS Divergence": {
            "mean": 0.607702589807853,
            "std": 0.029371485152021416,
            "num_values": 5
        },
        "Pragmatic Divergence": {
            "mean": 0.684279325765394,
            "std": 0.048930722859288914,
            "num_values": 5
        },
        "mean_rank": {
            "mean": 71.7907507739938,
            "std": 3.6050479303454477,
            "num_values": 5
        },
        "diversity": {
            "mean": 1.0,
            "std": 0.0,
            "num_values": 5
        }
    },
    "a Japanese": {
        "IOU Divergence": {
            "mean": 0.8779426824493239,
            "std": 0.05224904747452332,
            "num_values": 5
        },
        "SERP MS Divergence": {
            "mean": 0.7977109440267334,
            "std": 0.07080488284690871,
            "num_values": 5
        },
        "Pragmatic Divergence": {
            "mean": 0.80656346749226,
            "std": 0.0657992497643567,
            "num_values": 5
        },
        "mean_rank": {
            "mean": 91.58816993464053,
            "std": 22.475330280184618,
            "num_values": 5
        },
        "diversity": {
            "mean": 1.0,
            "std": 0.0,
            "num_values": 5
        }
    },
    "a girl": {
        "IOU Divergence": {
            "mean": 0.6177138079311992,
            "std": 0.04197304699658734,
            "num_values": 5
        },
        "SERP MS Divergence": {
            "mean": 0.36476190476190484,
            "std": 0.02862572337502538,
            "num_values": 5
        },
        "Pragmatic Divergence": {
            "mean": 0.3981355349157207,
            "std": 0.04931180764814849,
            "num_values": 5
        },
        "mean_rank": {
            "mean": 47.10917905623788,
            "std": 11.833283230404728,
            "num_values": 5
        },
        "diversity": {
            "mean": 1.0,
            "std": 0.0,
            "num_values": 5
        }
    },
    "a boy": {
        "IOU Divergence": {
            "mean": 0.40381351981351976,
            "std": 0.1107953411967684,
            "num_values": 5
        },
        "SERP MS Divergence": {
            "mean": 0.14013366750208855,
            "std": 0.0673432252216707,
            "num_values": 5
        },
        "Pragmatic Divergence": {
            "mean": 0.1954592363261094,
            "std": 0.062276101179403784,
            "num_values": 5
        },
        "mean_rank": {
            "mean": 31.71345029239766,
            "std": 5.685019074686794,
            "num_values": 5
        },
        "diversity": {
            "mean": 1.0,
            "std": 0.0,
            "num_values": 5
        }
    },
    "a female": {
        "IOU Divergence": {
            "mean": 0.6276915113871636,
            "std": 0.049191344067950615,
            "num_values": 5
        },
        "SERP MS Divergence": {
            "mean": 0.4218546365914788,
            "std": 0.05651446240144849,
            "num_values": 5
        },
        "Pragmatic Divergence": {
            "mean": 0.4914482284141727,
            "std": 0.038400131601106724,
            "num_values": 5
        },
        "mean_rank": {
            "mean": 56.52094645550528,
            "std": 3.861586002721584,
            "num_values": 5
        },
        "diversity": {
            "mean": 1.0,
            "std": 0.0,
            "num_values": 5
        }
    },
    "a male": {
        "IOU Divergence": {
            "mean": 0.4116022544283414,
            "std": 0.0583068995450295,
            "num_values": 5
        },
        "SERP MS Divergence": {
            "mean": 0.17144527986633246,
            "std": 0.06987129061032657,
            "num_values": 5
        },
        "Pragmatic Divergence": {
            "mean": 0.21113175094599246,