{
    "neutral": {
        "mean_rank": {
            "mean": 46.022222222222226,
            "std": 1.4735738030673662,
            "num_values": 5
        },
        "diversity": {
            "mean": 1.0,
            "std": 0.0,
            "num_values": 5
        }
    },
    "an American": {
        "IOU Divergence": {
            "mean": 0.5084562496327203,
            "std": 0.14938575367474,
            "num_values": 5
        },
        "SERP MS Divergence": {
            "mean": 0.1951515151515151,
            "std": 0.08613656722581647,
            "num_values": 5
        },
        "Pragmatic Divergence": {
            "mean": 0.24952380952380954,
            "std": 0.12676429384095392,
            "num_values": 5
        },
        "mean_rank": {
            "mean": 38.4369696969697,
            "std": 11.321786508763777,
            "num_values": 5
        },
        "diversity": {
            "mean": 0.9818181818181818,
            "std": 0.036363636363636376,
            "num_values": 5
        }
    },
    "a Brazilian": {
        "IOU Divergence": {
            "mean": 0.5003646353646354,
            "std": 0.13611394257117856,
            "num_values": 5
        },
        "SERP MS Divergence": {
            "mean": 0.27848484848484845,
            "std": 0.09567400350907422,
            "num_values": 5
        },
        "Pragmatic Divergence": {
            "mean": 0.3628571428571429,
            "std": 0.14612953937398077,
            "num_values": 5
        },
        "mean_rank": {
            "mean": 44.28193473193473,
            "std": 10.826769476161372,
            "num_values": 5
        },
        "diversity": {
            "mean": 0.9598033545401968,
            "std": 0.03379476927285512,
            "num_values": 5
        }
    },
    "a British": {
        "IOU Divergence": {
            "mean": 0.847468671679198,
            "std": 0.0342285061127727,
            "num_values": 5
        },
        "SERP MS Divergence": {
            "mean": 0.686060606060606,
            "std": 0.06754064404565768,
            "num_values": 5
        },
        "Pragmatic Divergence": {
            "mean": 0.7442857142857142,
            "std": 0.06242839183278643,
            "num_values": 5
        },
        "mean_rank": {
            "mean": 41.44137844611529,
            "std": 6.772449042425388,
            "num_values": 5
        },
        "diversity": {
            "mean": 0.9894736842105264,
            "std": 0.02105263157894739,
            "num_values": 5
        }
    },
    "a Chinese": {
        "IOU Divergence": {
            "mean": 0.8073716488190172,
            "std": 0.08215674710242638,
            "num_values": 5
        },
        "SERP MS Divergence": {
            "mean": 0.7034343434343435,
            "std": 0.12824042884777845,
            "num_values": 5
        },
        "Pragmatic Divergence": {
            "mean": 0.7230158730158729,
            "std": 0.1268451620571876,
            "num_values": 5
        },
        "mean_rank": {
            "mean": 90.47734848484849,
            "std": 29.65188377583225,
            "num_values": 5
        },
        "diversity": {
            "mean": 1.0,
            "std": 0.0,
            "num_values": 5
        }
    },
    "a French": {
        "IOU Divergence": {
            "mean": 0.9490000000000001,
            "std": 0.016586473739499646,
            "num_values": 5
        },
        "SERP MS Divergence": {
            "mean": 0.8935353535353535,
            "std": 0.08752710309467171,
            "num_values": 5
        },
        "Pragmatic Divergence": {
            "mean": 0.9022222222222223,
            "std": 0.10408923047671437,
            "num_values": 5
        },
        "mean_rank": {
            "mean": 81.0552036199095,
            "std": 3.857006142882441,
            "num_values": 5
        },
        "diversity": {
            "mean": 0.9882352941176471,
            "std": 0.02352941176470589,
            "num_values": 5
        }
    },
    "a German": {
        "IOU Divergence": {
            "mean": 0.6028138528138528,
            "std": 0.1466408283613182,
            "num_values": 5
        },
        "SERP MS Divergence": {
            "mean": 0.46282828282828287,
            "std": 0.03116714094075646,
            "num_values": 5
        },
        "Pragmatic Divergence": {
            "mean": 0.5149206349206349,
            "std": 0.0767496018604623,
            "num_values": 5
        },
        "mean_rank": {
            "mean": 48.75555555555555,
            "std": 11.240062826589494,
            "num_values": 5
        },
        "diversity": {
            "mean": 0.9618181818181819,
            "std": 0.04685126809718228,
            "num_values": 5
        }
    },
    "a Japanese": {
        "IOU Divergence": {
            "mean": 0.8590852130325815,
            "std": 0.10600281662261415,
            "num_values": 5
        },
        "SERP MS Divergence": {
            "mean": 0.8833333333333332,
            "std": 0.14948471163415233,
            "num_values": 5
        },
        "Pragmatic Divergence": {
            "mean": 0.7746031746031747,
            "std": 0.16182304193464728,
            "num_values": 5
        },
        "mean_rank": {
            "mean": 142.66602835073425,
            "std": 84.57190865679922,
            "num_values": 5
        },
        "diversity": {
            "mean": 0.9700534759358288,
            "std": 0.03805443181744856,
            "num_values": 5
        }
    },
    "a girl": {
        "IOU Divergence": {
            "mean": 0.688946608946609,
            "std": 0.067106462119945,
            "num_values": 5
        },
        "SERP MS Divergence": {
            "mean": 0.3772727272727273,
            "std": 0.06832047255923568,
            "num_values": 5
        },
        "Pragmatic Divergence": {
            "mean": 0.3607936507936508,
            "std": 0.11741376168750614,
            "num_values": 5
        },
        "mean_rank": {
            "mean": 28.20048980517247,
            "std": 10.876264729301191,
            "num_values": 5
        },
        "diversity": {
            "mean": 0.9628070175438597,
            "std": 0.032551306662018054,
            "num_values": 5
        }
    },
    "a boy": {
        "IOU Divergence": {
            "mean": 0.3527272727272728,
            "std": 0.06170518490283842,
            "num_values": 5
        },
        "SERP MS Divergence": {
            "mean": 0.1818181818181818,
            "std": 0.04375964627575697,
            "num_values": 5
        },
        "Pragmatic Divergence": {
            "mean": 0.27444444444444444,
            "std": 0.06560261964055784,
            "num_values": 5
        },
        "mean_rank": {
            "mean": 55.94714285714285,
            "std": 13.156683410622412,
            "num_values": 5
        },
        "diversity": {
            "mean": 0.9684848484848485,
            "std": 0.03935195898363134,
            "num_values": 5
        }
    },
    "a female": {
        "IOU Divergence": {
            "mean": 0.5299999999999999,
            "std": 0.07257180352359076,
            "num_values": 5
        },
        "SERP MS Divergence": {
            "mean": 0.2951515151515151,
            "std": 0.04338098672440196,
            "num_values": 5
        },
        "Pragmatic Divergence": {
            "mean": 0.34714285714285714,
            "std": 0.04460741097206424,
            "num_values": 5
        },
        "mean_rank": {
            "mean": 49.457142857142856,
            "std": 11.78979691192727,
            "num_values": 5
        },
        "diversity": {
            "mean": 0.975,
            "std": 0.049999999999999996,
            "num_values": 5
        }
    },
    "a male": {
        "IOU Divergence": {
            "mean": 0.391443278943279,
            "std": 0.11428161561855826,
            "num_values": 5
        },