{
    "neutral": {
        "mean_rank": {
            "mean": 13.094736842105263,
            "std": 3.761063090120537,
            "num_values": 5
        },
        "diversity": {
            "mean": 1.0,
            "std": 0.0,
            "num_values": 5
        }
    },
    "an American": {
        "IOU Divergence": {
            "mean": 0.6532310146280734,
            "std": 0.12403317356082288,
            "num_values": 5
        },
        "SERP MS Divergence": {
            "mean": 0.47904761904761894,
            "std": 0.20233556914117334,
            "num_values": 5
        },
        "Pragmatic Divergence": {
            "mean": 0.5368421052631579,
            "std": 0.15701509358080312,
            "num_values": 5
        },
        "mean_rank": {
            "mean": 41.28538011695906,
            "std": 13.848625615886686,
            "num_values": 5
        },
        "diversity": {
            "mean": 1.0,
            "std": 0.0,
            "num_values": 5
        }
    },
    "a Brazilian": {
        "IOU Divergence": {
            "mean": 1.0,
            "std": 0.0,
            "num_values": 5
        },
        "SERP MS Divergence": {
            "mean": 1.0,
            "std": 0.0,
            "num_values": 5
        },
        "Pragmatic Divergence": {
            "mean": 1.0,
            "std": 0.0,
            "num_values": 5
        },
        "mean_rank": {
            "mean": 262.47666666666674,
            "std": 17.24595798054335,
            "num_values": 5
        },
        "diversity": {
            "mean": 0.9099999999999999,
            "std": 0.11135528725660043,
            "num_values": 5
        }
    },
    "a British": {
        "IOU Divergence": {
            "mean": 0.8799626517273577,
            "std": 0.011595661304405263,
            "num_values": 5
        },
        "SERP MS Divergence": {
            "mean": 0.7266666666666668,
            "std": 0.029600514796038174,
            "num_values": 5
        },
        "Pragmatic Divergence": {
            "mean": 0.7294736842105264,
            "std": 0.036250895489942224,
            "num_values": 5
        },
        "mean_rank": {
            "mean": 78.80111111111111,
            "std": 7.595591151337173,
            "num_values": 5
        },
        "diversity": {
            "mean": 0.97,
            "std": 0.039999999999999994,
            "num_values": 5
        }
    },
    "a Chinese": {
        "IOU Divergence": {
            "mean": 0.891904761904762,
            "std": 0.021904761904761875,
            "num_values": 5
        },
        "SERP MS Divergence": {
            "mean": 0.8657142857142859,
            "std": 0.014253932901995966,
            "num_values": 5
        },
        "Pragmatic Divergence": {
            "mean": 0.8810526315789474,
            "std": 0.01356220918602644,
            "num_values": 5
        },
        "mean_rank": {
            "mean": 99.60578947368421,
            "std": 17.879303747435884,
            "num_values": 5
        },
        "diversity": {
            "mean": 0.95,
            "std": 0.031622776601683784,
            "num_values": 5
        }
    },
    "a French": {
        "IOU Divergence": {
            "mean": 0.5621306230001882,
            "std": 0.23714439853396901,
            "num_values": 5
        },
        "SERP MS Divergence": {
            "mean": 0.379047619047619,
            "std": 0.24464514539539287,
            "num_values": 5
        },
        "Pragmatic Divergence": {
            "mean": 0.5010526315789473,
            "std": 0.15554034133925998,
            "num_values": 5
        },
        "mean_rank": {
            "mean": 27.489473684210527,
            "std": 17.34274266059696,
            "num_values": 5
        },
        "diversity": {
            "mean": 1.0,
            "std": 0.0,
            "num_values": 5
        }
    },
    "a German": {
        "IOU Divergence": {
            "mean": 0.9646893247272754,
            "std": 0.009488579503587351,
            "num_values": 5
        },
        "SERP MS Divergence": {
            "mean": 0.9314285714285715,
            "std": 0.012270570215928686,
            "num_values": 5
        },
        "Pragmatic Divergence": {
            "mean": 0.9305263157894738,
            "std": 0.011721609184905345,
            "num_values": 5
        },
        "mean_rank": {
            "mean": 194.2122009569378,
            "std": 46.71587204277106,
            "num_values": 5
        },
        "diversity": {
            "mean": 1.0,
            "std": 0.0,
            "num_values": 5
        }
    },
    "a Japanese": {
        "IOU Divergence": {
            "mean": 0.9423465423465422,
            "std": 0.0621938525096067,
            "num_values": 5
        },
        "SERP MS Divergence": {
            "mean": 0.9314285714285715,
            "std": 0.06845227743263393,
            "num_values": 5
        },
        "Pragmatic Divergence": {
            "mean": 0.9484210526315788,
            "std": 0.049192932402307044,
            "num_values": 5
        },
        "mean_rank": {
            "mean": 122.98678362573098,
            "std": 33.424132339775156,
            "num_values": 5
        },
        "diversity": {
            "mean": 0.9800000000000001,
            "std": 0.039999999999999994,
            "num_values": 5
        }
    },
    "a girl": {
        "IOU Divergence": {
            "mean": 0.13788819875776398,
            "std": 0.13650535459761226,
            "num_values": 5
        },
        "SERP MS Divergence": {
            "mean": 0.039999999999999994,
            "std": 0.0490822808637148,
            "num_values": 5
        },
        "Pragmatic Divergence": {
            "mean": 0.08,
            "std": 0.08676392014734684,
            "num_values": 5
        },
        "mean_rank": {
            "mean": 12.989473684210527,
            "std": 4.6529887931458935,
            "num_values": 5
        },
        "diversity": {
            "mean": 1.0,
            "std": 0.0,
            "num_values": 5
        }
    },
    "a boy": {
        "IOU Divergence": {
            "mean": 0.40943813807382023,
            "std": 0.15543827518387943,
            "num_values": 5
        },
        "SERP MS Divergence": {
            "mean": 0.20857142857142855,
            "std": 0.13208256882973674,
            "num_values": 5
        },
        "Pragmatic Divergence": {
            "mean": 0.2957894736842105,
            "std": 0.09826190341149443,
            "num_values": 5
        },
        "mean_rank": {
            "mean": 19.57894736842105,
            "std": 3.9440687963523295,
            "num_values": 5
        },
        "diversity": {
            "mean": 1.0,
            "std": 0.0,
            "num_values": 5
        }
    },
    "a female": {
        "IOU Divergence": {
            "mean": 0.30448160535117064,
            "std": 0.16584658063998234,
            "num_values": 5
        },
        "SERP MS Divergence": {
            "mean": 0.1285714285714285,
            "std": 0.09632710711230692,
            "num_values": 5
        },
        "Pragmatic Divergence": {
            "mean": 0.20210526315789473,
            "std": 0.12894629430272292,
            "num_values": 5
        },
        "mean_rank": {
            "mean": 12.105263157894736,
            "std": 3.5430084091429443,
            "num_values": 5
        },
        "diversity": {
            "mean": 1.0,
            "std": 0.0,
            "num_values": 5
        }
    },
    "a male": {
        "IOU Divergence": {
            "mean": 0.34977895667550846,
            "std": 0.20433748020102735,
            "num_values": 5
        },
        "SERP MS Divergence": {
            "mean": 0.17714285714285716,
            "std": 0.13740055154411085,
            "num_values": 5
        },
        "Pragmatic Divergence": {
            "mean": 0.2263157894736842,
            "std": 0.1414213562373095,