{
    "neutral": {
        "mean_rank": {
            "mean": 19.77770897832817,
            "std": 4.882063516828332,
            "num_values": 5
        }
    },
    "an American": {
        "IOU Divergence": {
            "mean": 0.6200583835066593,
            "std": 0.06915197232505878,
            "num_values": 5
        },
        "SERP MS Divergence": {
            "mean": 0.8402380952380952,
            "std": 0.01891921002411328,
            "num_values": 5
        },
        "Pragmatic Divergence": {
            "mean": 0.40260749914000693,
            "std": 0.03794318275626831,
            "num_values": 5
        },
        "mean_rank": {
            "mean": 48.50526315789474,
            "std": 4.288953794777884,
            "num_values": 5
        }
    },
    "a Brazilian": {
        "IOU Divergence": {
            "mean": 0.45989662511401636,
            "std": 0.2794830646435674,
            "num_values": 5
        },
        "SERP MS Divergence": {
            "mean": 0.8078571428571429,
            "std": 0.09719303092697014,
            "num_values": 5
        },
        "Pragmatic Divergence": {
            "mean": 0.40865497076023394,
            "std": 0.3016980318201605,
            "num_values": 5
        },
        "mean_rank": {
            "mean": 63.01894736842105,
            "std": 103.09174622447806,
            "num_values": 5
        }
    },
    "a British": {
        "IOU Divergence": {
            "mean": 0.9033685268979387,
            "std": 0.035615370701137045,
            "num_values": 5
        },
        "SERP MS Divergence": {
            "mean": 0.9611904761904763,
            "std": 0.015786270908810286,
            "num_values": 5
        },
        "Pragmatic Divergence": {
            "mean": 0.8749432404540765,
            "std": 0.05328018163832245,
            "num_values": 5
        },
        "mean_rank": {
            "mean": 83.88315789473685,
            "std": 7.774833076206905,
            "num_values": 5
        }
    },
    "a Chinese": {
        "IOU Divergence": {
            "mean": 0.8879771344274386,
            "std": 0.03205035785936667,
            "num_values": 5
        },
        "SERP MS Divergence": {
            "mean": 0.9358646616541353,
            "std": 0.023504329434733816,
            "num_values": 5
        },
        "Pragmatic Divergence": {
            "mean": 0.8693567251461989,
            "std": 0.01696753166318196,
            "num_values": 5
        },
        "mean_rank": {
            "mean": 72.86777777777777,
            "std": 34.268160437249705,
            "num_values": 5
        }
    },
    "a French": {
        "IOU Divergence": {
            "mean": 0.43261904761904757,
            "std": 0.07066897698700625,
            "num_values": 5
        },
        "SERP MS Divergence": {
            "mean": 0.7773809523809524,
            "std": 0.020048128033353253,
            "num_values": 5
        },
        "Pragmatic Divergence": {
            "mean": 0.3049191606467148,
            "std": 0.04511077135162611,
            "num_values": 5
        },
        "mean_rank": {
            "mean": 10.326315789473686,
            "std": 0.2671279482199902,
            "num_values": 5
        }
    },
    "a German": {
        "IOU Divergence": {
            "mean": 0.8296240110464248,
            "std": 0.27845500717114724,
            "num_values": 5
        },
        "SERP MS Divergence": {
            "mean": 0.9247124689036454,
            "std": 0.06397367306183935,
            "num_values": 5
        },
        "Pragmatic Divergence": {
            "mean": 0.8074647402820778,
            "std": 0.24036537170795572,
            "num_values": 5
        },
        "mean_rank": {
            "mean": 169.86981781376517,
            "std": 80.16010605888464,
            "num_values": 5
        }
    },
    "a Japanese": {
        "IOU Divergence": {
            "mean": 0.4668686868686868,
            "std": 0.22761895065050092,
            "num_values": 5
        },
        "SERP MS Divergence": {
            "mean": 0.8011278195488721,
            "std": 0.07151957444352816,
            "num_values": 5
        },
        "Pragmatic Divergence": {
            "mean": 0.38125214998280016,
            "std": 0.19460308326472128,
            "num_values": 5
        },
        "mean_rank": {
            "mean": 29.757894736842104,
            "std": 32.13699400228055,
            "num_values": 5
        }
    },
    "a girl": {
        "IOU Divergence": {
            "mean": 0.4188509316770186,
            "std": 0.07868682758740642,
            "num_values": 5
        },
        "SERP MS Divergence": {
            "mean": 0.7761904761904762,
            "std": 0.018504151645452844,
            "num_values": 5
        },
        "Pragmatic Divergence": {
            "mean": 0.3101823185414516,
            "std": 0.053568905592237016,
            "num_values": 5
        },
        "mean_rank": {
            "mean": 10.168421052631578,
            "std": 0.20627282044489897,
            "num_values": 5
        }
    },
    "a boy": {
        "IOU Divergence": {
            "mean": 0.29742970073404856,
            "std": 0.12347571153190078,
            "num_values": 5
        },
        "SERP MS Divergence": {
            "mean": 0.7524686716791981,
            "std": 0.022325313165038354,
            "num_values": 5
        },
        "Pragmatic Divergence": {
            "mean": 0.18680426556587545,
            "std": 0.047568342459941904,
            "num_values": 5
        },
        "mean_rank": {
            "mean": 20.498830409356724,
            "std": 3.371463254217548,
            "num_values": 5
        }
    },
    "a female": {
        "IOU Divergence": {
            "mean": 0.2329568981742895,
            "std": 0.04544858678905346,
            "num_values": 5
        },
        "SERP MS Divergence": {
            "mean": 0.7445488721804512,
            "std": 0.018488572487958824,
            "num_values": 5
        },
        "Pragmatic Divergence": {
            "mean": 0.1653457172342621,
            "std": 0.04709616862283876,
            "num_values": 5
        },
        "mean_rank": {
            "mean": 17.03157894736842,
            "std": 2.598017569389923,
            "num_values": 5
        }
    },
    "a male": {
        "IOU Divergence": {
            "mean": 0.20109166196122716,
            "std": 0.030138706876876156,
            "num_values": 5
        },
        "SERP MS Divergence": {
            "mean": 0.7422305764411028,
            "std": 0.02202567666605921,
            "num_values": 5
        },
        "Pragmatic Divergence": {
            "mean": 0.12458204334365323,
            "std": 0.06102405148721534,
            "num_values": 5
        },
        "mean_rank": {
            "mean": 17.210526315789473,
            "std": 3.6483973637886162,
            "num_values": 5
        }
    },
    "an African": {
        "IOU Divergence": {
            "mean": 0.3941384863123994,
            "std": 0.07175835574319457,
            "num_values": 5
        },
        "SERP MS Divergence": {
            "mean": 0.7733333333333332,
            "std": 0.017570718788090578,
            "num_values": 5
        },
        "Pragmatic Divergence": {
            "mean": 0.30597179222566223,
            "std": 0.06967454672811531,
            "num_values": 5
        },
        "mean_rank": {
            "mean": 11.757894736842106,
            "std": 2.0829342184641244,
            "num_values": 5
        }
    },
    "an Asian": {
        "IOU Divergence": {
            "mean": 0.41836244271026884,
            "std": 0.10274899053261115,
            "num_values": 5
        },
        "SERP MS Divergence": {
            "mean": 0.7933333333333332,
            "std": 0.04397742154153852,
            "num_values": 5
        },
        "Pragmatic Divergence": {
            "mean": 0.42367389060887517,
            "std": 0.0996757569467189,