{
    "neutral": {
        "mean_rank": {
            "mean": 9.995321637426901,
            "std": 0.2737541770915142,
            "num_values": 5
        }
    },
    "an American": {
        "IOU Divergence": {
            "mean": 0.5668103448275862,
            "std": 0.4639701302965226,
            "num_values": 5
        },
        "SERP MS Divergence": {
            "mean": 0.8618315018315018,
            "std": 0.1138070892477379,
            "num_values": 5
        },
        "Pragmatic Divergence": {
            "mean": 0.551345029239766,
            "std": 0.4523668174080387,
            "num_values": 5
        },
        "mean_rank": {
            "mean": 113.25783689994216,
            "std": 106.45030370473364,
            "num_values": 5
        }
    },
    "a Brazilian": {
        "IOU Divergence": {
            "mean": 0.9393214285714286,
            "std": 0.05288131686587795,
            "num_values": 5
        },
        "SERP MS Divergence": {
            "mean": 0.9298057171586583,
            "std": 0.04530379428645046,
            "num_values": 5
        },
        "Pragmatic Divergence": {
            "mean": 0.8988304093567251,
            "std": 0.12996883611808305,
            "num_values": 5
        },
        "mean_rank": {
            "mean": 214.23431372549015,
            "std": 51.69611470361784,
            "num_values": 5
        }
    },
    "a British": {
        "IOU Divergence": {
            "mean": 0.5642857142857143,
            "std": 0.46532849928292375,
            "num_values": 5
        },
        "SERP MS Divergence": {
            "mean": 0.8633333333333333,
            "std": 0.12245226752955314,
            "num_values": 5
        },
        "Pragmatic Divergence": {
            "mean": 0.5508771929824562,
            "std": 0.45864360353448336,
            "num_values": 5
        },
        "mean_rank": {
            "mean": 159.01754385964915,
            "std": 143.30269583876228,
            "num_values": 5
        }
    },
    "a Chinese": {
        "IOU Divergence": {
            "mean": 0.7856960408684547,
            "std": 0.39317422811199115,
            "num_values": 5
        },
        "SERP MS Divergence": {
            "mean": 0.9297077922077921,
            "std": 0.10430963652383245,
            "num_values": 5
        },
        "Pragmatic Divergence": {
            "mean": 0.7902923976608187,
            "std": 0.3953751996656504,
            "num_values": 5
        },
        "mean_rank": {
            "mean": 221.20454545454544,
            "std": 114.09040112165079,
            "num_values": 5
        }
    },
    "a French": {
        "IOU Divergence": {
            "mean": 0.9782886334610474,
            "std": 0.029390855404633508,
            "num_values": 5
        },
        "SERP MS Divergence": {
            "mean": 0.9745454545454546,
            "std": 0.040513236282103966,
            "num_values": 5
        },
        "Pragmatic Divergence": {
            "mean": 0.9757894736842105,
            "std": 0.0409850996503827,
            "num_values": 5
        },
        "mean_rank": {
            "mean": 255.27714285714282,
            "std": 56.7868277339176,
            "num_values": 5
        }
    },
    "a German": {
        "IOU Divergence": {
            "mean": 0.7777777777777778,
            "std": 0.39126259692575577,
            "num_values": 5
        },
        "SERP MS Divergence": {
            "mean": 0.9278138528138529,
            "std": 0.1063085713405715,
            "num_values": 5
        },
        "Pragmatic Divergence": {
            "mean": 0.7812865497076024,
            "std": 0.39232052300437337,
            "num_values": 5
        },
        "mean_rank": {
            "mean": 217.3008658008658,
            "std": 112.73451120854011,
            "num_values": 5
        }
    },
    "a Japanese": {
        "IOU Divergence": {
            "mean": 0.7600744627686158,
            "std": 0.38036672142620576,
            "num_values": 5
        },
        "SERP MS Divergence": {
            "mean": 0.8229401154401155,
            "std": 0.0764593810572951,
            "num_values": 5
        },
        "Pragmatic Divergence": {
            "mean": 0.7552046783625731,
            "std": 0.3778827004731093,
            "num_values": 5
        },
        "mean_rank": {
            "mean": 179.58999999999997,
            "std": 106.86053715006302,
            "num_values": 5
        }
    },
    "a girl": {
        "IOU Divergence": {
            "mean": 0.9397453580901857,
            "std": 0.07097236325596222,
            "num_values": 5
        },
        "SERP MS Divergence": {
            "mean": 0.9139360639360639,
            "std": 0.07547896516473261,
            "num_values": 5
        },
        "Pragmatic Divergence": {
            "mean": 0.9232748538011695,
            "std": 0.07662505952317872,
            "num_values": 5
        },
        "mean_rank": {
            "mean": 218.65101010101012,
            "std": 64.8413030652978,
            "num_values": 5
        }
    },
    "a boy": {
        "IOU Divergence": {
            "mean": 0.9082115384615385,
            "std": 0.09717556398954619,
            "num_values": 5
        },
        "SERP MS Divergence": {
            "mean": 0.9077747252747252,
            "std": 0.07680522762141294,
            "num_values": 5
        },
        "Pragmatic Divergence": {
            "mean": 0.8997660818713451,
            "std": 0.1118807447682384,
            "num_values": 5
        },
        "mean_rank": {
            "mean": 221.32844932844932,
            "std": 108.36058300713066,
            "num_values": 5
        }
    },
    "a female": {
        "IOU Divergence": {
            "mean": 0.9725925925925927,
            "std": 0.039027969992057744,
            "num_values": 5
        },
        "SERP MS Divergence": {
            "mean": 0.9663095238095238,
            "std": 0.04314650988426228,
            "num_values": 5
        },
        "Pragmatic Divergence": {
            "mean": 0.9629239766081872,
            "std": 0.04793267282099525,
            "num_values": 5
        },
        "mean_rank": {
            "mean": 292.89214285714286,
            "std": 77.99017992866872,
            "num_values": 5
        }
    },
    "a male": {
        "IOU Divergence": {
            "mean": 0.7678571428571429,
            "std": 0.38663910293498166,
            "num_values": 5
        },
        "SERP MS Divergence": {
            "mean": 0.9097367583396995,
            "std": 0.10050111709008418,
            "num_values": 5
        },
        "Pragmatic Divergence": {
            "mean": 0.7341520467836257,
            "std": 0.37802602601521795,
            "num_values": 5
        },
        "mean_rank": {
            "mean": 215.1561111111111,
            "std": 125.1970908479511,
            "num_values": 5
        }
    },
    "an African": {
        "IOU Divergence": {
            "mean": 0.9777777777777779,
            "std": 0.04444444444444447,
            "num_values": 5
        },
        "SERP MS Divergence": {
            "mean": 0.984090909090909,
            "std": 0.031818181818181836,
            "num_values": 5
        },
        "Pragmatic Divergence": {
            "mean": 0.983625730994152,
            "std": 0.03274853801169591,
            "num_values": 5
        },
        "mean_rank": {
            "mean": 193.21688311688314,
            "std": 45.07265243250501,
            "num_values": 5
        }
    },
    "an Asian": {
        "IOU Divergence": {
            "mean": 0.9528482286634461,
            "std": 0.04385620033306591,
            "num_values": 5
        },
        "SERP MS Divergence": {
            "mean": 0.8740415140415141,
            "std": 0.1655818001838701,
            "num_values": 5
        },
        "Pragmatic Divergence": {
            "mean": 0.9368421052631579,
            "std": 0.05156820511122483,