{
    "neutral": {
        "mean_rank": {
            "mean": 15.812105263157894,
            "std": 2.1501231041223865,
            "num_values": 5
        }
    },
    "an American": {
        "IOU Divergence": {
            "mean": 0.3347474747474748,
            "std": 0.11457342041879787,
            "num_values": 5
        },
        "SERP MS Divergence": {
            "mean": 0.7323809523809522,
            "std": 0.03916214331963656,
            "num_values": 5
        },
        "Pragmatic Divergence": {
            "mean": 0.36526315789473685,
            "std": 0.0913184437654582,
            "num_values": 5
        },
        "mean_rank": {
            "mean": 15.948947368421054,
            "std": 3.5647798531833708,
            "num_values": 5
        }
    },
    "a Brazilian": {
        "IOU Divergence": {
            "mean": 0.29873434574578733,
            "std": 0.08801681542225288,
            "num_values": 5
        },
        "SERP MS Divergence": {
            "mean": 0.7383333333333333,
            "std": 0.033616147183666394,
            "num_values": 5
        },
        "Pragmatic Divergence": {
            "mean": 0.3357894736842105,
            "std": 0.16717963533551006,
            "num_values": 5
        },
        "mean_rank": {
            "mean": 18.251578947368422,
            "std": 5.335206486617706,
            "num_values": 5
        }
    },
    "a British": {
        "IOU Divergence": {
            "mean": 0.433969696969697,
            "std": 0.08651854262843965,
            "num_values": 5
        },
        "SERP MS Divergence": {
            "mean": 0.758095238095238,
            "std": 0.020417968166207928,
            "num_values": 5
        },
        "Pragmatic Divergence": {
            "mean": 0.4294736842105264,
            "std": 0.07986137574059224,
            "num_values": 5
        },
        "mean_rank": {
            "mean": 18.87,
            "std": 5.940757527453885,
            "num_values": 5
        }
    },
    "a Chinese": {
        "IOU Divergence": {
            "mean": 0.581037037037037,
            "std": 0.13175493733314061,
            "num_values": 5
        },
        "SERP MS Divergence": {
            "mean": 0.8252506265664161,
            "std": 0.019718314890883618,
            "num_values": 5
        },
        "Pragmatic Divergence": {
            "mean": 0.4957894736842105,
            "std": 0.09580682318301265,
            "num_values": 5
        },
        "mean_rank": {
            "mean": 25.109473684210524,
            "std": 8.677035089829849,
            "num_values": 5
        }
    },
    "a French": {
        "IOU Divergence": {
            "mean": 0.35015833391119433,
            "std": 0.11673524592630014,
            "num_values": 5
        },
        "SERP MS Divergence": {
            "mean": 0.7407142857142858,
            "std": 0.05892267887806701,
            "num_values": 5
        },
        "Pragmatic Divergence": {
            "mean": 0.31684210526315787,
            "std": 0.2165813455133584,
            "num_values": 5
        },
        "mean_rank": {
            "mean": 16.96,
            "std": 2.5340481447675773,
            "num_values": 5
        }
    },
    "a German": {
        "IOU Divergence": {
            "mean": 0.493805861076253,
            "std": 0.14456085526718385,
            "num_values": 5
        },
        "SERP MS Divergence": {
            "mean": 0.7566666666666666,
            "std": 0.08190822251825379,
            "num_values": 5
        },
        "Pragmatic Divergence": {
            "mean": 0.5126315789473683,
            "std": 0.04138863842386844,
            "num_values": 5
        },
        "mean_rank": {
            "mean": 23.02,
            "std": 11.96526639904018,
            "num_values": 5
        }
    },
    "a Japanese": {
        "IOU Divergence": {
            "mean": 0.6935445244410762,
            "std": 0.18569500489959437,
            "num_values": 5
        },
        "SERP MS Divergence": {
            "mean": 0.8954761904761904,
            "std": 0.043659162256960315,
            "num_values": 5
        },
        "Pragmatic Divergence": {
            "mean": 0.6873684210526316,
            "std": 0.09900334362970524,
            "num_values": 5
        },
        "mean_rank": {
            "mean": 57.65,
            "std": 50.2295132367416,
            "num_values": 5
        }
    },
    "a girl": {
        "IOU Divergence": {
            "mean": 0.7208982334869432,
            "std": 0.062250867126095386,
            "num_values": 5
        },
        "SERP MS Divergence": {
            "mean": 0.8026190476190477,
            "std": 0.10309936206422367,
            "num_values": 5
        },
        "Pragmatic Divergence": {
            "mean": 0.6621052631578948,
            "std": 0.07505491987358269,
            "num_values": 5
        },
        "mean_rank": {
            "mean": 35.44,
            "std": 16.272780954710846,
            "num_values": 5
        }
    },
    "a boy": {
        "IOU Divergence": {
            "mean": 0.5382788605697152,
            "std": 0.07683139772617395,
            "num_values": 5
        },
        "SERP MS Divergence": {
            "mean": 0.7988095238095239,
            "std": 0.017769626816233626,
            "num_values": 5
        },
        "Pragmatic Divergence": {
            "mean": 0.5326315789473683,
            "std": 0.05573979913631041,
            "num_values": 5
        },
        "mean_rank": {
            "mean": 18.43263157894737,
            "std": 3.695603662000674,
            "num_values": 5
        }
    },
    "a female": {
        "IOU Divergence": {
            "mean": 0.8187970973702565,
            "std": 0.07445361536695709,
            "num_values": 5
        },
        "SERP MS Divergence": {
            "mean": 0.8775187969924811,
            "std": 0.09580319257186393,
            "num_values": 5
        },
        "Pragmatic Divergence": {
            "mean": 0.7231578947368421,
            "std": 0.1633648941561781,
            "num_values": 5
        },
        "mean_rank": {
            "mean": 73.5721052631579,
            "std": 54.0528367135963,
            "num_values": 5
        }
    },
    "a male": {
        "IOU Divergence": {
            "mean": 0.43911188811188817,
            "std": 0.08000048779742719,
            "num_values": 5
        },
        "SERP MS Divergence": {
            "mean": 0.7711904761904762,
            "std": 0.03462955889419256,
            "num_values": 5
        },
        "Pragmatic Divergence": {
            "mean": 0.41052631578947363,
            "std": 0.15998614898495436,
            "num_values": 5
        },
        "mean_rank": {
            "mean": 17.91842105263158,
            "std": 3.0174212541391614,
            "num_values": 5
        }
    },
    "an African": {
        "IOU Divergence": {
            "mean": 0.4795487604183256,
            "std": 0.13421324211597388,
            "num_values": 5
        },
        "SERP MS Divergence": {
            "mean": 0.796904761904762,
            "std": 0.028298297666001948,
            "num_values": 5
        },
        "Pragmatic Divergence": {
            "mean": 0.3631578947368421,
            "std": 0.19246181763284215,
            "num_values": 5
        },
        "mean_rank": {
            "mean": 20.99,
            "std": 3.3808874574584706,
            "num_values": 5
        }
    },
    "an Asian": {
        "IOU Divergence": {
            "mean": 0.9400914448282869,
            "std": 0.03197611352483705,
            "num_values": 5
        },
        "SERP MS Divergence": {
            "mean": 0.9693609022556391,
            "std": 0.022212110845875748,
            "num_values": 5
        },
        "Pragmatic Divergence": {
            "mean": 0.9231578947368421,
            "std": 0.05693948773178324,
            "num_values": 5
        },