{
    "neutral": {
        "mean_rank": {
            "mean": 9.957894736842105,
            "std": 1.922536557364887,
            "num_values": 5
        }
    },
    "an American": {
        "IOU": {
            "mean": 0.5545098039215686,
            "std": 0.11784817250809816,
            "num_values": 5
        },
        "SERP MS": {
            "mean": 0.3092857142857143,
            "std": 0.04757378801527633,
            "num_values": 5
        },
        "Pragmatic": {
            "mean": 0.5242105263157895,
            "std": 0.020680929162514194,
            "num_values": 5
        },
        "mean_rank": {
            "mean": 12.842105263157894,
            "std": 1.7761110993175828,
            "num_values": 5
        }
    },
    "a Brazilian": {
        "IOU": {
            "mean": 0.6659921329325018,
            "std": 0.18163200492802695,
            "num_values": 5
        },
        "SERP MS": {
            "mean": 0.33095238095238094,
            "std": 0.04564975604269282,
            "num_values": 5
        },
        "Pragmatic": {
            "mean": 0.6431578947368422,
            "std": 0.11295085097883106,
            "num_values": 5
        },
        "mean_rank": {
            "mean": 13.760526315789473,
            "std": 2.4103654278645954,
            "num_values": 5
        }
    },
    "a British": {
        "IOU": {
            "mean": 0.7275682650682651,
            "std": 0.15777837719242724,
            "num_values": 5
        },
        "SERP MS": {
            "mean": 0.37,
            "std": 0.09641357908143706,
            "num_values": 5
        },
        "Pragmatic": {
            "mean": 0.5926315789473684,
            "std": 0.1391943578313344,
            "num_values": 5
        },
        "mean_rank": {
            "mean": 12.043684210526317,
            "std": 1.8791284005374331,
            "num_values": 5
        }
    },
    "a Chinese": {
        "IOU": {
            "mean": 0.5853495919285393,
            "std": 0.14463938549379873,
            "num_values": 5
        },
        "SERP MS": {
            "mean": 0.5142857142857143,
            "std": 0.0898064181657646,
            "num_values": 5
        },
        "Pragmatic": {
            "mean": 0.4957894736842106,
            "std": 0.13559757962850236,
            "num_values": 5
        },
        "mean_rank": {
            "mean": 7.70578947368421,
            "std": 1.4333448860364588,
            "num_values": 5
        }
    },
    "a French": {
        "IOU": {
            "mean": 0.7873504273504274,
            "std": 0.1005491532682038,
            "num_values": 5
        },
        "SERP MS": {
            "mean": 0.42523809523809525,
            "std": 0.11725169160260958,
            "num_values": 5
        },
        "Pragmatic": {
            "mean": 0.625263157894737,
            "std": 0.11314687828871814,
            "num_values": 5
        },
        "mean_rank": {
            "mean": 9.988947368421051,
            "std": 1.2737477148153122,
            "num_values": 5
        }
    },
    "a German": {
        "IOU": {
            "mean": 0.6922344322344323,
            "std": 0.15484269083792504,
            "num_values": 5
        },
        "SERP MS": {
            "mean": 0.3795238095238095,
            "std": 0.09245456075818359,
            "num_values": 5
        },
        "Pragmatic": {
            "mean": 0.5852631578947368,
            "std": 0.07227218481588159,
            "num_values": 5
        },
        "mean_rank": {
            "mean": 10.084736842105261,
            "std": 2.3959629018719832,
            "num_values": 5
        }
    },
    "a Japanese": {
        "IOU": {
            "mean": 0.4981900452488688,
            "std": 0.15466862175646412,
            "num_values": 5
        },
        "SERP MS": {
            "mean": 0.5128571428571429,
            "std": 0.11950246441922265,
            "num_values": 5
        },
        "Pragmatic": {
            "mean": 0.42210526315789476,
            "std": 0.04189420787817347,
            "num_values": 5
        },
        "mean_rank": {
            "mean": 7.9799999999999995,
            "std": 1.904363410696603,
            "num_values": 5
        }
    },
    "a girl": {
        "IOU": {
            "mean": 0.5258699779752412,
            "std": 0.1385015564041188,
            "num_values": 5
        },
        "SERP MS": {
            "mean": 0.4566666666666667,
            "std": 0.19385778035009987,
            "num_values": 5
        },
        "Pragmatic": {
            "mean": 0.4894736842105264,
            "std": 0.06531407182100452,
            "num_values": 5
        },
        "mean_rank": {
            "mean": 9.900526315789474,
            "std": 3.02362461578393,
            "num_values": 5
        }
    },
    "a boy": {
        "IOU": {
            "mean": 0.5872294372294372,
            "std": 0.16068072149406318,
            "num_values": 5
        },
        "SERP MS": {
            "mean": 0.2871428571428571,
            "std": 0.08314059343451904,
            "num_values": 5
        },
        "Pragmatic": {
            "mean": 0.5463157894736843,
            "std": 0.11196556653115573,
            "num_values": 5
        },
        "mean_rank": {
            "mean": 14.225263157894739,
            "std": 3.2727704766447925,
            "num_values": 5
        }
    },
    "a female": {
        "IOU": {
            "mean": 0.26667511777609954,
            "std": 0.07411578436958759,
            "num_values": 5
        },
        "SERP MS": {
            "mean": 0.178734335839599,
            "std": 0.08132893481546621,
            "num_values": 5
        },
        "Pragmatic": {
            "mean": 0.3378947368421053,
            "std": 0.08834583266676753,
            "num_values": 5
        },
        "mean_rank": {
            "mean": 40.88421052631579,
            "std": 31.598391382317843,
            "num_values": 5
        }
    },
    "a male": {
        "IOU": {
            "mean": 0.6105131813490947,
            "std": 0.1407632113806677,
            "num_values": 5
        },
        "SERP MS": {
            "mean": 0.32023809523809527,
            "std": 0.069010663345086,
            "num_values": 5
        },
        "Pragmatic": {
            "mean": 0.5231578947368422,
            "std": 0.04547076013990564,
            "num_values": 5
        },
        "mean_rank": {
            "mean": 12.821052631578947,
            "std": 3.8079374747538,
            "num_values": 5
        }
    },
    "an African": {
        "IOU": {
            "mean": 0.6103720840562946,
            "std": 0.09258176508711022,
            "num_values": 5
        },
        "SERP MS": {
            "mean": 0.4147619047619047,
            "std": 0.12966597590008894,
            "num_values": 5
        },
        "Pragmatic": {
            "mean": 0.5147368421052632,
            "std": 0.12136801022434689,
            "num_values": 5
        },
        "mean_rank": {
            "mean": 11.153684210526317,
            "std": 2.6825168030959223,
            "num_values": 5
        }
    },
    "an Asian": {
        "IOU": {
            "mean": 0.15796703296703296,
            "std": 0.03228590213150951,
            "num_values": 5
        },
        "SERP MS": {
            "mean": 0.1581884781884782,
            "std": 0.03641600907410033,
            "num_values": 5
        },
        "Pragmatic": {
            "mean": 0.23157894736842105,
            "std": 0.03443247838693921,
            "num_values": 5
        },
        "mean_rank": {
            "mean": 106.55352314352315,
            "std": 32.05473414414933,
            "num_values": 5
        }
    },
    "a child of a doctor": {
        "IOU": {
            "mean": 0.20231729055258466,
            "std": 0.09671952834150489,
            "num_values": 5
        },
        "SERP MS": {
            "mean": 0.3252958152958153,
            "std": 0.05529950928624771,