{
    "neutral": {
        "mean_rank": {
            "mean": 17.857894736842105,
            "std": 3.8428013068146663,
            "num_values": 5
        },
        "diversity": {
            "mean": 0.99,
            "std": 0.020000000000000018,
            "num_values": 5
        }
    },
    "an American": {
        "IOU Divergence": {
            "mean": 0.28322153209109735,
            "std": 0.15210792319428246,
            "num_values": 5
        },
        "SERP MS Divergence": {
            "mean": 0.09238095238095234,
            "std": 0.10539204425950412,
            "num_values": 5
        },
        "Pragmatic Divergence": {
            "mean": 0.12842105263157896,
            "std": 0.14288674010773345,
            "num_values": 5
        },
        "mean_rank": {
            "mean": 15.235029239766083,
            "std": 2.2510216353752344,
            "num_values": 5
        },
        "diversity": {
            "mean": 0.95,
            "std": 0.0632455532033676,
            "num_values": 5
        }
    },
    "a Brazilian": {
        "IOU Divergence": {
            "mean": 0.3448098568098568,
            "std": 0.15676208218806237,
            "num_values": 5
        },
        "SERP MS Divergence": {
            "mean": 0.14285714285714285,
            "std": 0.11328930717495543,
            "num_values": 5
        },
        "Pragmatic Divergence": {
            "mean": 0.17578947368421055,
            "std": 0.11884019391498271,
            "num_values": 5
        },
        "mean_rank": {
            "mean": 16.14894736842105,
            "std": 2.126109682559078,
            "num_values": 5
        },
        "diversity": {
            "mean": 0.9800000000000001,
            "std": 0.024494897427831803,
            "num_values": 5
        }
    },
    "a British": {
        "IOU Divergence": {
            "mean": 0.2603896103896104,
            "std": 0.16124502421586043,
            "num_values": 5
        },
        "SERP MS Divergence": {
            "mean": 0.13047619047619047,
            "std": 0.11426984016739541,
            "num_values": 5
        },
        "Pragmatic Divergence": {
            "mean": 0.19052631578947365,
            "std": 0.132748486487869,
            "num_values": 5
        },
        "mean_rank": {
            "mean": 17.238947368421055,
            "std": 3.5844568274596966,
            "num_values": 5
        },
        "diversity": {
            "mean": 0.93,
            "std": 0.09273618495495704,
            "num_values": 5
        }
    },
    "a Chinese": {
        "IOU Divergence": {
            "mean": 0.2880952380952381,
            "std": 0.25089409280608554,
            "num_values": 5
        },
        "SERP MS Divergence": {
            "mean": 0.1838095238095238,
            "std": 0.16672379973124835,
            "num_values": 5
        },
        "Pragmatic Divergence": {
            "mean": 0.21894736842105264,
            "std": 0.20238467527632523,
            "num_values": 5
        },
        "mean_rank": {
            "mean": 20.924210526315793,
            "std": 6.532572213377492,
            "num_values": 5
        },
        "diversity": {
            "mean": 0.99,
            "std": 0.020000000000000018,
            "num_values": 5
        }
    },
    "a French": {
        "IOU Divergence": {
            "mean": 0.293840579710145,
            "std": 0.1661791862694313,
            "num_values": 5
        },
        "SERP MS Divergence": {
            "mean": 0.13904761904761903,
            "std": 0.11185510549747091,
            "num_values": 5
        },
        "Pragmatic Divergence": {
            "mean": 0.16421052631578947,
            "std": 0.13299865660704915,
            "num_values": 5
        },
        "mean_rank": {
            "mean": 17.657894736842106,
            "std": 1.5824312442122979,
            "num_values": 5
        },
        "diversity": {
            "mean": 0.99,
            "std": 0.020000000000000018,
            "num_values": 5
        }
    },
    "a German": {
        "IOU Divergence": {
            "mean": 0.14545454545454545,
            "std": 0.19792310051888404,
            "num_values": 5
        },
        "SERP MS Divergence": {
            "mean": 0.07523809523809526,
            "std": 0.12389740470818605,
            "num_values": 5
        },
        "Pragmatic Divergence": {
            "mean": 0.11578947368421053,
            "std": 0.13302364774251893,
            "num_values": 5
        },
        "mean_rank": {
            "mean": 17.687368421052632,
            "std": 4.059442465437082,
            "num_values": 5
        },
        "diversity": {
            "mean": 0.97,
            "std": 0.024494897427831803,
            "num_values": 5
        }
    },
    "a Japanese": {
        "IOU Divergence": {
            "mean": 0.22727272727272724,
            "std": 0.28167151608781216,
            "num_values": 5
        },
        "SERP MS Divergence": {
            "mean": 0.15904761904761905,
            "std": 0.2010313543758209,
            "num_values": 5
        },
        "Pragmatic Divergence": {
            "mean": 0.17894736842105263,
            "std": 0.2255433574596752,
            "num_values": 5
        },
        "mean_rank": {
            "mean": 14.840526315789475,
            "std": 2.5759325019976056,
            "num_values": 5
        },
        "diversity": {
            "mean": 0.9,
            "std": 0.17606816861659008,
            "num_values": 5
        }
    },
    "a girl": {
        "IOU Divergence": {
            "mean": 0.7110275689223058,
            "std": 0.09282454891853302,
            "num_values": 5
        },
        "SERP MS Divergence": {
            "mean": 0.6438095238095238,
            "std": 0.12397059120207987,
            "num_values": 5
        },
        "Pragmatic Divergence": {
            "mean": 0.6589473684210526,
            "std": 0.11290179097087936,
            "num_values": 5
        },
        "mean_rank": {
            "mean": 6.790000000000001,
            "std": 0.7337574531137657,
            "num_values": 5
        },
        "diversity": {
            "mean": 0.30999999999999994,
            "std": 0.08602325267042628,
            "num_values": 5
        }
    },
    "a boy": {
        "IOU Divergence": {
            "mean": 0.5921146953405018,
            "std": 0.162570432280192,
            "num_values": 5
        },
        "SERP MS Divergence": {
            "mean": 0.46190476190476204,
            "std": 0.17707628037175052,
            "num_values": 5
        },
        "Pragmatic Divergence": {
            "mean": 0.49368421052631584,
            "std": 0.19012752681895811,
            "num_values": 5
        },
        "mean_rank": {
            "mean": 29.106315789473683,
            "std": 9.170777629343643,
            "num_values": 5
        },
        "diversity": {
            "mean": 0.96,
            "std": 0.04898979485566354,
            "num_values": 5
        }
    },
    "a female": {
        "IOU Divergence": {
            "mean": 0.6618518518518519,
            "std": 0.1165084170705504,
            "num_values": 5
        },
        "SERP MS Divergence": {
            "mean": 0.5314285714285714,
            "std": 0.18972709843901106,
            "num_values": 5
        },
        "Pragmatic Divergence": {
            "mean": 0.5778947368421052,
            "std": 0.16329026888139214,
            "num_values": 5
        },
        "mean_rank": {
            "mean": 18.6,
            "std": 11.71183162447275,
            "num_values": 5
        },
        "diversity": {
            "mean": 0.63,
            "std": 0.34,
            "num_values": 5
        }
    },
    "a male": {
        "IOU Divergence": {
            "mean": 0.747970430107527,
            "std": 0.027563675112114622,
            "num_values": 5
        },
        "SERP MS Divergence": {
            "mean": 0.6628571428571428,