{
    "neutral": {
        "mean_rank": {
            "mean": 26.73469387755102,
            "std": 1.7346938775510203,
            "num_values": 2
        }
    },
    "an American": {
        "IOU": {
            "mean": 0.40384615384615385,
            "std": 0.10384615384615384,
            "num_values": 2
        },
        "SERP MS": {
            "mean": 0.2665686274509804,
            "std": 0.11088235294117646,
            "num_values": 2
        },
        "Pragmatic": {
            "mean": 0.46244897959183673,
            "std": 0.09918367346938772,
            "num_values": 2
        },
        "mean_rank": {
            "mean": 26.528936170212766,
            "std": 13.231063829787233,
            "num_values": 2
        }
    },
    "a Brazilian": {
        "IOU": {
            "mean": 0.5947802197802198,
            "std": 0.3090659340659341,
            "num_values": 2
        },
        "SERP MS": {
            "mean": 0.18892156862745096,
            "std": 0.0457843137254902,
            "num_values": 2
        },
        "Pragmatic": {
            "mean": 0.7208163265306122,
            "std": 0.1746938775510204,
            "num_values": 2
        },
        "mean_rank": {
            "mean": 36.39591836734694,
            "std": 8.804081632653062,
            "num_values": 2
        }
    },
    "a British": {
        "IOU": {
            "mean": 0.3773913043478261,
            "std": 0.05739130434782608,
            "num_values": 2
        },
        "SERP MS": {
            "mean": 0.24676470588235294,
            "std": 0.12617647058823528,
            "num_values": 2
        },
        "Pragmatic": {
            "mean": 0.4342857142857143,
            "std": 0.0163265306122449,
            "num_values": 2
        },
        "mean_rank": {
            "mean": 27.493835034013607,
            "std": 15.098001700680273,
            "num_values": 2
        }
    },
    "a Chinese": {
        "IOU": {
            "mean": 0.05591766723842195,
            "std": 0.01955403087478559,
            "num_values": 2
        },
        "SERP MS": {
            "mean": 0.3901240667545015,
            "std": 0.012653711023276254,
            "num_values": 2
        },
        "Pragmatic": {
            "mean": 0.09183673469387756,
            "std": 0.050204081632653066,
            "num_values": 2
        },
        "mean_rank": {
            "mean": 715.8988095238095,
            "std": 23.85119047619048,
            "num_values": 2
        }
    },
    "a French": {
        "IOU": {
            "mean": 0.4066666666666666,
            "std": 0.22666666666666666,
            "num_values": 2
        },
        "SERP MS": {
            "mean": 0.3281372549019608,
            "std": 0.12754901960784315,
            "num_values": 2
        },
        "Pragmatic": {
            "mean": 0.5126530612244898,
            "std": 0.24816326530612245,
            "num_values": 2
        },
        "mean_rank": {
            "mean": 18.387755102040817,
            "std": 13.775510204081632,
            "num_values": 2
        }
    },
    "a German": {
        "IOU": {
            "mean": 0.44990892531876137,
            "std": 0.10564663023679419,
            "num_values": 2
        },
        "SERP MS": {
            "mean": 0.19260504201680673,
            "std": 0.02025210084033613,
            "num_values": 2
        },
        "Pragmatic": {
            "mean": 0.4644897959183673,
            "std": 0.12408163265306121,
            "num_values": 2
        },
        "mean_rank": {
            "mean": 44.802721088435376,
            "std": 6.8639455782312915,
            "num_values": 2
        }
    },
    "a Japanese": {
        "IOU": {
            "mean": 0.07695810564663023,
            "std": 0.021402550091074682,
            "num_values": 2
        },
        "SERP MS": {
            "mean": 0.45863095238095236,
            "std": 0.22886904761904764,
            "num_values": 2
        },
        "Pragmatic": {
            "mean": 0.09877551020408162,
            "std": 0.02285714285714286,
            "num_values": 2
        },
        "mean_rank": {
            "mean": 302.5625,
            "std": 78.1875,
            "num_values": 2
        }
    },
    "a girl": {
        "IOU": {
            "mean": 0.4478129713423831,
            "std": 0.07526395173453998,
            "num_values": 2
        },
        "SERP MS": {
            "mean": 0.2514705882352941,
            "std": 0.09284313725490195,
            "num_values": 2
        },
        "Pragmatic": {
            "mean": 0.5314285714285715,
            "std": 0.045714285714285735,
            "num_values": 2
        },
        "mean_rank": {
            "mean": 26.551020408163268,
            "std": 10.816326530612246,
            "num_values": 2
        }
    },
    "a boy": {
        "IOU": {
            "mean": 0.6500836120401338,
            "std": 0.21530100334448163,
            "num_values": 2
        },
        "SERP MS": {
            "mean": 0.2015686274509804,
            "std": 0.031176470588235305,
            "num_values": 2
        },
        "Pragmatic": {
            "mean": 0.7289795918367347,
            "std": 0.09306122448979592,
            "num_values": 2
        },
        "mean_rank": {
            "mean": 33.73102040816327,
            "std": 5.628979591836734,
            "num_values": 2
        }
    },
    "a female": {
        "IOU": {
            "mean": 0.569672131147541,
            "std": 0.069672131147541,
            "num_values": 2
        },
        "SERP MS": {
            "mean": 0.16872549019607844,
            "std": 0.0050000000000000044,
            "num_values": 2
        },
        "Pragmatic": {
            "mean": 0.5877551020408163,
            "std": 0.060408163265306125,
            "num_values": 2
        },
        "mean_rank": {
            "mean": 36.37755102040816,
            "std": 1.3979591836734713,
            "num_values": 2
        }
    },
    "a male": {
        "IOU": {
            "mean": 0.6338535414165666,
            "std": 0.30732292917166865,
            "num_values": 2
        },
        "SERP MS": {
            "mean": 0.32950980392156864,
            "std": 0.0861764705882353,
            "num_values": 2
        },
        "Pragmatic": {
            "mean": 0.6869387755102041,
            "std": 0.24367346938775508,
            "num_values": 2
        },
        "mean_rank": {
            "mean": 19.003188775510203,
            "std": 7.690688775510203,
            "num_values": 2
        }
    },
    "an African": {
        "IOU": {
            "mean": 0.12044817927170867,
            "std": 0.02240896358543417,
            "num_values": 2
        },
        "SERP MS": {
            "mean": 0.41490196078431374,
            "std": 0.060196078431372535,
            "num_values": 2
        },
        "Pragmatic": {
            "mean": 0.16775510204081634,
            "std": 0.02244897959183674,
            "num_values": 2
        },
        "mean_rank": {
            "mean": 13.101045296167248,
            "std": 8.386759581881533,
            "num_values": 2
        }
    },
    "an Asian": {
        "IOU": {
            "mean": 0.2357843137254902,
            "std": 0.019117647058823517,
            "num_values": 2
        },
        "SERP MS": {
            "mean": 0.383328081232493,
            "std": 0.04255427170868348,
            "num_values": 2
        },
        "Pragmatic": {
            "mean": 0.28775510204081634,
            "std": 0.001224489795918382,
            "num_values": 2
        },
        "mean_rank": {
            "mean": 32.78,
            "std": 16.72,
            "num_values": 2
        }
    },
    "a child of a doctor": {
        "IOU": {
            "mean": 0.21660377358490568,
            "std": 0.10339622641509434,
            "num_values": 2
        },
        "SERP MS": {
            "mean": 0.522267156862745,
            "std": 0.10481617647058822,