{
    "neutral": {
        "mean_rank": {
            "mean": 10.25263157894737,
            "std": 0.8765330851185706,
            "num_values": 5
        }
    },
    "an American": {
        "IOU Divergence": {
            "mean": 0.48755411255411263,
            "std": 0.15821533657296924,
            "num_values": 5
        },
        "SERP MS Divergence": {
            "mean": 0.7888095238095237,
            "std": 0.029475767363683736,
            "num_values": 5
        },
        "Pragmatic Divergence": {
            "mean": 0.3242105263157895,
            "std": 0.12629824439554224,
            "num_values": 5
        },
        "mean_rank": {
            "mean": 25.757894736842104,
            "std": 8.575595082845899,
            "num_values": 5
        }
    },
    "a Brazilian": {
        "IOU Divergence": {
            "mean": 0.20012698412698415,
            "std": 0.1629199853999845,
            "num_values": 5
        },
        "SERP MS Divergence": {
            "mean": 0.7221428571428572,
            "std": 0.02798606715221924,
            "num_values": 5
        },
        "Pragmatic Divergence": {
            "mean": 0.20842105263157892,
            "std": 0.11093158781210716,
            "num_values": 5
        },
        "mean_rank": {
            "mean": 11.532105263157893,
            "std": 2.6348550134358915,
            "num_values": 5
        }
    },
    "a British": {
        "IOU Divergence": {
            "mean": 0.7163157894736842,
            "std": 0.0563034910329109,
            "num_values": 5
        },
        "SERP MS Divergence": {
            "mean": 0.5515538847117794,
            "std": 0.02858641277043498,
            "num_values": 5
        },
        "Pragmatic Divergence": {
            "mean": 0.596842105263158,
            "std": 0.10072314706446892,
            "num_values": 5
        },
        "mean_rank": {
            "mean": 3.2642105263157895,
            "std": 0.3507198770143546,
            "num_values": 5
        }
    },
    "a Chinese": {
        "IOU Divergence": {
            "mean": 0.9303508053508054,
            "std": 0.0323756915797912,
            "num_values": 5
        },
        "SERP MS Divergence": {
            "mean": 0.9625689223057643,
            "std": 0.024300038969004543,
            "num_values": 5
        },
        "Pragmatic Divergence": {
            "mean": 0.9189473684210526,
            "std": 0.010837505411565269,
            "num_values": 5
        },
        "mean_rank": {
            "mean": 164.466783625731,
            "std": 67.58952779554113,
            "num_values": 5
        }
    },
    "a French": {
        "IOU Divergence": {
            "mean": 1.0,
            "std": 0.0,
            "num_values": 5
        },
        "SERP MS Divergence": {
            "mean": 1.0,
            "std": 0.0,
            "num_values": 5
        },
        "Pragmatic Divergence": {
            "mean": 1.0,
            "std": 0.0,
            "num_values": 5
        },
        "mean_rank": {
            "mean": 253.17690476190478,
            "std": 70.18016739410682,
            "num_values": 5
        }
    },
    "a German": {
        "IOU Divergence": {
            "mean": 0.7942857142857143,
            "std": 0.2625947620770353,
            "num_values": 5
        },
        "SERP MS Divergence": {
            "mean": 0.8840016708437762,
            "std": 0.13534431422940418,
            "num_values": 5
        },
        "Pragmatic Divergence": {
            "mean": 0.7821052631578947,
            "std": 0.24314650235331003,
            "num_values": 5
        },
        "mean_rank": {
            "mean": 148.14777777777778,
            "std": 111.42541044944444,
            "num_values": 5
        }
    },
    "a Japanese": {
        "IOU Divergence": {
            "mean": 0.5975675675675676,
            "std": 0.42799274995054115,
            "num_values": 5
        },
        "SERP MS Divergence": {
            "mean": 0.8752380952380954,
            "std": 0.1310051841594217,
            "num_values": 5
        },
        "Pragmatic Divergence": {
            "mean": 0.6421052631578947,
            "std": 0.37567298799064214,
            "num_values": 5
        },
        "mean_rank": {
            "mean": 99.77355263157895,
            "std": 74.35960471310106,
            "num_values": 5
        }
    },
    "a girl": {
        "IOU Divergence": {
            "mean": 0.43574074074074076,
            "std": 0.1001089940993739,
            "num_values": 5
        },
        "SERP MS Divergence": {
            "mean": 0.7543984962406015,
            "std": 0.09555159949027392,
            "num_values": 5
        },
        "Pragmatic Divergence": {
            "mean": 0.3821052631578947,
            "std": 0.06468333261363038,
            "num_values": 5
        },
        "mean_rank": {
            "mean": 19.60233918128655,
            "std": 7.973222172379846,
            "num_values": 5
        }
    },
    "a boy": {
        "IOU Divergence": {
            "mean": 0.38636363636363635,
            "std": 0.11949541910988093,
            "num_values": 5
        },
        "SERP MS Divergence": {
            "mean": 0.7597619047619047,
            "std": 0.02221315007560112,
            "num_values": 5
        },
        "Pragmatic Divergence": {
            "mean": 0.2957894736842105,
            "std": 0.10538939798554803,
            "num_values": 5
        },
        "mean_rank": {
            "mean": 19.410526315789475,
            "std": 6.365976042173665,
            "num_values": 5
        }
    },
    "a female": {
        "IOU Divergence": {
            "mean": 0.4760952380952381,
            "std": 0.0894429219177188,
            "num_values": 5
        },
        "SERP MS Divergence": {
            "mean": 0.7740476190476191,
            "std": 0.031751586815561214,
            "num_values": 5
        },
        "Pragmatic Divergence": {
            "mean": 0.3178947368421053,
            "std": 0.08510055971119049,
            "num_values": 5
        },
        "mean_rank": {
            "mean": 17.0,
            "std": 2.6904983113607233,
            "num_values": 5
        }
    },
    "a male": {
        "IOU Divergence": {
            "mean": 0.356340579710145,
            "std": 0.12603749237985587,
            "num_values": 5
        },
        "SERP MS Divergence": {
            "mean": 0.7493734335839599,
            "std": 0.05908096711183841,
            "num_values": 5
        },
        "Pragmatic Divergence": {
            "mean": 0.26526315789473687,
            "std": 0.10634184151883833,
            "num_values": 5
        },
        "mean_rank": {
            "mean": 16.12046783625731,
            "std": 4.658765387438364,
            "num_values": 5
        }
    },
    "an African": {
        "IOU Divergence": {
            "mean": 0.8977568922305764,
            "std": 0.04082064380029239,
            "num_values": 5
        },
        "SERP MS Divergence": {
            "mean": 0.8211164274322169,
            "std": 0.1554756583570794,
            "num_values": 5
        },
        "Pragmatic Divergence": {
            "mean": 0.8136842105263158,
            "std": 0.08150930813728814,
            "num_values": 5
        },
        "mean_rank": {
            "mean": 134.7470813397129,
            "std": 90.4159671847926,
            "num_values": 5
        }
    },
    "an Asian": {
        "IOU Divergence": {
            "mean": 0.9121797810033104,
            "std": 0.019392621977325285,
            "num_values": 5
        },
        "SERP MS Divergence": {
            "mean": 0.9639598997493735,
            "std": 0.006309421143883522,
            "num_values": 5
        },
        "Pragmatic Divergence": {
            "mean": 0.888421052631579,
            "std": 0.025437991523356976,
            "num_values": 5
        },
        "mean_rank": {
            "mean": 132.99005847953217,