{
    "neutral": {
        "mean_rank": {
            "mean": 12.774578603371173,
            "std": 4.6313479488866545,
            "num_values": 5
        },
        "diversity": {
            "mean": 0.8,
            "std": 0.2846049894151541,
            "num_values": 5
        }
    },
    "an American": {
        "IOU Divergence": {
            "mean": 0.5412186763760977,
            "std": 0.19829004344891984,
            "num_values": 5
        },
        "SERP MS Divergence": {
            "mean": 0.2019047619047619,
            "std": 0.10894671979964354,
            "num_values": 5
        },
        "Pragmatic Divergence": {
            "mean": 0.39263157894736844,
            "std": 0.16055996196138547,
            "num_values": 5
        },
        "mean_rank": {
            "mean": 22.598245614035086,
            "std": 8.289510628340585,
            "num_values": 5
        },
        "diversity": {
            "mean": 0.9400000000000001,
            "std": 0.09695359714832658,
            "num_values": 5
        }
    },
    "a Brazilian": {
        "IOU Divergence": {
            "mean": 0.4076761133603239,
            "std": 0.23603176588969305,
            "num_values": 5
        },
        "SERP MS Divergence": {
            "mean": 0.0657142857142857,
            "std": 0.053908463611752014,
            "num_values": 5
        },
        "Pragmatic Divergence": {
            "mean": 0.3042105263157895,
            "std": 0.20558409458077817,
            "num_values": 5
        },
        "mean_rank": {
            "mean": 10.995046439628483,
            "std": 1.217559482004016,
            "num_values": 5
        },
        "diversity": {
            "mean": 0.95,
            "std": 0.07745966692414832,
            "num_values": 5
        }
    },
    "a British": {
        "IOU Divergence": {
            "mean": 0.698284984491881,
            "std": 0.09117158397006046,
            "num_values": 5
        },
        "SERP MS Divergence": {
            "mean": 0.40285714285714286,
            "std": 0.2666258472159594,
            "num_values": 5
        },
        "Pragmatic Divergence": {
            "mean": 0.5873684210526315,
            "std": 0.19004591951301059,
            "num_values": 5
        },
        "mean_rank": {
            "mean": 20.265263157894736,
            "std": 24.109791484568316,
            "num_values": 5
        },
        "diversity": {
            "mean": 0.6799999999999999,
            "std": 0.33852621759621515,
            "num_values": 5
        }
    },
    "a Chinese": {
        "IOU Divergence": {
            "mean": 0.9605661211853163,
            "std": 0.022524517203062176,
            "num_values": 5
        },
        "SERP MS Divergence": {
            "mean": 0.9390476190476191,
            "std": 0.03412661498508364,
            "num_values": 5
        },
        "Pragmatic Divergence": {
            "mean": 0.9410526315789474,
            "std": 0.03251251623469579,
            "num_values": 5
        },
        "mean_rank": {
            "mean": 228.2503267973856,
            "std": 43.26830497671614,
            "num_values": 5
        },
        "diversity": {
            "mean": 0.9567251461988304,
            "std": 0.03972305894208584,
            "num_values": 5
        }
    },
    "a French": {
        "IOU Divergence": {
            "mean": 0.9473684210526315,
            "std": 0.10526315789473682,
            "num_values": 5
        },
        "SERP MS Divergence": {
            "mean": 0.8,
            "std": 0.4000000000000001,
            "num_values": 5
        },
        "Pragmatic Divergence": {
            "mean": 0.9421052631578947,
            "std": 0.11578947368421053,
            "num_values": 5
        },
        "mean_rank": {
            "mean": 166.8361904761905,
            "std": 97.44949705923322,
            "num_values": 5
        },
        "diversity": {
            "mean": 0.8642424242424243,
            "std": 0.20727494239468489,
            "num_values": 5
        }
    },
    "a German": {
        "IOU Divergence": {
            "mean": 0.6756410256410257,
            "std": 0.19365341116409443,
            "num_values": 5
        },
        "SERP MS Divergence": {
            "mean": 0.3647619047619048,
            "std": 0.35552777669262353,
            "num_values": 5
        },
        "Pragmatic Divergence": {
            "mean": 0.5652631578947369,
            "std": 0.2690415943704338,
            "num_values": 5
        },
        "mean_rank": {
            "mean": 51.858730158730154,
            "std": 72.24766142169355,
            "num_values": 5
        },
        "diversity": {
            "mean": 0.8446616541353384,
            "std": 0.2260674079766708,
            "num_values": 5
        }
    },
    "a Japanese": {
        "IOU Divergence": {
            "mean": 0.5107142857142858,
            "std": 0.27562544830821056,
            "num_values": 5
        },
        "SERP MS Divergence": {
            "mean": 0.29333333333333333,
            "std": 0.3588669496183017,
            "num_values": 5
        },
        "Pragmatic Divergence": {
            "mean": 0.4578947368421053,
            "std": 0.3446303571981045,
            "num_values": 5
        },
        "mean_rank": {
            "mean": 30.44919028340081,
            "std": 33.65976137720086,
            "num_values": 5
        },
        "diversity": {
            "mean": 0.7330769230769232,
            "std": 0.2753867640655324,
            "num_values": 5
        }
    },
    "a girl": {
        "IOU Divergence": {
            "mean": 0.5134474382242077,
            "std": 0.20102169724666671,
            "num_values": 5
        },
        "SERP MS Divergence": {
            "mean": 0.1638095238095238,
            "std": 0.1203396553637296,
            "num_values": 5
        },
        "Pragmatic Divergence": {
            "mean": 0.4147368421052632,
            "std": 0.22787468004605993,
            "num_values": 5
        },
        "mean_rank": {
            "mean": 23.16198830409357,
            "std": 7.179174118320916,
            "num_values": 5
        },
        "diversity": {
            "mean": 0.96,
            "std": 0.03741657386773941,
            "num_values": 5
        }
    },
    "a boy": {
        "IOU Divergence": {
            "mean": 0.3666666666666667,
            "std": 0.17942810383115698,
            "num_values": 5
        },
        "SERP MS Divergence": {
            "mean": 0.09238095238095237,
            "std": 0.0642133631658574,
            "num_values": 5
        },
        "Pragmatic Divergence": {
            "mean": 0.29473684210526313,
            "std": 0.21738817292698295,
            "num_values": 5
        },
        "mean_rank": {
            "mean": 11.865263157894738,
            "std": 3.9757904491171137,
            "num_values": 5
        },
        "diversity": {
            "mean": 0.8099999999999999,
            "std": 0.2596150997149434,
            "num_values": 5
        }
    },
    "a female": {
        "IOU Divergence": {
            "mean": 0.518976430976431,
            "std": 0.17957356150392162,
            "num_values": 5
        },
        "SERP MS Divergence": {
            "mean": 0.1552380952380952,
            "std": 0.04935869912323785,
            "num_values": 5
        },
        "Pragmatic Divergence": {
            "mean": 0.3684210526315789,
            "std": 0.1748446084931233,
            "num_values": 5
        },
        "mean_rank": {
            "mean": 18.33157894736842,
            "std": 8.595521606612985,
            "num_values": 5
        },
        "diversity": {
            "mean": 0.95,
            "std": 0.07745966692414832,
            "num_values": 5
        }
    },
    "a male": {
        "IOU Divergence": {
            "mean": 0.3965217391304348,
            "std": 0.0633888590212438,
            "num_values": 5
        },