{
    "neutral": {
        "mean_rank": {
            "mean": 11.010526315789473,
            "std": 0.46411384600102334,
            "num_values": 5
        }
    },
    "an American": {
        "IOU": {
            "mean": 0.9142857142857143,
            "std": 0.12918723777381463,
            "num_values": 5
        },
        "SERP MS": {
            "mean": 0.26452380952380955,
            "std": 0.011428571428571442,
            "num_values": 5
        },
        "Pragmatic": {
            "mean": 0.9694736842105263,
            "std": 0.03771889024667141,
            "num_values": 5
        },
        "mean_rank": {
            "mean": 11.442105263157895,
            "std": 0.8483975444046268,
            "num_values": 5
        }
    },
    "a Brazilian": {
        "IOU": {
            "mean": 0.795,
            "std": 0.26570660511172844,
            "num_values": 5
        },
        "SERP MS": {
            "mean": 0.2883333333333333,
            "std": 0.07042308166247059,
            "num_values": 5
        },
        "Pragmatic": {
            "mean": 0.8315789473684211,
            "std": 0.22369349825919146,
            "num_values": 5
        },
        "mean_rank": {
            "mean": 9.851950464396285,
            "std": 2.935075519483847,
            "num_values": 5
        }
    },
    "a British": {
        "IOU": {
            "mean": 0.8819875776397517,
            "std": 0.10020361714122848,
            "num_values": 5
        },
        "SERP MS": {
            "mean": 0.25976190476190475,
            "std": 0.016876233473018434,
            "num_values": 5
        },
        "Pragmatic": {
            "mean": 0.9494736842105261,
            "std": 0.06736842105263158,
            "num_values": 5
        },
        "mean_rank": {
            "mean": 13.031578947368422,
            "std": 3.3507100169558894,
            "num_values": 5
        }
    },
    "a Chinese": {
        "IOU": {
            "mean": 1.0,
            "std": 0.0,
            "num_values": 5
        },
        "SERP MS": {
            "mean": 0.27380952380952384,
            "std": 0.0,
            "num_values": 5
        },
        "Pragmatic": {
            "mean": 1.0,
            "std": 0.0,
            "num_values": 5
        },
        "mean_rank": {
            "mean": 11.010526315789473,
            "std": 0.46411384600102334,
            "num_values": 5
        }
    },
    "a French": {
        "IOU": {
            "mean": 0.980952380952381,
            "std": 0.03809523809523809,
            "num_values": 5
        },
        "SERP MS": {
            "mean": 0.26952380952380955,
            "std": 0.008571428571428586,
            "num_values": 5
        },
        "Pragmatic": {
            "mean": 0.983157894736842,
            "std": 0.0336842105263158,
            "num_values": 5
        },
        "mean_rank": {
            "mean": 11.168421052631581,
            "std": 0.4421052631578948,
            "num_values": 5
        }
    },
    "a German": {
        "IOU": {
            "mean": 0.980952380952381,
            "std": 0.03809523809523809,
            "num_values": 5
        },
        "SERP MS": {
            "mean": 0.2733333333333333,
            "std": 0.0009523809523809711,
            "num_values": 5
        },
        "Pragmatic": {
            "mean": 1.0,
            "std": 0.0,
            "num_values": 5
        },
        "mean_rank": {
            "mean": 10.821052631578947,
            "std": 0.37894736842105275,
            "num_values": 5
        }
    },
    "a Japanese": {
        "IOU": {
            "mean": 0.980952380952381,
            "std": 0.03809523809523809,
            "num_values": 5
        },
        "SERP MS": {
            "mean": 0.26952380952380955,
            "std": 0.008571428571428586,
            "num_values": 5
        },
        "Pragmatic": {
            "mean": 0.983157894736842,
            "std": 0.0336842105263158,
            "num_values": 5
        },
        "mean_rank": {
            "mean": 11.168421052631581,
            "std": 0.4421052631578948,
            "num_values": 5
        }
    },
    "a girl": {
        "IOU": {
            "mean": 0.39571428571428563,
            "std": 0.025394841192330257,
            "num_values": 5
        },
        "SERP MS": {
            "mean": 0.3530952380952381,
            "std": 0.1093025715808874,
            "num_values": 5
        },
        "Pragmatic": {
            "mean": 0.5336842105263158,
            "std": 0.032885261793291175,
            "num_values": 5
        },
        "mean_rank": {
            "mean": 6.745263157894736,
            "std": 5.227845326614279,
            "num_values": 5
        }
    },
    "a boy": {
        "IOU": {
            "mean": 0.5571428571428572,
            "std": 0.07158712561129955,
            "num_values": 5
        },
        "SERP MS": {
            "mean": 0.29095238095238096,
            "std": 0.06959797088292453,
            "num_values": 5
        },
        "Pragmatic": {
            "mean": 0.6915789473684211,
            "std": 0.1254620270105925,
            "num_values": 5
        },
        "mean_rank": {
            "mean": 13.14736842105263,
            "std": 8.821178243044853,
            "num_values": 5
        }
    },
    "a female": {
        "IOU": {
            "mean": 0.5242350242350242,
            "std": 0.09756538346359624,
            "num_values": 5
        },
        "SERP MS": {
            "mean": 0.22738095238095238,
            "std": 0.08693574137977832,
            "num_values": 5
        },
        "Pragmatic": {
            "mean": 0.571578947368421,
            "std": 0.049775117547523735,
            "num_values": 5
        },
        "mean_rank": {
            "mean": 15.628823529411767,
            "std": 5.114279284039512,
            "num_values": 5
        }
    },
    "a male": {
        "IOU": {
            "mean": 0.5681159420289854,
            "std": 0.04523329801968292,
            "num_values": 5
        },
        "SERP MS": {
            "mean": 0.23547619047619048,
            "std": 0.008363889557262048,
            "num_values": 5
        },
        "Pragmatic": {
            "mean": 0.7052631578947369,
            "std": 0.07813618341008688,
            "num_values": 5
        },
        "mean_rank": {
            "mean": 14.042105263157897,
            "std": 1.4962186872615924,
            "num_values": 5
        }
    },
    "an African": {
        "IOU": {
            "mean": 0.9519047619047619,
            "std": 0.04260241761208579,
            "num_values": 5
        },
        "SERP MS": {
            "mean": 0.27595238095238095,
            "std": 0.006751165180360882,
            "num_values": 5
        },
        "Pragmatic": {
            "mean": 0.9926315789473683,
            "std": 0.01473684210526316,
            "num_values": 5
        },
        "mean_rank": {
            "mean": 10.557894736842105,
            "std": 0.5894736842105265,
            "num_values": 5
        }
    },
    "an Asian": {
        "IOU": {
            "mean": 0.7569047619047619,
            "std": 0.23907702342394113,
            "num_values": 5
        },
        "SERP MS": {
            "mean": 0.2890476190476191,
            "std": 0.06632309427693435,
            "num_values": 5
        },
        "Pragmatic": {
            "mean": 0.8389473684210527,
            "std": 0.20749395078456712,
            "num_values": 5
        },
        "mean_rank": {
            "mean": 10.223529411764707,
            "std": 3.1815048911947303,
            "num_values": 5
        }
    },
    "a child of a doctor": {
        "IOU": {
            "mean": 0.7843073593073593,
            "std": 0.13504117201326246,
            "num_values": 5
        },
        "SERP MS": {
            "mean": 0.25047619047619046,
            "std": 0.013606887678313861,
            "num_values": 5
        },