{
    "neutral": {
        "mean_rank": {
            "mean": 15.272105263157894,
            "std": 19.473097686757637,
            "num_values": 5
        }
    },
    "an American": {
        "IOU Divergence": {
            "mean": 0.5300375939849624,
            "std": 0.30604806679191,
            "num_values": 5
        },
        "SERP MS Divergence": {
            "mean": -0.3247619047619047,
            "std": 0.9184550890309734,
            "num_values": 5
        },
        "Pragmatic Divergence": {
            "mean": 0.7126315789473684,
            "std": 0.18925718625319476,
            "num_values": 5
        },
        "mean_rank": {
            "mean": 8.890526315789474,
            "std": 5.2474847160211295,
            "num_values": 5
        }
    },
    "a Brazilian": {
        "IOU Divergence": {
            "mean": 0.5517704517704518,
            "std": 0.23566348424891811,
            "num_values": 5
        },
        "SERP MS Divergence": {
            "mean": -0.06857142857142855,
            "std": 0.780039608855358,
            "num_values": 5
        },
        "Pragmatic Divergence": {
            "mean": 0.5932163742690058,
            "std": 0.13291027579172518,
            "num_values": 5
        },
        "mean_rank": {
            "mean": 11.059999999999999,
            "std": 5.343631723837263,
            "num_values": 5
        }
    },
    "a British": {
        "IOU Divergence": {
            "mean": 0.41142857142857137,
            "std": 0.35449302690243284,
            "num_values": 5
        },
        "SERP MS Divergence": {
            "mean": -0.4161904761904761,
            "std": 0.7922636846604456,
            "num_values": 5
        },
        "Pragmatic Divergence": {
            "mean": 0.6085380116959065,
            "std": 0.13090514937971975,
            "num_values": 5
        },
        "mean_rank": {
            "mean": 28.36714285714286,
            "std": 36.46549881849462,
            "num_values": 5
        }
    },
    "a Chinese": {
        "IOU Divergence": {
            "mean": 0.7312107545215374,
            "std": 0.06887876761681958,
            "num_values": 5
        },
        "SERP MS Divergence": {
            "mean": 0.6595238095238095,
            "std": 0.13684160033690937,
            "num_values": 5
        },
        "Pragmatic Divergence": {
            "mean": 0.6394152046783625,
            "std": 0.11689799575284625,
            "num_values": 5
        },
        "mean_rank": {
            "mean": 21.15,
            "std": 2.883920942050943,
            "num_values": 5
        }
    },
    "a French": {
        "IOU Divergence": {
            "mean": 0.7547619047619047,
            "std": 0.10090295285912898,
            "num_values": 5
        },
        "SERP MS Divergence": {
            "mean": 0.785952380952381,
            "std": 0.08619376473600095,
            "num_values": 5
        },
        "Pragmatic Divergence": {
            "mean": 0.6821052631578948,
            "std": 0.16104231133084612,
            "num_values": 5
        },
        "mean_rank": {
            "mean": 23.764210526315786,
            "std": 11.44615391016476,
            "num_values": 5
        }
    },
    "a German": {
        "IOU Divergence": {
            "mean": 0.5635079077002851,
            "std": 0.16624485830663832,
            "num_values": 5
        },
        "SERP MS Divergence": {
            "mean": -0.0045238095238094855,
            "std": 0.6277151454719532,
            "num_values": 5
        },
        "Pragmatic Divergence": {
            "mean": 0.5508771929824562,
            "std": 0.11396218992513742,
            "num_values": 5
        },
        "mean_rank": {
            "mean": 17.26,
            "std": 13.004629944754292,
            "num_values": 5
        }
    },
    "a Japanese": {
        "IOU Divergence": {
            "mean": 0.5918725718725719,
            "std": 0.1908148225320617,
            "num_values": 5
        },
        "SERP MS Divergence": {
            "mean": 0.24976190476190477,
            "std": 0.6257772491333315,
            "num_values": 5
        },
        "Pragmatic Divergence": {
            "mean": 0.6067836257309941,
            "std": 0.18175137541065275,
            "num_values": 5
        },
        "mean_rank": {
            "mean": 13.989999999999998,
            "std": 5.296546044357587,
            "num_values": 5
        }
    },
    "a girl": {
        "IOU Divergence": {
            "mean": 0.6398217468805704,
            "std": 0.20711700388888135,
            "num_values": 5
        },
        "SERP MS Divergence": {
            "mean": -0.36952380952380953,
            "std": 0.8475249412714044,
            "num_values": 5
        },
        "Pragmatic Divergence": {
            "mean": 0.7157894736842104,
            "std": 0.16022836887987665,
            "num_values": 5
        },
        "mean_rank": {
            "mean": 8.469999999999999,
            "std": 2.5114935795259363,
            "num_values": 5
        }
    },
    "a boy": {
        "IOU Divergence": {
            "mean": 0.3174603174603175,
            "std": 0.35775960855824274,
            "num_values": 5
        },
        "SERP MS Divergence": {
            "mean": -0.7657142857142858,
            "std": 1.019507684310102,
            "num_values": 5
        },
        "Pragmatic Divergence": {
            "mean": 0.6410526315789473,
            "std": 0.19592525003456812,
            "num_values": 5
        },
        "mean_rank": {
            "mean": 5.389999999999999,
            "std": 0.4841487374764081,
            "num_values": 5
        }
    },
    "a female": {
        "IOU Divergence": {
            "mean": 0.7050877192982457,
            "std": 0.19425529207205494,
            "num_values": 5
        },
        "SERP MS Divergence": {
            "mean": -0.010238095238095268,
            "std": 0.8247852740558113,
            "num_values": 5
        },
        "Pragmatic Divergence": {
            "mean": 0.7063157894736842,
            "std": 0.1665155362802963,
            "num_values": 5
        },
        "mean_rank": {
            "mean": 20.18,
            "std": 16.67898677977772,
            "num_values": 5
        }
    },
    "a male": {
        "IOU Divergence": {
            "mean": 0.7772727272727272,
            "std": 0.0767690058364482,
            "num_values": 5
        },
        "SERP MS Divergence": {
            "mean": 0.8735714285714286,
            "std": 0.07635176380893041,
            "num_values": 5
        },
        "Pragmatic Divergence": {
            "mean": 0.7011695906432749,
            "std": 0.12115909096733649,
            "num_values": 5
        },
        "mean_rank": {
            "mean": 30.310000000000002,
            "std": 8.209652855023773,
            "num_values": 5
        }
    },
    "an African": {
        "IOU Divergence": {
            "mean": 0.7133333333333333,
            "std": 0.06257150105091115,
            "num_values": 5
        },
        "SERP MS Divergence": {
            "mean": 0.7754010025062656,
            "std": 0.042280144637719654,
            "num_values": 5
        },
        "Pragmatic Divergence": {
            "mean": 0.6904093567251464,
            "std": 0.11692607721950676,
            "num_values": 5
        },
        "mean_rank": {
            "mean": 31.723157894736847,
            "std": 9.721394631091117,
            "num_values": 5
        }
    },
    "an Asian": {
        "IOU Divergence": {
            "mean": 0.5735851867430813,
            "std": 0.17311297779453327,
            "num_values": 5
        },
        "SERP MS Divergence": {
            "mean": 0.24285714285714288,
            "std": 0.6187714585481721,
            "num_values": 5
        },
        "Pragmatic Divergence": {
            "mean": 0.5516959064327486,
            "std": 0.12845098129082594,
            "num_values": 5
        },