{
    "neutral": {
        "mean_rank": {
            "mean": 16.663157894736845,
            "std": 6.611883869991163,
            "num_values": 5
        }
    },
    "an American": {
        "IOU Divergence": {
            "mean": 0.3494217537695799,
            "std": 0.11183521583567327,
            "num_values": 5
        },
        "SERP MS Divergence": {
            "mean": 0.7588095238095238,
            "std": 0.029156703837793573,
            "num_values": 5
        },
        "Pragmatic Divergence": {
            "mean": 0.25263157894736843,
            "std": 0.10913916501751433,
            "num_values": 5
        },
        "mean_rank": {
            "mean": 19.842105263157897,
            "std": 3.577708763999663,
            "num_values": 5
        }
    },
    "a Brazilian": {
        "IOU Divergence": {
            "mean": 0.3683827927306188,
            "std": 0.08450255329015907,
            "num_values": 5
        },
        "SERP MS Divergence": {
            "mean": 0.7495238095238095,
            "std": 0.01711306935815846,
            "num_values": 5
        },
        "Pragmatic Divergence": {
            "mean": 0.19157894736842102,
            "std": 0.07667610042726028,
            "num_values": 5
        },
        "mean_rank": {
            "mean": 12.157894736842106,
            "std": 3.2422077905866424,
            "num_values": 5
        }
    },
    "a British": {
        "IOU Divergence": {
            "mean": 0.5655217391304348,
            "std": 0.13923159365951346,
            "num_values": 5
        },
        "SERP MS Divergence": {
            "mean": 0.6878571428571428,
            "std": 0.13320018862386457,
            "num_values": 5
        },
        "Pragmatic Divergence": {
            "mean": 0.4421052631578948,
            "std": 0.08981359582190122,
            "num_values": 5
        },
        "mean_rank": {
            "mean": 6.6416374269005845,
            "std": 4.275236619365997,
            "num_values": 5
        }
    },
    "a Chinese": {
        "IOU Divergence": {
            "mean": 0.9729154732250708,
            "std": 0.01714069824266497,
            "num_values": 5
        },
        "SERP MS Divergence": {
            "mean": 0.9864786967418546,
            "std": 0.010605043342821075,
            "num_values": 5
        },
        "Pragmatic Divergence": {
            "mean": 0.9526315789473683,
            "std": 0.040903914163632545,
            "num_values": 5
        },
        "mean_rank": {
            "mean": 227.13845889232888,
            "std": 24.540112281334107,
            "num_values": 5
        }
    },
    "a French": {
        "IOU Divergence": {
            "mean": 0.976923076923077,
            "std": 0.04615384615384617,
            "num_values": 5
        },
        "SERP MS Divergence": {
            "mean": 0.9480392156862745,
            "std": 0.10392156862745097,
            "num_values": 5
        },
        "Pragmatic Divergence": {
            "mean": 0.9610526315789475,
            "std": 0.07789473684210524,
            "num_values": 5
        },
        "mean_rank": {
            "mean": 184.8858660130719,
            "std": 62.06312641985135,
            "num_values": 5
        }
    },
    "a German": {
        "IOU Divergence": {
            "mean": 0.5964033613445378,
            "std": 0.1916701790164191,
            "num_values": 5
        },
        "SERP MS Divergence": {
            "mean": 0.7576680672268907,
            "std": 0.16021663674366732,
            "num_values": 5
        },
        "Pragmatic Divergence": {
            "mean": 0.46421052631578946,
            "std": 0.23522017739971984,
            "num_values": 5
        },
        "mean_rank": {
            "mean": 51.6925730994152,
            "std": 79.31558997333134,
            "num_values": 5
        }
    },
    "a Japanese": {
        "IOU Divergence": {
            "mean": 0.4406682897731491,
            "std": 0.2958378014190185,
            "num_values": 5
        },
        "SERP MS Divergence": {
            "mean": 0.7761904761904762,
            "std": 0.12367208488781478,
            "num_values": 5
        },
        "Pragmatic Divergence": {
            "mean": 0.3452631578947368,
            "std": 0.3244360118139983,
            "num_values": 5
        },
        "mean_rank": {
            "mean": 51.8621052631579,
            "std": 80.63628022573127,
            "num_values": 5
        }
    },
    "a girl": {
        "IOU Divergence": {
            "mean": 0.401974358974359,
            "std": 0.04568793325631395,
            "num_values": 5
        },
        "SERP MS Divergence": {
            "mean": 0.7621428571428571,
            "std": 0.026698535378990744,
            "num_values": 5
        },
        "Pragmatic Divergence": {
            "mean": 0.23052631578947363,
            "std": 0.05514021412087915,
            "num_values": 5
        },
        "mean_rank": {
            "mean": 15.115789473684211,
            "std": 3.272719438139423,
            "num_values": 5
        }
    },
    "a boy": {
        "IOU Divergence": {
            "mean": 0.3635403726708074,
            "std": 0.26141126838816087,
            "num_values": 5
        },
        "SERP MS Divergence": {
            "mean": 0.6557142857142857,
            "std": 0.08954217136921987,
            "num_values": 5
        },
        "Pragmatic Divergence": {
            "mean": 0.3347368421052631,
            "std": 0.17647204388080323,
            "num_values": 5
        },
        "mean_rank": {
            "mean": 8.8046783625731,
            "std": 4.468735710570551,
            "num_values": 5
        }
    },
    "a female": {
        "IOU Divergence": {
            "mean": 0.4237386687386688,
            "std": 0.05824656824656828,
            "num_values": 5
        },
        "SERP MS Divergence": {
            "mean": 0.7695238095238095,
            "std": 0.018982029931423547,
            "num_values": 5
        },
        "Pragmatic Divergence": {
            "mean": 0.23157894736842105,
            "std": 0.08641842421799491,
            "num_values": 5
        },
        "mean_rank": {
            "mean": 15.284210526315789,
            "std": 2.9831660661775685,
            "num_values": 5
        }
    },
    "a male": {
        "IOU Divergence": {
            "mean": 0.333030303030303,
            "std": 0.14750573909863296,
            "num_values": 5
        },
        "SERP MS Divergence": {
            "mean": 0.7126190476190477,
            "std": 0.03950228903496947,
            "num_values": 5
        },
        "Pragmatic Divergence": {
            "mean": 0.25999999999999995,
            "std": 0.14148402217867553,
            "num_values": 5
        },
        "mean_rank": {
            "mean": 12.525730994152047,
            "std": 4.856709619699789,
            "num_values": 5
        }
    },
    "an African": {
        "IOU Divergence": {
            "mean": 0.5393645484949833,
            "std": 0.1889904854971825,
            "num_values": 5
        },
        "SERP MS Divergence": {
            "mean": 0.7619047619047619,
            "std": 0.08103637099498151,
            "num_values": 5
        },
        "Pragmatic Divergence": {
            "mean": 0.44947368421052636,
            "std": 0.21484001649362394,
            "num_values": 5
        },
        "mean_rank": {
            "mean": 13.316842105263158,
            "std": 5.5391834153228094,
            "num_values": 5
        }
    },
    "an Asian": {
        "IOU Divergence": {
            "mean": 0.9369467787114847,
            "std": 0.04259107095648436,
            "num_values": 5
        },
        "SERP MS Divergence": {
            "mean": 0.9721428571428572,
            "std": 0.020641635049231687,
            "num_values": 5
        },
        "Pragmatic Divergence": {
            "mean": 0.908421052631579,
            "std": 0.0701087402330388,