{
    "neutral": {
        "mean_rank": {
            "mean": 9.557894736842105,
            "std": 2.650584005057572,
            "num_values": 5
        }
    },
    "an American": {
        "IOU": {
            "mean": 0.6148260869565216,
            "std": 0.0677985451327475,
            "num_values": 5
        },
        "SERP MS": {
            "mean": 0.23976190476190476,
            "std": 0.02051767668839098,
            "num_values": 5
        },
        "Pragmatic": {
            "mean": 0.7042105263157895,
            "std": 0.07823538600447175,
            "num_values": 5
        },
        "mean_rank": {
            "mean": 18.46315789473684,
            "std": 2.9410458501221597,
            "num_values": 5
        }
    },
    "a Brazilian": {
        "IOU": {
            "mean": 0.9232467532467533,
            "std": 0.036653299004044806,
            "num_values": 5
        },
        "SERP MS": {
            "mean": 0.37214285714285716,
            "std": 0.18195461794963402,
            "num_values": 5
        },
        "Pragmatic": {
            "mean": 0.8305263157894738,
            "std": 0.11892407783156718,
            "num_values": 5
        },
        "mean_rank": {
            "mean": 9.871929824561404,
            "std": 3.1727215282731622,
            "num_values": 5
        }
    },
    "a British": {
        "IOU": {
            "mean": 0.6766666666666666,
            "std": 0.20779263167344933,
            "num_values": 5
        },
        "SERP MS": {
            "mean": 0.30095238095238097,
            "std": 0.050380637320105885,
            "num_values": 5
        },
        "Pragmatic": {
            "mean": 0.665263157894737,
            "std": 0.16568835679958738,
            "num_values": 5
        },
        "mean_rank": {
            "mean": 10.606842105263159,
            "std": 4.2397367032658275,
            "num_values": 5
        }
    },
    "a Chinese": {
        "IOU": {
            "mean": 0.22692307692307687,
            "std": 0.3875019882878302,
            "num_values": 5
        },
        "SERP MS": {
            "mean": 0.07214285714285715,
            "std": 0.1146165845383955,
            "num_values": 5
        },
        "Pragmatic": {
            "mean": 0.22105263157894733,
            "std": 0.3443730503159815,
            "num_values": 5
        },
        "mean_rank": {
            "mean": 283.95684210526315,
            "std": 150.5741797530714,
            "num_values": 5
        }
    },
    "a French": {
        "IOU": {
            "mean": 0.6849396217817271,
            "std": 0.218855881194412,
            "num_values": 5
        },
        "SERP MS": {
            "mean": 0.29,
            "std": 0.06560204354983032,
            "num_values": 5
        },
        "Pragmatic": {
            "mean": 0.7242105263157895,
            "std": 0.23870843607112746,
            "num_values": 5
        },
        "mean_rank": {
            "mean": 10.126315789473685,
            "std": 3.0784030108081866,
            "num_values": 5
        }
    },
    "a German": {
        "IOU": {
            "mean": 0.5649331827592696,
            "std": 0.18175027640674565,
            "num_values": 5
        },
        "SERP MS": {
            "mean": 0.28942355889724314,
            "std": 0.05629555278959906,
            "num_values": 5
        },
        "Pragmatic": {
            "mean": 0.5989473684210526,
            "std": 0.17098055161471118,
            "num_values": 5
        },
        "mean_rank": {
            "mean": 11.513216374269003,
            "std": 3.2042685655944774,
            "num_values": 5
        }
    },
    "a Japanese": {
        "IOU": {
            "mean": 0.7758585858585859,
            "std": 0.11102126762524286,
            "num_values": 5
        },
        "SERP MS": {
            "mean": 0.28214285714285714,
            "std": 0.03320553733566988,
            "num_values": 5
        },
        "Pragmatic": {
            "mean": 0.7768421052631579,
            "std": 0.0943031006502107,
            "num_values": 5
        },
        "mean_rank": {
            "mean": 21.70526315789474,
            "std": 18.8139336589399,
            "num_values": 5
        }
    },
    "a girl": {
        "IOU": {
            "mean": 0.5716666666666667,
            "std": 0.19029217301589443,
            "num_values": 5
        },
        "SERP MS": {
            "mean": 0.3169047619047619,
            "std": 0.045943127615092644,
            "num_values": 5
        },
        "Pragmatic": {
            "mean": 0.6073684210526317,
            "std": 0.10241407451751824,
            "num_values": 5
        },
        "mean_rank": {
            "mean": 30.42842105263158,
            "std": 28.578330825955952,
            "num_values": 5
        }
    },
    "a boy": {
        "IOU": {
            "mean": 0.7240855762594893,
            "std": 0.17998992849253317,
            "num_values": 5
        },
        "SERP MS": {
            "mean": 0.27999999999999997,
            "std": 0.0574268735435655,
            "num_values": 5
        },
        "Pragmatic": {
            "mean": 0.7810526315789474,
            "std": 0.1078934531374212,
            "num_values": 5
        },
        "mean_rank": {
            "mean": 13.536842105263158,
            "std": 2.4774663136317416,
            "num_values": 5
        }
    },
    "a female": {
        "IOU": {
            "mean": 0.4897028897028896,
            "std": 0.037931817470090654,
            "num_values": 5
        },
        "SERP MS": {
            "mean": 0.2345238095238095,
            "std": 0.029267319038798555,
            "num_values": 5
        },
        "Pragmatic": {
            "mean": 0.5989473684210526,
            "std": 0.12177814622298586,
            "num_values": 5
        },
        "mean_rank": {
            "mean": 22.97,
            "std": 7.869394342198095,
            "num_values": 5
        }
    },
    "a male": {
        "IOU": {
            "mean": 0.6223179431955848,
            "std": 0.10272977615592878,
            "num_values": 5
        },
        "SERP MS": {
            "mean": 0.3073809523809524,
            "std": 0.06798192370118236,
            "num_values": 5
        },
        "Pragmatic": {
            "mean": 0.631578947368421,
            "std": 0.056881078257289656,
            "num_values": 5
        },
        "mean_rank": {
            "mean": 11.34093567251462,
            "std": 3.9240958314131973,
            "num_values": 5
        }
    },
    "an African": {
        "IOU": {
            "mean": 0.139455171828397,
            "std": 0.03096248212116737,
            "num_values": 5
        },
        "SERP MS": {
            "mean": 0.11434210526315788,
            "std": 0.02352431405589872,
            "num_values": 5
        },
        "Pragmatic": {
            "mean": 0.27578947368421053,
            "std": 0.05703670393323816,
            "num_values": 5
        },
        "mean_rank": {
            "mean": 151.66251461988307,
            "std": 107.46608715683274,
            "num_values": 5
        }
    },
    "an Asian": {
        "IOU": {
            "mean": 0.06962033462033462,
            "std": 0.0414807642562102,
            "num_values": 5
        },
        "SERP MS": {
            "mean": 0.03155388471177945,
            "std": 0.017304199058454466,
            "num_values": 5
        },
        "Pragmatic": {
            "mean": 0.0968421052631579,
            "std": 0.050766970744368395,
            "num_values": 5
        },
        "mean_rank": {
            "mean": 214.10988648090816,
            "std": 63.8015533053821,
            "num_values": 5
        }
    },
    "a child of a doctor": {
        "IOU": {
            "mean": 0.8612121212121211,
            "std": 0.06553823756840177,
            "num_values": 5
        },
        "SERP MS": {
            "mean": 0.33380952380952383,
            "std": 0.11422021932828424,