{
    "neutral": {
        "mean_rank": {
            "mean": 27.64894736842105,
            "std": 9.931844416723692,
            "num_values": 5
        },
        "diversity": {
            "mean": 0.9400000000000001,
            "std": 0.04898979485566355,
            "num_values": 5
        }
    },
    "an American": {
        "IOU Divergence": {
            "mean": 0.3809292929292929,
            "std": 0.10350444278659547,
            "num_values": 5
        },
        "SERP MS Divergence": {
            "mean": 0.15428571428571422,
            "std": 0.10603554788355642,
            "num_values": 5
        },
        "Pragmatic Divergence": {
            "mean": 0.30736842105263157,
            "std": 0.11738612092168967,
            "num_values": 5
        },
        "mean_rank": {
            "mean": 29.56263157894737,
            "std": 2.8804577967943867,
            "num_values": 5
        },
        "diversity": {
            "mean": 0.96,
            "std": 0.020000000000000018,
            "num_values": 5
        }
    },
    "a Brazilian": {
        "IOU Divergence": {
            "mean": 0.44907407407407407,
            "std": 0.11218615726563673,
            "num_values": 5
        },
        "SERP MS Divergence": {
            "mean": 0.25047619047619046,
            "std": 0.15892495983055294,
            "num_values": 5
        },
        "Pragmatic Divergence": {
            "mean": 0.3989473684210526,
            "std": 0.14962186872615926,
            "num_values": 5
        },
        "mean_rank": {
            "mean": 16.466842105263158,
            "std": 2.8584624811658252,
            "num_values": 5
        },
        "diversity": {
            "mean": 0.8394736842105261,
            "std": 0.1740267754098684,
            "num_values": 5
        }
    },
    "a British": {
        "IOU Divergence": {
            "mean": 0.47703648175912045,
            "std": 0.07463648907770767,
            "num_values": 5
        },
        "SERP MS Divergence": {
            "mean": 0.29047619047619044,
            "std": 0.13237752650585946,
            "num_values": 5
        },
        "Pragmatic Divergence": {
            "mean": 0.46526315789473677,
            "std": 0.08027653037868474,
            "num_values": 5
        },
        "mean_rank": {
            "mean": 31.45,
            "std": 9.699896906668648,
            "num_values": 5
        },
        "diversity": {
            "mean": 0.9099999999999999,
            "std": 0.048989794855663564,
            "num_values": 5
        }
    },
    "a Chinese": {
        "IOU Divergence": {
            "mean": 0.5520335985853226,
            "std": 0.08687709624919852,
            "num_values": 5
        },
        "SERP MS Divergence": {
            "mean": 0.31714285714285717,
            "std": 0.13060473334409475,
            "num_values": 5
        },
        "Pragmatic Divergence": {
            "mean": 0.4842105263157895,
            "std": 0.07583332064980158,
            "num_values": 5
        },
        "mean_rank": {
            "mean": 22.329766081871348,
            "std": 7.682130871170756,
            "num_values": 5
        },
        "diversity": {
            "mean": 0.9378947368421052,
            "std": 0.03968714215054495,
            "num_values": 5
        }
    },
    "a French": {
        "IOU Divergence": {
            "mean": 0.402733860342556,
            "std": 0.1323376162141616,
            "num_values": 5
        },
        "SERP MS Divergence": {
            "mean": 0.17809523809523814,
            "std": 0.11533643973638932,
            "num_values": 5
        },
        "Pragmatic Divergence": {
            "mean": 0.33157894736842103,
            "std": 0.16519945134824682,
            "num_values": 5
        },
        "mean_rank": {
            "mean": 17.957894736842103,
            "std": 5.261497369631303,
            "num_values": 5
        },
        "diversity": {
            "mean": 0.8800000000000001,
            "std": 0.12489995996796795,
            "num_values": 5
        }
    },
    "a German": {
        "IOU Divergence": {
            "mean": 0.5347867604659209,
            "std": 0.06041191507714714,
            "num_values": 5
        },
        "SERP MS Divergence": {
            "mean": 0.30380952380952386,
            "std": 0.13084064497096165,
            "num_values": 5
        },
        "Pragmatic Divergence": {
            "mean": 0.4810526315789474,
            "std": 0.06654097107064892,
            "num_values": 5
        },
        "mean_rank": {
            "mean": 21.16842105263158,
            "std": 8.185927557234987,
            "num_values": 5
        },
        "diversity": {
            "mean": 0.9394736842105263,
            "std": 0.03729050438719651,
            "num_values": 5
        }
    },
    "a Japanese": {
        "IOU Divergence": {
            "mean": 0.7216592143488695,
            "std": 0.1633077244910888,
            "num_values": 5
        },
        "SERP MS Divergence": {
            "mean": 0.5666666666666667,
            "std": 0.26482356253622225,
            "num_values": 5
        },
        "Pragmatic Divergence": {
            "mean": 0.6642105263157895,
            "std": 0.19462016419232955,
            "num_values": 5
        },
        "mean_rank": {
            "mean": 29.518421052631577,
            "std": 5.4435954388564785,
            "num_values": 5
        },
        "diversity": {
            "mean": 0.7148684210526316,
            "std": 0.3144829331385999,
            "num_values": 5
        }
    },
    "a girl": {
        "IOU Divergence": {
            "mean": 0.5743535353535354,
            "std": 0.10044541350288692,
            "num_values": 5
        },
        "SERP MS Divergence": {
            "mean": 0.41428571428571426,
            "std": 0.19403812421994204,
            "num_values": 5
        },
        "Pragmatic Divergence": {
            "mean": 0.5621052631578947,
            "std": 0.13237234481994414,
            "num_values": 5
        },
        "mean_rank": {
            "mean": 27.190526315789477,
            "std": 5.994887387786677,
            "num_values": 5
        },
        "diversity": {
            "mean": 0.8194736842105262,
            "std": 0.14650688013870825,
            "num_values": 5
        }
    },
    "a boy": {
        "IOU Divergence": {
            "mean": 0.34593567251462,
            "std": 0.17457155142072528,
            "num_values": 5
        },
        "SERP MS Divergence": {
            "mean": 0.18190476190476185,
            "std": 0.17937659746695178,
            "num_values": 5
        },
        "Pragmatic Divergence": {
            "mean": 0.3168421052631579,
            "std": 0.1800092333735217,
            "num_values": 5
        },
        "mean_rank": {
            "mean": 19.78578947368421,
            "std": 5.891768895690122,
            "num_values": 5
        },
        "diversity": {
            "mean": 0.9200000000000002,
            "std": 0.08717797887081347,
            "num_values": 5
        }
    },
    "a female": {
        "IOU Divergence": {
            "mean": 0.9072297165200391,
            "std": 0.08596234560381376,
            "num_values": 5
        },
        "SERP MS Divergence": {
            "mean": 0.8380952380952381,
            "std": 0.1771530975022693,
            "num_values": 5
        },
        "Pragmatic Divergence": {
            "mean": 0.851578947368421,
            "std": 0.16233749598869057,
            "num_values": 5
        },
        "mean_rank": {
            "mean": 89.63188854489164,
            "std": 33.8614534083448,
            "num_values": 5
        },
        "diversity": {
            "mean": 0.9254867561059512,
            "std": 0.051603976880130985,
            "num_values": 5
        }
    },
    "a male": {
        "IOU Divergence": {
            "mean": 0.49965217391304345,
            "std": 0.02767874548740768,