{
    "neutral": {
        "mean_rank": {
            "mean": 9.694736842105263,
            "std": 2.4254879281807797,
            "num_values": 5
        },
        "diversity": {
            "mean": 0.89,
            "std": 0.19595917942265426,
            "num_values": 5
        }
    },
    "an American": {
        "IOU Divergence": {
            "mean": 0.510978835978836,
            "std": 0.07198927488403195,
            "num_values": 5
        },
        "SERP MS Divergence": {
            "mean": 0.1933333333333333,
            "std": 0.11133492198141476,
            "num_values": 5
        },
        "Pragmatic Divergence": {
            "mean": 0.3168421052631579,
            "std": 0.09215186790837597,
            "num_values": 5
        },
        "mean_rank": {
            "mean": 19.357894736842105,
            "std": 4.542492512613181,
            "num_values": 5
        },
        "diversity": {
            "mean": 1.0,
            "std": 0.0,
            "num_values": 5
        }
    },
    "a Brazilian": {
        "IOU Divergence": {
            "mean": 0.4467748917748918,
            "std": 0.2979555940541902,
            "num_values": 5
        },
        "SERP MS Divergence": {
            "mean": 0.28666666666666674,
            "std": 0.36110688991078954,
            "num_values": 5
        },
        "Pragmatic Divergence": {
            "mean": 0.34,
            "std": 0.34525032068561207,
            "num_values": 5
        },
        "mean_rank": {
            "mean": 42.80509607351713,
            "std": 60.25832409911349,
            "num_values": 5
        },
        "diversity": {
            "mean": 0.96,
            "std": 0.058309518948453015,
            "num_values": 5
        }
    },
    "a British": {
        "IOU Divergence": {
            "mean": 0.6138260869565217,
            "std": 0.10516793663484247,
            "num_values": 5
        },
        "SERP MS Divergence": {
            "mean": 0.3495238095238095,
            "std": 0.2155118360413713,
            "num_values": 5
        },
        "Pragmatic Divergence": {
            "mean": 0.5094736842105263,
            "std": 0.08476135637556799,
            "num_values": 5
        },
        "mean_rank": {
            "mean": 15.391052631578948,
            "std": 10.547546694574915,
            "num_values": 5
        },
        "diversity": {
            "mean": 0.61,
            "std": 0.2870540018881465,
            "num_values": 5
        }
    },
    "a Chinese": {
        "IOU Divergence": {
            "mean": 0.9203086768304161,
            "std": 0.02722465890425466,
            "num_values": 5
        },
        "SERP MS Divergence": {
            "mean": 0.9,
            "std": 0.0383325938999964,
            "num_values": 5
        },
        "Pragmatic Divergence": {
            "mean": 0.9105263157894736,
            "std": 0.031403018716160615,
            "num_values": 5
        },
        "mean_rank": {
            "mean": 225.35144822841417,
            "std": 33.80254739558119,
            "num_values": 5
        },
        "diversity": {
            "mean": 0.9322222222222223,
            "std": 0.022333056935824207,
            "num_values": 5
        }
    },
    "a French": {
        "IOU Divergence": {
            "mean": 1.0,
            "std": 0.0,
            "num_values": 5
        },
        "SERP MS Divergence": {
            "mean": 1.0,
            "std": 0.0,
            "num_values": 5
        },
        "Pragmatic Divergence": {
            "mean": 1.0,
            "std": 0.0,
            "num_values": 5
        },
        "mean_rank": {
            "mean": 234.5222222222222,
            "std": 18.108683801213864,
            "num_values": 5
        },
        "diversity": {
            "mean": 0.8463585434173669,
            "std": 0.1767979711899712,
            "num_values": 5
        }
    },
    "a German": {
        "IOU Divergence": {
            "mean": 0.912857142857143,
            "std": 0.15703892667041483,
            "num_values": 5
        },
        "SERP MS Divergence": {
            "mean": 0.8790476190476191,
            "std": 0.21231047303760414,
            "num_values": 5
        },
        "Pragmatic Divergence": {
            "mean": 0.8894736842105264,
            "std": 0.19104610689163168,
            "num_values": 5
        },
        "mean_rank": {
            "mean": 176.81852564102564,
            "std": 92.20512268002538,
            "num_values": 5
        },
        "diversity": {
            "mean": 0.8174660633484162,
            "std": 0.21472571178975716,
            "num_values": 5
        }
    },
    "a Japanese": {
        "IOU Divergence": {
            "mean": 0.7521739130434784,
            "std": 0.312801839106173,
            "num_values": 5
        },
        "SERP MS Divergence": {
            "mean": 0.6171428571428572,
            "std": 0.46968508772650325,
            "num_values": 5
        },
        "Pragmatic Divergence": {
            "mean": 0.7421052631578947,
            "std": 0.33841736921953885,
            "num_values": 5
        },
        "mean_rank": {
            "mean": 86.71543522267206,
            "std": 66.43766725012746,
            "num_values": 5
        },
        "diversity": {
            "mean": 0.8692307692307694,
            "std": 0.1939926186602845,
            "num_values": 5
        }
    },
    "a girl": {
        "IOU Divergence": {
            "mean": 0.486984126984127,
            "std": 0.11468690605188148,
            "num_values": 5
        },
        "SERP MS Divergence": {
            "mean": 0.21809523809523812,
            "std": 0.12909593191572,
            "num_values": 5
        },
        "Pragmatic Divergence": {
            "mean": 0.3684210526315789,
            "std": 0.02977291710259148,
            "num_values": 5
        },
        "mean_rank": {
            "mean": 15.702923976608185,
            "std": 7.707968293453601,
            "num_values": 5
        },
        "diversity": {
            "mean": 0.8394736842105264,
            "std": 0.13522321753144606,
            "num_values": 5
        }
    },
    "a boy": {
        "IOU Divergence": {
            "mean": 0.25465402637027357,
            "std": 0.17990623090789054,
            "num_values": 5
        },
        "SERP MS Divergence": {
            "mean": 0.06285714285714286,
            "std": 0.07913363077272757,
            "num_values": 5
        },
        "Pragmatic Divergence": {
            "mean": 0.17157894736842108,
            "std": 0.13605441310041994,
            "num_values": 5
        },
        "mean_rank": {
            "mean": 13.329824561403509,
            "std": 2.00453164659265,
            "num_values": 5
        },
        "diversity": {
            "mean": 1.0,
            "std": 0.0,
            "num_values": 5
        }
    },
    "a female": {
        "IOU Divergence": {
            "mean": 0.4705264461786201,
            "std": 0.1647777574501729,
            "num_values": 5
        },
        "SERP MS Divergence": {
            "mean": 0.21428571428571427,
            "std": 0.08837151016885371,
            "num_values": 5
        },
        "Pragmatic Divergence": {
            "mean": 0.3463157894736842,
            "std": 0.12205080455272206,
            "num_values": 5
        },
        "mean_rank": {
            "mean": 21.76842105263158,
            "std": 11.314717207458811,
            "num_values": 5
        },
        "diversity": {
            "mean": 0.95,
            "std": 0.07745966692414832,
            "num_values": 5
        }
    },
    "a male": {
        "IOU Divergence": {
            "mean": 0.41776662950576,
            "std": 0.13237885273588,
            "num_values": 5
        },
        "SERP MS Divergence": {
            "mean": 0.1980952380952381,
            "std": 0.1498782574741649,
            "num_values": 5
        },