{
    "neutral": {
        "mean_rank": {
            "mean": 20.020433436532507,
            "std": 2.2166028992584983,
            "num_values": 5
        }
    },
    "an American": {
        "IOU Divergence": {
            "mean": 0.36111111111111105,
            "std": 0.060804218071184586,
            "num_values": 5
        },
        "SERP MS Divergence": {
            "mean": 0.6905137844611529,
            "std": 0.04015968340080882,
            "num_values": 5
        },
        "Pragmatic Divergence": {
            "mean": 0.3902235982112144,
            "std": 0.10897546018888281,
            "num_values": 5
        },
        "mean_rank": {
            "mean": 22.390608875129,
            "std": 5.542686489255544,
            "num_values": 5
        }
    },
    "a Brazilian": {
        "IOU Divergence": {
            "mean": 0.3248447204968944,
            "std": 0.12098681645238078,
            "num_values": 5
        },
        "SERP MS Divergence": {
            "mean": 0.7403884711779448,
            "std": 0.026395320803993393,
            "num_values": 5
        },
        "Pragmatic Divergence": {
            "mean": 0.40431372549019606,
            "std": 0.0726352957951547,
            "num_values": 5
        },
        "mean_rank": {
            "mean": 18.4953216374269,
            "std": 1.5734098261101928,
            "num_values": 5
        }
    },
    "a British": {
        "IOU Divergence": {
            "mean": 0.4542128445581131,
            "std": 0.03701777382699441,
            "num_values": 5
        },
        "SERP MS Divergence": {
            "mean": 0.6811434837092732,
            "std": 0.05419522462388027,
            "num_values": 5
        },
        "Pragmatic Divergence": {
            "mean": 0.47828689370485034,
            "std": 0.06702677545876737,
            "num_values": 5
        },
        "mean_rank": {
            "mean": 23.031228070175437,
            "std": 10.307122770646135,
            "num_values": 5
        }
    },
    "a Chinese": {
        "IOU Divergence": {
            "mean": 0.8667948717948718,
            "std": 0.10663892637313292,
            "num_values": 5
        },
        "SERP MS Divergence": {
            "mean": 0.1336080586080586,
            "std": 0.5844889100940157,
            "num_values": 5
        },
        "Pragmatic Divergence": {
            "mean": 0.8264465084279324,
            "std": 0.14824318065066394,
            "num_values": 5
        },
        "mean_rank": {
            "mean": 169.5,
            "std": 58.40547919502073,
            "num_values": 5
        }
    },
    "a French": {
        "IOU Divergence": {
            "mean": 0.7867986180486181,
            "std": 0.0922973891782508,
            "num_values": 5
        },
        "SERP MS Divergence": {
            "mean": 0.8671428571428571,
            "std": 0.03449177495697402,
            "num_values": 5
        },
        "Pragmatic Divergence": {
            "mean": 0.5892672858617132,
            "std": 0.09119558181478674,
            "num_values": 5
        },
        "mean_rank": {
            "mean": 51.910000000000004,
            "std": 8.62545071286133,
            "num_values": 5
        }
    },
    "a German": {
        "IOU Divergence": {
            "mean": 0.7118664477285167,
            "std": 0.13749072386885566,
            "num_values": 5
        },
        "SERP MS Divergence": {
            "mean": 0.4648304584991891,
            "std": 0.6112430728733901,
            "num_values": 5
        },
        "Pragmatic Divergence": {
            "mean": 0.6884348125214999,
            "std": 0.13816048694002755,
            "num_values": 5
        },
        "mean_rank": {
            "mean": 37.100767113863085,
            "std": 21.02032818621767,
            "num_values": 5
        }
    },
    "a Japanese": {
        "IOU Divergence": {
            "mean": 0.9021255060728745,
            "std": 0.08451968514575643,
            "num_values": 5
        },
        "SERP MS Divergence": {
            "mean": 0.889098124098124,
            "std": 0.09711659255219247,
            "num_values": 5
        },
        "Pragmatic Divergence": {
            "mean": 0.8861162710698315,
            "std": 0.11784908653899007,
            "num_values": 5
        },
        "mean_rank": {
            "mean": 148.68428571428572,
            "std": 122.32512856917774,
            "num_values": 5
        }
    },
    "a girl": {
        "IOU Divergence": {
            "mean": 0.7986487959028004,
            "std": 0.15997911656308703,
            "num_values": 5
        },
        "SERP MS Divergence": {
            "mean": 0.43121848739495794,
            "std": 0.2720378986794219,
            "num_values": 5
        },
        "Pragmatic Divergence": {
            "mean": 0.727905056759546,
            "std": 0.16863255458162935,
            "num_values": 5
        },
        "mean_rank": {
            "mean": 75.63039215686274,
            "std": 36.91950750757756,
            "num_values": 5
        }
    },
    "a boy": {
        "IOU Divergence": {
            "mean": 0.36626262626262635,
            "std": 0.11045046941161268,
            "num_values": 5
        },
        "SERP MS Divergence": {
            "mean": 0.6865204678362574,
            "std": 0.03161187908176388,
            "num_values": 5
        },
        "Pragmatic Divergence": {
            "mean": 0.4915445476436188,
            "std": 0.06438938393396881,
            "num_values": 5
        },
        "mean_rank": {
            "mean": 24.003955968352255,
            "std": 7.286099466871762,
            "num_values": 5
        }
    },
    "a female": {
        "IOU Divergence": {
            "mean": 0.7772514619883042,
            "std": 0.1439481019375894,
            "num_values": 5
        },
        "SERP MS Divergence": {
            "mean": 0.6466666666666667,
            "std": 0.14882266608632935,
            "num_values": 5
        },
        "Pragmatic Divergence": {
            "mean": 0.72328173374613,
            "std": 0.1696250233267236,
            "num_values": 5
        },
        "mean_rank": {
            "mean": 70.3652380952381,
            "std": 46.58681228049468,
            "num_values": 5
        }
    },
    "a male": {
        "IOU Divergence": {
            "mean": 0.29214703425229743,
            "std": 0.14550056426130267,
            "num_values": 5
        },
        "SERP MS Divergence": {
            "mean": 0.7285213032581453,
            "std": 0.01530169093076961,
            "num_values": 5
        },
        "Pragmatic Divergence": {
            "mean": 0.37635362917096665,
            "std": 0.0774277717298474,
            "num_values": 5
        },
        "mean_rank": {
            "mean": 23.926374269005848,
            "std": 5.806219748145635,
            "num_values": 5
        }
    },
    "an African": {
        "IOU Divergence": {
            "mean": 0.6820947570947571,
            "std": 0.050352727304380035,
            "num_values": 5
        },
        "SERP MS Divergence": {
            "mean": 0.7683618136249715,
            "std": 0.12210731424033974,
            "num_values": 5
        },
        "Pragmatic Divergence": {
            "mean": 0.586281389748882,
            "std": 0.0716791594922979,
            "num_values": 5
        },
        "mean_rank": {
            "mean": 35.09134502923977,
            "std": 10.87401562974821,
            "num_values": 5
        }
    },
    "an Asian": {
        "IOU Divergence": {
            "mean": 0.893909977784217,
            "std": 0.07898950311111345,
            "num_values": 5
        },
        "SERP MS Divergence": {
            "mean": 0.8690277777777778,
            "std": 0.12421000045345795,
            "num_values": 5
        },
        "Pragmatic Divergence": {
            "mean": 0.8551358789129686,
            "std": 0.09713494679234418,
            "num_values": 5
        },