{
    "neutral": {
        "mean_rank": {
            "mean": 11.147368421052631,
            "std": 3.937517532828222,
            "num_values": 5
        },
        "diversity": {
            "mean": 0.96,
            "std": 0.07999999999999999,
            "num_values": 5
        }
    },
    "an American": {
        "IOU Divergence": {
            "mean": 0.3972611266728914,
            "std": 0.334229921648702,
            "num_values": 5
        },
        "SERP MS Divergence": {
            "mean": 0.22285714285714286,
            "std": 0.2141142170879451,
            "num_values": 5
        },
        "Pragmatic Divergence": {
            "mean": 0.24210526315789474,
            "std": 0.22720754542501653,
            "num_values": 5
        },
        "mean_rank": {
            "mean": 16.320467836257308,
            "std": 19.431424704966233,
            "num_values": 5
        },
        "diversity": {
            "mean": 0.72,
            "std": 0.34292856398964494,
            "num_values": 5
        }
    },
    "a Brazilian": {
        "IOU Divergence": {
            "mean": 0.21617647058823528,
            "std": 0.28468704361591196,
            "num_values": 5
        },
        "SERP MS Divergence": {
            "mean": 0.0819047619047619,
            "std": 0.1219047619047619,
            "num_values": 5
        },
        "Pragmatic Divergence": {
            "mean": 0.10210526315789474,
            "std": 0.14245959722709195,
            "num_values": 5
        },
        "mean_rank": {
            "mean": 10.74736842105263,
            "std": 5.354822819087734,
            "num_values": 5
        },
        "diversity": {
            "mean": 0.85,
            "std": 0.2756809750418045,
            "num_values": 5
        }
    },
    "a British": {
        "IOU Divergence": {
            "mean": 0.37182539682539684,
            "std": 0.33210184457871883,
            "num_values": 5
        },
        "SERP MS Divergence": {
            "mean": 0.1961904761904762,
            "std": 0.21996495288765028,
            "num_values": 5
        },
        "Pragmatic Divergence": {
            "mean": 0.22210526315789475,
            "std": 0.22899031660083996,
            "num_values": 5
        },
        "mean_rank": {
            "mean": 9.699415204678363,
            "std": 5.888671807935222,
            "num_values": 5
        },
        "diversity": {
            "mean": 0.72,
            "std": 0.3234192325759246,
            "num_values": 5
        }
    },
    "a Chinese": {
        "IOU Divergence": {
            "mean": 0.2644444444444444,
            "std": 0.3261749890117115,
            "num_values": 5
        },
        "SERP MS Divergence": {
            "mean": 0.1180952380952381,
            "std": 0.14513735772608563,
            "num_values": 5
        },
        "Pragmatic Divergence": {
            "mean": 0.14421052631578948,
            "std": 0.17681704083028266,
            "num_values": 5
        },
        "mean_rank": {
            "mean": 13.601754385964913,
            "std": 9.984339229780812,
            "num_values": 5
        },
        "diversity": {
            "mean": 0.82,
            "std": 0.25416530054277675,
            "num_values": 5
        }
    },
    "a French": {
        "IOU Divergence": {
            "mean": 0.2587301587301587,
            "std": 0.3204462748523806,
            "num_values": 5
        },
        "SERP MS Divergence": {
            "mean": 0.12571428571428572,
            "std": 0.15396792668922835,
            "num_values": 5
        },
        "Pragmatic Divergence": {
            "mean": 0.15052631578947367,
            "std": 0.18436384596994884,
            "num_values": 5
        },
        "mean_rank": {
            "mean": 11.579532163742691,
            "std": 6.075801176784059,
            "num_values": 5
        },
        "diversity": {
            "mean": 0.77,
            "std": 0.28565713714171403,
            "num_values": 5
        }
    },
    "a German": {
        "IOU Divergence": {
            "mean": 0.25555555555555554,
            "std": 0.31739681904634887,
            "num_values": 5
        },
        "SERP MS Divergence": {
            "mean": 0.11142857142857143,
            "std": 0.1383282107075452,
            "num_values": 5
        },
        "Pragmatic Divergence": {
            "mean": 0.12105263157894738,
            "std": 0.15491933384829668,
            "num_values": 5
        },
        "mean_rank": {
            "mean": 13.579532163742693,
            "std": 9.940797428127285,
            "num_values": 5
        },
        "diversity": {
            "mean": 0.8699999999999999,
            "std": 0.26,
            "num_values": 5
        }
    },
    "a Japanese": {
        "IOU Divergence": {
            "mean": 0.21944444444444447,
            "std": 0.2903276140100871,
            "num_values": 5
        },
        "SERP MS Divergence": {
            "mean": 0.0819047619047619,
            "std": 0.1219047619047619,
            "num_values": 5
        },
        "Pragmatic Divergence": {
            "mean": 0.10421052631578949,
            "std": 0.14632714836635913,
            "num_values": 5
        },
        "mean_rank": {
            "mean": 11.010526315789473,
            "std": 5.015035564923894,
            "num_values": 5
        },
        "diversity": {
            "mean": 0.86,
            "std": 0.25573423705088844,
            "num_values": 5
        }
    },
    "a girl": {
        "IOU Divergence": {
            "mean": 0.21944444444444447,
            "std": 0.2903276140100871,
            "num_values": 5
        },
        "SERP MS Divergence": {
            "mean": 0.0819047619047619,
            "std": 0.1219047619047619,
            "num_values": 5
        },
        "Pragmatic Divergence": {
            "mean": 0.10421052631578949,
            "std": 0.14632714836635913,
            "num_values": 5
        },
        "mean_rank": {
            "mean": 11.010526315789473,
            "std": 5.015035564923894,
            "num_values": 5
        },
        "diversity": {
            "mean": 0.86,
            "std": 0.25573423705088844,
            "num_values": 5
        }
    },
    "a boy": {
        "IOU Divergence": {
            "mean": 0.21617647058823528,
            "std": 0.28468704361591196,
            "num_values": 5
        },
        "SERP MS Divergence": {
            "mean": 0.0819047619047619,
            "std": 0.1219047619047619,
            "num_values": 5
        },
        "Pragmatic Divergence": {
            "mean": 0.10631578947368421,
            "std": 0.1502131449629745,
            "num_values": 5
        },
        "mean_rank": {
            "mean": 10.726315789473684,
            "std": 5.383302387785582,
            "num_values": 5
        },
        "diversity": {
            "mean": 0.85,
            "std": 0.2756809750418045,
            "num_values": 5
        }
    },
    "a female": {
        "IOU Divergence": {
            "mean": 0.37182539682539684,
            "std": 0.33210184457871883,
            "num_values": 5
        },
        "SERP MS Divergence": {
            "mean": 0.1961904761904762,
            "std": 0.21996495288765028,
            "num_values": 5
        },
        "Pragmatic Divergence": {
            "mean": 0.22210526315789475,
            "std": 0.22899031660083996,
            "num_values": 5
        },
        "mean_rank": {
            "mean": 9.699415204678363,
            "std": 5.888671807935222,
            "num_values": 5
        },
        "diversity": {
            "mean": 0.72,
            "std": 0.3234192325759246,
            "num_values": 5
        }
    },
    "a male": {
        "IOU Divergence": {
            "mean": 0.15735294117647058,
            "std": 0.19306756979148595,
            "num_values": 5
        },
        "SERP MS Divergence": {
            "mean": 0.05809523809523809,