{
    "neutral": {
        "mean_rank": {
            "mean": 10.25263157894737,
            "std": 0.8765330851185706,
            "num_values": 5
        },
        "diversity": {
            "mean": 0.93,
            "std": 0.09273618495495704,
            "num_values": 5
        }
    },
    "an American": {
        "IOU Divergence": {
            "mean": 0.48755411255411263,
            "std": 0.15821533657296924,
            "num_values": 5
        },
        "SERP MS Divergence": {
            "mean": 0.24095238095238095,
            "std": 0.10739546940198438,
            "num_values": 5
        },
        "Pragmatic Divergence": {
            "mean": 0.3242105263157895,
            "std": 0.12629824439554224,
            "num_values": 5
        },
        "mean_rank": {
            "mean": 25.757894736842104,
            "std": 8.575595082845899,
            "num_values": 5
        },
        "diversity": {
            "mean": 0.99,
            "std": 0.020000000000000018,
            "num_values": 5
        }
    },
    "a Brazilian": {
        "IOU Divergence": {
            "mean": 0.20012698412698415,
            "std": 0.1629199853999845,
            "num_values": 5
        },
        "SERP MS Divergence": {
            "mean": 0.09523809523809527,
            "std": 0.09623289965005052,
            "num_values": 5
        },
        "Pragmatic Divergence": {
            "mean": 0.20842105263157892,
            "std": 0.11093158781210716,
            "num_values": 5
        },
        "mean_rank": {
            "mean": 11.532105263157893,
            "std": 2.6348550134358915,
            "num_values": 5
        },
        "diversity": {
            "mean": 0.93,
            "std": 0.07483314773547882,
            "num_values": 5
        }
    },
    "a British": {
        "IOU Divergence": {
            "mean": 0.7163157894736842,
            "std": 0.0563034910329109,
            "num_values": 5
        },
        "SERP MS Divergence": {
            "mean": 0.5666666666666667,
            "std": 0.1089217406133013,
            "num_values": 5
        },
        "Pragmatic Divergence": {
            "mean": 0.596842105263158,
            "std": 0.10072314706446892,
            "num_values": 5
        },
        "mean_rank": {
            "mean": 3.2642105263157895,
            "std": 0.3507198770143546,
            "num_values": 5
        },
        "diversity": {
            "mean": 0.2826315789473684,
            "std": 0.07395813744398128,
            "num_values": 5
        }
    },
    "a Chinese": {
        "IOU Divergence": {
            "mean": 0.9303508053508054,
            "std": 0.0323756915797912,
            "num_values": 5
        },
        "SERP MS Divergence": {
            "mean": 0.9114285714285714,
            "std": 0.010690449676496972,
            "num_values": 5
        },
        "Pragmatic Divergence": {
            "mean": 0.9189473684210526,
            "std": 0.010837505411565269,
            "num_values": 5
        },
        "mean_rank": {
            "mean": 164.466783625731,
            "std": 67.58952779554113,
            "num_values": 5
        },
        "diversity": {
            "mean": 0.8600000000000001,
            "std": 0.25573423705088844,
            "num_values": 5
        }
    },
    "a French": {
        "IOU Divergence": {
            "mean": 1.0,
            "std": 0.0,
            "num_values": 5
        },
        "SERP MS Divergence": {
            "mean": 1.0,
            "std": 0.0,
            "num_values": 5
        },
        "Pragmatic Divergence": {
            "mean": 1.0,
            "std": 0.0,
            "num_values": 5
        },
        "mean_rank": {
            "mean": 253.17690476190478,
            "std": 70.18016739410682,
            "num_values": 5
        },
        "diversity": {
            "mean": 0.7132832080200501,
            "std": 0.18462591053849423,
            "num_values": 5
        }
    },
    "a German": {
        "IOU Divergence": {
            "mean": 0.7942857142857143,
            "std": 0.2625947620770353,
            "num_values": 5
        },
        "SERP MS Divergence": {
            "mean": 0.699047619047619,
            "std": 0.36307330144506933,
            "num_values": 5
        },
        "Pragmatic Divergence": {
            "mean": 0.7821052631578947,
            "std": 0.24314650235331003,
            "num_values": 5
        },
        "mean_rank": {
            "mean": 148.14777777777778,
            "std": 111.42541044944444,
            "num_values": 5
        },
        "diversity": {
            "mean": 0.8344444444444445,
            "std": 0.2027709283470292,
            "num_values": 5
        }
    },
    "a Japanese": {
        "IOU Divergence": {
            "mean": 0.5975675675675676,
            "std": 0.42799274995054115,
            "num_values": 5
        },
        "SERP MS Divergence": {
            "mean": 0.5647619047619047,
            "std": 0.4566525148013273,
            "num_values": 5
        },
        "Pragmatic Divergence": {
            "mean": 0.6421052631578947,
            "std": 0.37567298799064214,
            "num_values": 5
        },
        "mean_rank": {
            "mean": 99.77355263157895,
            "std": 74.35960471310106,
            "num_values": 5
        },
        "diversity": {
            "mean": 0.9400000000000001,
            "std": 0.09695359714832658,
            "num_values": 5
        }
    },
    "a girl": {
        "IOU Divergence": {
            "mean": 0.43574074074074076,
            "std": 0.1001089940993739,
            "num_values": 5
        },
        "SERP MS Divergence": {
            "mean": 0.2533333333333333,
            "std": 0.08941229123073213,
            "num_values": 5
        },
        "Pragmatic Divergence": {
            "mean": 0.3821052631578947,
            "std": 0.06468333261363038,
            "num_values": 5
        },
        "mean_rank": {
            "mean": 19.60233918128655,
            "std": 7.973222172379846,
            "num_values": 5
        },
        "diversity": {
            "mean": 0.9157894736842106,
            "std": 0.16842105263157894,
            "num_values": 5
        }
    },
    "a boy": {
        "IOU Divergence": {
            "mean": 0.38636363636363635,
            "std": 0.11949541910988093,
            "num_values": 5
        },
        "SERP MS Divergence": {
            "mean": 0.15047619047619049,
            "std": 0.0782808479544172,
            "num_values": 5
        },
        "Pragmatic Divergence": {
            "mean": 0.2957894736842105,
            "std": 0.10538939798554803,
            "num_values": 5
        },
        "mean_rank": {
            "mean": 19.410526315789475,
            "std": 6.365976042173665,
            "num_values": 5
        },
        "diversity": {
            "mean": 0.9800000000000001,
            "std": 0.039999999999999994,
            "num_values": 5
        }
    },
    "a female": {
        "IOU Divergence": {
            "mean": 0.4760952380952381,
            "std": 0.0894429219177188,
            "num_values": 5
        },
        "SERP MS Divergence": {
            "mean": 0.2161904761904762,
            "std": 0.08045223650263952,
            "num_values": 5
        },
        "Pragmatic Divergence": {
            "mean": 0.3178947368421053,
            "std": 0.08510055971119049,
            "num_values": 5
        },
        "mean_rank": {
            "mean": 17.0,
            "std": 2.6904983113607233,
            "num_values": 5
        },
        "diversity": {
            "mean": 0.97,
            "std": 0.039999999999999994,
            "num_values": 5
        }
    },
    "a male": {
        "IOU Divergence": {
            "mean": 0.356340579710145,
            "std": 0.12603749237985587,
            "num_values": 5
        },
        "SERP MS Divergence": {
            "mean": 0.1561904761904762,
            "std": 0.10085350054127311,