{
    "neutral": {
        "mean_rank": {
            "mean": 23.02763157894737,
            "std": 5.381087353689145,
            "num_values": 5
        },
        "diversity": {
            "mean": 0.9171826625386996,
            "std": 0.039362375694397725,
            "num_values": 5
        }
    },
    "an American": {
        "IOU Divergence": {
            "mean": 0.46992481203007513,
            "std": 0.18257934643219406,
            "num_values": 5
        },
        "SERP MS Divergence": {
            "mean": 0.24375055285272004,
            "std": 0.1834904060589419,
            "num_values": 5
        },
        "Pragmatic Divergence": {
            "mean": 0.3922841417268662,
            "std": 0.18016176038233478,
            "num_values": 5
        },
        "mean_rank": {
            "mean": 39.748698669751306,
            "std": 31.20630407481605,
            "num_values": 5
        },
        "diversity": {
            "mean": 0.8751744746481588,
            "std": 0.0660416989137672,
            "num_values": 5
        }
    },
    "a Brazilian": {
        "IOU Divergence": {
            "mean": 0.3838612836438923,
            "std": 0.06447010492644839,
            "num_values": 5
        },
        "SERP MS Divergence": {
            "mean": 0.16054842989827514,
            "std": 0.04869174892458217,
            "num_values": 5
        },
        "Pragmatic Divergence": {
            "mean": 0.4095356037151703,
            "std": 0.05656522134266407,
            "num_values": 5
        },
        "mean_rank": {
            "mean": 22.183157894736844,
            "std": 6.2759863314169975,
            "num_values": 5
        },
        "diversity": {
            "mean": 0.8800000000000001,
            "std": 0.09273618495495703,
            "num_values": 5
        }
    },
    "a British": {
        "IOU Divergence": {
            "mean": 0.5160766045548655,
            "std": 0.09701286313029757,
            "num_values": 5
        },
        "SERP MS Divergence": {
            "mean": 0.2636679935131948,
            "std": 0.09612806251655392,
            "num_values": 5
        },
        "Pragmatic Divergence": {
            "mean": 0.49556931544547644,
            "std": 0.0440234523246859,
            "num_values": 5
        },
        "mean_rank": {
            "mean": 29.521052631578943,
            "std": 12.718204720082904,
            "num_values": 5
        },
        "diversity": {
            "mean": 0.8778947368421053,
            "std": 0.051288116695072966,
            "num_values": 5
        }
    },
    "a Chinese": {
        "IOU Divergence": {
            "mean": 0.8789473684210527,
            "std": 0.19093007523386377,
            "num_values": 5
        },
        "SERP MS Divergence": {
            "mean": 0.8421052631578949,
            "std": 0.26120959173382424,
            "num_values": 5
        },
        "Pragmatic Divergence": {
            "mean": 0.8760233918128655,
            "std": 0.19372036840785756,
            "num_values": 5
        },
        "mean_rank": {
            "mean": 138.69,
            "std": 58.89662280451892,
            "num_values": 5
        },
        "diversity": {
            "mean": 0.6666666666666667,
            "std": 0.27888667551135854,
            "num_values": 5
        }
    },
    "a French": {
        "IOU Divergence": {
            "mean": 0.7287995818399045,
            "std": 0.11499234376494144,
            "num_values": 5
        },
        "SERP MS Divergence": {
            "mean": 0.5140537618556195,
            "std": 0.1285396273211471,
            "num_values": 5
        },
        "Pragmatic Divergence": {
            "mean": 0.6178826969384245,
            "std": 0.07870724082348333,
            "num_values": 5
        },
        "mean_rank": {
            "mean": 42.811052631578946,
            "std": 5.469553451466469,
            "num_values": 5
        },
        "diversity": {
            "mean": 0.96,
            "std": 0.04898979485566355,
            "num_values": 5
        }
    },
    "a German": {
        "IOU Divergence": {
            "mean": 0.6266793206793206,
            "std": 0.05314853700020811,
            "num_values": 5
        },
        "SERP MS Divergence": {
            "mean": 0.43174308319819155,
            "std": 0.0894478297143872,
            "num_values": 5
        },
        "Pragmatic Divergence": {
            "mean": 0.5557757137942897,
            "std": 0.061249111773830786,
            "num_values": 5
        },
        "mean_rank": {
            "mean": 40.37865497076023,
            "std": 15.445694146436553,
            "num_values": 5
        },
        "diversity": {
            "mean": 0.8957309941520467,
            "std": 0.11040768409873887,
            "num_values": 5
        }
    },
    "a Japanese": {
        "IOU Divergence": {
            "mean": 0.8815047021943574,
            "std": 0.12216610143824458,
            "num_values": 5
        },
        "SERP MS Divergence": {
            "mean": 0.781904761904762,
            "std": 0.22881732804687774,
            "num_values": 5
        },
        "Pragmatic Divergence": {
            "mean": 0.828421052631579,
            "std": 0.16919558745547839,
            "num_values": 5
        },
        "mean_rank": {
            "mean": 129.59598351940457,
            "std": 95.653355767752,
            "num_values": 5
        },
        "diversity": {
            "mean": 0.915,
            "std": 0.11789826122551599,
            "num_values": 5
        }
    },
    "a girl": {
        "IOU Divergence": {
            "mean": 0.6922844048061438,
            "std": 0.15329792781648388,
            "num_values": 5
        },
        "SERP MS Divergence": {
            "mean": 0.4991989778367487,
            "std": 0.25649133439136107,
            "num_values": 5
        },
        "Pragmatic Divergence": {
            "mean": 0.6189800481596148,
            "std": 0.20324045672554558,
            "num_values": 5
        },
        "mean_rank": {
            "mean": 68.11872180451128,
            "std": 44.451010151491985,
            "num_values": 5
        },
        "diversity": {
            "mean": 0.8818045112781956,
            "std": 0.11212681900443416,
            "num_values": 5
        }
    },
    "a boy": {
        "IOU Divergence": {
            "mean": 0.3678947368421053,
            "std": 0.11854846946371078,
            "num_values": 5
        },
        "SERP MS Divergence": {
            "mean": 0.203046832768195,
            "std": 0.10035606904841501,
            "num_values": 5
        },
        "Pragmatic Divergence": {
            "mean": 0.4250085999312006,
            "std": 0.050080144401246245,
            "num_values": 5
        },
        "mean_rank": {
            "mean": 21.292909356725147,
            "std": 4.707422967506427,
            "num_values": 5
        },
        "diversity": {
            "mean": 0.7716821465428276,
            "std": 0.11197662263536462,
            "num_values": 5
        }
    },
    "a female": {
        "IOU Divergence": {
            "mean": 0.8716161616161617,
            "std": 0.08063516853743598,
            "num_values": 5
        },
        "SERP MS Divergence": {
            "mean": 0.8095149638802889,
            "std": 0.14102635526379634,
            "num_values": 5
        },
        "Pragmatic Divergence": {
            "mean": 0.8179807361541107,
            "std": 0.13938852434436141,
            "num_values": 5
        },
        "mean_rank": {
            "mean": 104.01984126984125,
            "std": 31.921062328916953,
            "num_values": 5
        },
        "diversity": {
            "mean": 0.9555555555555555,
            "std": 0.08888888888888889,
            "num_values": 5
        }
    },
    "a male": {
        "IOU Divergence": {
            "mean": 0.39498659692710036,
            "std": 0.09449230196279425,