{
    "neutral": {
        "mean_rank": {
            "mean": 24.7887134502924,
            "std": 11.594787404506944,
            "num_values": 5
        },
        "diversity": {
            "mean": 0.9194736842105262,
            "std": 0.05069052264351371,
            "num_values": 5
        }
    },
    "an American": {
        "IOU Divergence": {
            "mean": 0.4592958346001825,
            "std": 0.07430333863316806,
            "num_values": 5
        },
        "SERP MS Divergence": {
            "mean": 0.18706766917293233,
            "std": 0.04367827877197299,
            "num_values": 5
        },
        "Pragmatic Divergence": {
            "mean": 0.32935672514619885,
            "std": 0.07374303787406786,
            "num_values": 5
        },
        "mean_rank": {
            "mean": 29.396842105263158,
            "std": 10.055087382587391,
            "num_values": 5
        },
        "diversity": {
            "mean": 0.9600000000000002,
            "std": 0.03741657386773941,
            "num_values": 5
        }
    },
    "a Brazilian": {
        "IOU Divergence": {
            "mean": 0.4603828136436833,
            "std": 0.0771932457724964,
            "num_values": 5
        },
        "SERP MS Divergence": {
            "mean": 0.2129323308270677,
            "std": 0.08088703648547657,
            "num_values": 5
        },
        "Pragmatic Divergence": {
            "mean": 0.4461988304093568,
            "std": 0.01409829820379335,
            "num_values": 5
        },
        "mean_rank": {
            "mean": 25.587953216374267,
            "std": 5.5142151575792235,
            "num_values": 5
        },
        "diversity": {
            "mean": 0.9189473684210526,
            "std": 0.039223770281866736,
            "num_values": 5
        }
    },
    "a British": {
        "IOU Divergence": {
            "mean": 0.4590098307489612,
            "std": 0.08191850284381265,
            "num_values": 5
        },
        "SERP MS Divergence": {
            "mean": 0.20686716791979948,
            "std": 0.07805713613617127,
            "num_values": 5
        },
        "Pragmatic Divergence": {
            "mean": 0.42397660818713445,
            "std": 0.053590995529280525,
            "num_values": 5
        },
        "mean_rank": {
            "mean": 25.049999999999997,
            "std": 6.034318519932471,
            "num_values": 5
        },
        "diversity": {
            "mean": 0.9200000000000002,
            "std": 0.06782329983125265,
            "num_values": 5
        }
    },
    "a Chinese": {
        "IOU Divergence": {
            "mean": 0.6907287784679089,
            "std": 0.14718522660867997,
            "num_values": 5
        },
        "SERP MS Divergence": {
            "mean": 0.49343358395989984,
            "std": 0.22373249270059836,
            "num_values": 5
        },
        "Pragmatic Divergence": {
            "mean": 0.5801169590643275,
            "std": 0.16657409966596046,
            "num_values": 5
        },
        "mean_rank": {
            "mean": 29.941228070175434,
            "std": 10.548339475090296,
            "num_values": 5
        },
        "diversity": {
            "mean": 0.7145614035087718,
            "std": 0.2880546707036394,
            "num_values": 5
        }
    },
    "a French": {
        "IOU Divergence": {
            "mean": 0.6919022154316272,
            "std": 0.1773899834575174,
            "num_values": 5
        },
        "SERP MS Divergence": {
            "mean": 0.49563909774436093,
            "std": 0.18410438692837638,
            "num_values": 5
        },
        "Pragmatic Divergence": {
            "mean": 0.6188304093567252,
            "std": 0.0884603396739039,
            "num_values": 5
        },
        "mean_rank": {
            "mean": 63.660000000000004,
            "std": 29.437296071480482,
            "num_values": 5
        },
        "diversity": {
            "mean": 0.96,
            "std": 0.04898979485566355,
            "num_values": 5
        }
    },
    "a German": {
        "IOU Divergence": {
            "mean": 0.6261904761904763,
            "std": 0.07942502145546931,
            "num_values": 5
        },
        "SERP MS Divergence": {
            "mean": 0.4045614035087719,
            "std": 0.09011095477772775,
            "num_values": 5
        },
        "Pragmatic Divergence": {
            "mean": 0.5259649122807017,
            "std": 0.042720649137472075,
            "num_values": 5
        },
        "mean_rank": {
            "mean": 33.87684210526316,
            "std": 14.578209690628459,
            "num_values": 5
        },
        "diversity": {
            "mean": 0.8889473684210527,
            "std": 0.08592659367963472,
            "num_values": 5
        }
    },
    "a Japanese": {
        "IOU Divergence": {
            "mean": 0.7675324675324676,
            "std": 0.17542805994641408,
            "num_values": 5
        },
        "SERP MS Divergence": {
            "mean": 0.6283709273182957,
            "std": 0.2728860634046376,
            "num_values": 5
        },
        "Pragmatic Divergence": {
            "mean": 0.6923976608187135,
            "std": 0.22013672065464693,
            "num_values": 5
        },
        "mean_rank": {
            "mean": 58.912345201238395,
            "std": 49.2213770184379,
            "num_values": 5
        },
        "diversity": {
            "mean": 0.8169736842105262,
            "std": 0.23840435052454576,
            "num_values": 5
        }
    },
    "a girl": {
        "IOU Divergence": {
            "mean": 0.7617972831765936,
            "std": 0.054961053302211786,
            "num_values": 5
        },
        "SERP MS Divergence": {
            "mean": 0.5681203007518796,
            "std": 0.138235526811067,
            "num_values": 5
        },
        "Pragmatic Divergence": {
            "mean": 0.6409356725146199,
            "std": 0.10364513434963796,
            "num_values": 5
        },
        "mean_rank": {
            "mean": 35.91588235294118,
            "std": 15.757023545183278,
            "num_values": 5
        },
        "diversity": {
            "mean": 0.8323529411764706,
            "std": 0.18477518370200777,
            "num_values": 5
        }
    },
    "a boy": {
        "IOU Divergence": {
            "mean": 0.570779388083736,
            "std": 0.11682424758327327,
            "num_values": 5
        },
        "SERP MS Divergence": {
            "mean": 0.34977443609022557,
            "std": 0.23116420672715213,
            "num_values": 5
        },
        "Pragmatic Divergence": {
            "mean": 0.48116959064327486,
            "std": 0.19381969722304712,
            "num_values": 5
        },
        "mean_rank": {
            "mean": 23.733065015479873,
            "std": 4.4949870728078745,
            "num_values": 5
        },
        "diversity": {
            "mean": 0.8811764705882353,
            "std": 0.12720851748375664,
            "num_values": 5
        }
    },
    "a female": {
        "IOU Divergence": {
            "mean": 0.8554112554112553,
            "std": 0.13557042714767503,
            "num_values": 5
        },
        "SERP MS Divergence": {
            "mean": 0.7257142857142856,
            "std": 0.2589110284150149,
            "num_values": 5
        },
        "Pragmatic Divergence": {
            "mean": 0.7663157894736842,
            "std": 0.2154323103260279,
            "num_values": 5
        },
        "mean_rank": {
            "mean": 66.7397213622291,
            "std": 38.945712474627925,
            "num_values": 5
        },
        "diversity": {
            "mean": 0.9777089783281735,
            "std": 0.0273709425452636,
            "num_values": 5
        }
    },
    "a male": {
        "IOU Divergence": {
            "mean": 0.5251644812514378,
            "std": 0.09268740732865434,