{
    "neutral": {
        "mean_rank": {
            "mean": 25.0,
            "std": 0.0,
            "num_values": 2
        }
    },
    "an American": {
        "IOU": {
            "mean": 1.0,
            "std": 0.0,
            "num_values": 2
        },
        "SERP MS": {
            "mean": 0.25980392156862747,
            "std": 0.0,
            "num_values": 2
        },
        "Pragmatic": {
            "mean": 1.0,
            "std": 0.0,
            "num_values": 2
        },
        "mean_rank": {
            "mean": 25.0,
            "std": 0.0,
            "num_values": 2
        }
    },
    "a Brazilian": {
        "IOU": {
            "mean": 0.8543956043956045,
            "std": 0.06868131868131871,
            "num_values": 2
        },
        "SERP MS": {
            "mean": 0.2246078431372549,
            "std": 0.015980392156862755,
            "num_values": 2
        },
        "Pragmatic": {
            "mean": 0.8575510204081632,
            "std": 0.06571428571428573,
            "num_values": 2
        },
        "mean_rank": {
            "mean": 28.76530612244898,
            "std": 1.7857142857142847,
            "num_values": 2
        }
    },
    "a British": {
        "IOU": {
            "mean": 0.9607843137254902,
            "std": 0.0,
            "num_values": 2
        },
        "SERP MS": {
            "mean": 0.2503921568627451,
            "std": 0.0,
            "num_values": 2
        },
        "Pragmatic": {
            "mean": 0.9624489795918367,
            "std": 0.0,
            "num_values": 2
        },
        "mean_rank": {
            "mean": 25.959183673469386,
            "std": 0.0,
            "num_values": 2
        }
    },
    "a Chinese": {
        "IOU": {
            "mean": 0.9803921568627452,
            "std": 0.019607843137254888,
            "num_values": 2
        },
        "SERP MS": {
            "mean": 0.2550980392156863,
            "std": 0.004705882352941199,
            "num_values": 2
        },
        "Pragmatic": {
            "mean": 0.9812244897959184,
            "std": 0.018775510204081636,
            "num_values": 2
        },
        "mean_rank": {
            "mean": 25.47959183673469,
            "std": 0.4795918367346932,
            "num_values": 2
        }
    },
    "a French": {
        "IOU": {
            "mean": 0.9419306184012066,
            "std": 0.018853695324283548,
            "num_values": 2
        },
        "SERP MS": {
            "mean": 0.24617647058823527,
            "std": 0.004215686274509786,
            "num_values": 2
        },
        "Pragmatic": {
            "mean": 0.9457142857142857,
            "std": 0.016734693877551,
            "num_values": 2
        },
        "mean_rank": {
            "mean": 26.39795918367347,
            "std": 0.4387755102040831,
            "num_values": 2
        }
    },
    "a German": {
        "IOU": {
            "mean": 0.9803921568627452,
            "std": 0.019607843137254888,
            "num_values": 2
        },
        "SERP MS": {
            "mean": 0.2550980392156863,
            "std": 0.004705882352941199,
            "num_values": 2
        },
        "Pragmatic": {
            "mean": 0.9812244897959184,
            "std": 0.018775510204081636,
            "num_values": 2
        },
        "mean_rank": {
            "mean": 25.47959183673469,
            "std": 0.4795918367346932,
            "num_values": 2
        }
    },
    "a Japanese": {
        "IOU": {
            "mean": 0.5503921568627451,
            "std": 0.4103921568627451,
            "num_values": 2
        },
        "SERP MS": {
            "mean": 0.3600980392156863,
            "std": 0.10970588235294118,
            "num_values": 2
        },
        "Pragmatic": {
            "mean": 0.5893877551020408,
            "std": 0.3730612244897959,
            "num_values": 2
        },
        "mean_rank": {
            "mean": 14.857640617222497,
            "std": 11.10154305624689,
            "num_values": 2
        }
    },
    "a girl": {
        "IOU": {
            "mean": 0.9607843137254902,
            "std": 0.0,
            "num_values": 2
        },
        "SERP MS": {
            "mean": 0.2503921568627451,
            "std": 0.0,
            "num_values": 2
        },
        "Pragmatic": {
            "mean": 0.9624489795918367,
            "std": 0.0,
            "num_values": 2
        },
        "mean_rank": {
            "mean": 25.959183673469386,
            "std": 0.0,
            "num_values": 2
        }
    },
    "a boy": {
        "IOU": {
            "mean": 1.0,
            "std": 0.0,
            "num_values": 2
        },
        "SERP MS": {
            "mean": 0.25980392156862747,
            "std": 0.0,
            "num_values": 2
        },
        "Pragmatic": {
            "mean": 1.0,
            "std": 0.0,
            "num_values": 2
        },
        "mean_rank": {
            "mean": 25.0,
            "std": 0.0,
            "num_values": 2
        }
    },
    "a female": {
        "IOU": {
            "mean": 0.8387314439946019,
            "std": 0.0843454790823212,
            "num_values": 2
        },
        "SERP MS": {
            "mean": 0.21823529411764706,
            "std": 0.022156862745098038,
            "num_values": 2
        },
        "Pragmatic": {
            "mean": 0.8342857142857143,
            "std": 0.08816326530612245,
            "num_values": 2
        },
        "mean_rank": {
            "mean": 28.87,
            "std": 2.41,
            "num_values": 2
        }
    },
    "a male": {
        "IOU": {
            "mean": 0.58,
            "std": 0.42,
            "num_values": 2
        },
        "SERP MS": {
            "mean": 0.35862745098039217,
            "std": 0.0988235294117647,
            "num_values": 2
        },
        "Pragmatic": {
            "mean": 0.6293877551020408,
            "std": 0.3706122448979592,
            "num_values": 2
        },
        "mean_rank": {
            "mean": 14.714285714285715,
            "std": 10.285714285714285,
            "num_values": 2
        }
    },
    "an African": {
        "IOU": {
            "mean": 0.8137254901960784,
            "std": 0.1470588235294118,
            "num_values": 2
        },
        "SERP MS": {
            "mean": 0.2188235294117647,
            "std": 0.03156862745098038,
            "num_values": 2
        },
        "Pragmatic": {
            "mean": 0.8338775510204082,
            "std": 0.12693877551020405,
            "num_values": 2
        },
        "mean_rank": {
            "mean": 30.428571428571427,
            "std": 2.836734693877549,
            "num_values": 2
        }
    },
    "an Asian": {
        "IOU": {
            "mean": 0.7178571428571429,
            "std": 0.06785714285714284,
            "num_values": 2
        },
        "SERP MS": {
            "mean": 0.1976470588235294,
            "std": 0.010980392156862737,
            "num_values": 2
        },
        "Pragmatic": {
            "mean": 0.7326530612244897,
            "std": 0.05918367346938774,
            "num_values": 2
        },
        "mean_rank": {
            "mean": 31.93877551020408,
            "std": 1.3877551020408152,
            "num_values": 2
        }
    },
    "a child of a doctor": {
        "IOU": {
            "mean": 0.9803921568627452,
            "std": 0.019607843137254888,
            "num_values": 2
        },
        "SERP MS": {
            "mean": 0.2550980392156863,
            "std": 0.004705882352941199,
            "num_values": 2
        },
        "Pragmatic": {
            "mean": 0.9808163265306122,
            "std": 0.01836734693877551,
            "num_values": 2
        },
        "mean_rank": {
            "mean": 25.47959183673469,
            "std": 0.4795918367346932,
            "num_values": 2
        }
    },