{
    "neutral": {
        "mean_rank": {
            "mean": 11.26,
            "std": 0.26907248094147407,
            "num_values": 5
        },
        "diversity": {
            "mean": 1.0,
            "std": 0.0,
            "num_values": 5
        }
    },
    "an American": {
        "IOU Divergence": {
            "mean": 0.03809523809523809,
            "std": 0.04665694748158434,
            "num_values": 5
        },
        "SERP MS Divergence": {
            "mean": 0.001904761904761898,
            "std": 0.002332847374079209,
            "num_values": 5
        },
        "Pragmatic Divergence": {
            "mean": 0.0,
            "std": 0.0,
            "num_values": 5
        },
        "mean_rank": {
            "mean": 10.93,
            "std": 0.5608921464952061,
            "num_values": 5
        },
        "diversity": {
            "mean": 1.0,
            "std": 0.0,
            "num_values": 5
        }
    },
    "a Brazilian": {
        "IOU Divergence": {
            "mean": 0.0554112554112554,
            "std": 0.07317938219607077,
            "num_values": 5
        },
        "SERP MS Divergence": {
            "mean": 0.004761904761904745,
            "std": 0.007377111135633148,
            "num_values": 5
        },
        "Pragmatic Divergence": {
            "mean": 0.0021052631578947433,
            "std": 0.004210526315789487,
            "num_values": 5
        },
        "mean_rank": {
            "mean": 10.84,
            "std": 0.4565084884205331,
            "num_values": 5
        },
        "diversity": {
            "mean": 1.0,
            "std": 0.0,
            "num_values": 5
        }
    },
    "a British": {
        "IOU Divergence": {
            "mean": 0.03809523809523809,
            "std": 0.04665694748158434,
            "num_values": 5
        },
        "SERP MS Divergence": {
            "mean": 0.001904761904761898,
            "std": 0.002332847374079209,
            "num_values": 5
        },
        "Pragmatic Divergence": {
            "mean": 0.0,
            "std": 0.0,
            "num_values": 5
        },
        "mean_rank": {
            "mean": 10.93,
            "std": 0.5608921464952061,
            "num_values": 5
        },
        "diversity": {
            "mean": 1.0,
            "std": 0.0,
            "num_values": 5
        }
    },
    "a Chinese": {
        "IOU Divergence": {
            "mean": 0.019047619047619046,
            "std": 0.03809523809523809,
            "num_values": 5
        },
        "SERP MS Divergence": {
            "mean": 0.000952380952380949,
            "std": 0.001904761904761898,
            "num_values": 5
        },
        "Pragmatic Divergence": {
            "mean": 0.0,
            "std": 0.0,
            "num_values": 5
        },
        "mean_rank": {
            "mean": 11.01,
            "std": 0.5721887800367985,
            "num_values": 5
        },
        "diversity": {
            "mean": 1.0,
            "std": 0.0,
            "num_values": 5
        }
    },
    "a French": {
        "IOU Divergence": {
            "mean": 0.019047619047619046,
            "std": 0.03809523809523809,
            "num_values": 5
        },
        "SERP MS Divergence": {
            "mean": 0.000952380952380949,
            "std": 0.001904761904761898,
            "num_values": 5
        },
        "Pragmatic Divergence": {
            "mean": 0.0,
            "std": 0.0,
            "num_values": 5
        },
        "mean_rank": {
            "mean": 11.01,
            "std": 0.5721887800367985,
            "num_values": 5
        },
        "diversity": {
            "mean": 1.0,
            "std": 0.0,
            "num_values": 5
        }
    },
    "a German": {
        "IOU Divergence": {
            "mean": 0.05714285714285714,
            "std": 0.046656947481584346,
            "num_values": 5
        },
        "SERP MS Divergence": {
            "mean": 0.002857142857142847,
            "std": 0.002332847374079209,
            "num_values": 5
        },
        "Pragmatic Divergence": {
            "mean": 0.0,
            "std": 0.0,
            "num_values": 5
        },
        "mean_rank": {
            "mean": 10.59,
            "std": 0.7364781055808785,
            "num_values": 5
        },
        "diversity": {
            "mean": 1.0,
            "std": 0.0,
            "num_values": 5
        }
    },
    "a Japanese": {
        "IOU Divergence": {
            "mean": 0.019047619047619046,
            "std": 0.03809523809523809,
            "num_values": 5
        },
        "SERP MS Divergence": {
            "mean": 0.000952380952380949,
            "std": 0.001904761904761898,
            "num_values": 5
        },
        "Pragmatic Divergence": {
            "mean": 0.0,
            "std": 0.0,
            "num_values": 5
        },
        "mean_rank": {
            "mean": 11.01,
            "std": 0.5721887800367985,
            "num_values": 5
        },
        "diversity": {
            "mean": 1.0,
            "std": 0.0,
            "num_values": 5
        }
    },
    "a girl": {
        "IOU Divergence": {
            "mean": 0.019047619047619046,
            "std": 0.03809523809523809,
            "num_values": 5
        },
        "SERP MS Divergence": {
            "mean": 0.000952380952380949,
            "std": 0.001904761904761898,
            "num_values": 5
        },
        "Pragmatic Divergence": {
            "mean": 0.0,
            "std": 0.0,
            "num_values": 5
        },
        "mean_rank": {
            "mean": 11.18,
            "std": 0.3155946767611899,
            "num_values": 5
        },
        "diversity": {
            "mean": 1.0,
            "std": 0.0,
            "num_values": 5
        }
    },
    "a boy": {
        "IOU Divergence": {
            "mean": 0.1180952380952381,
            "std": 0.14724684259114432,
            "num_values": 5
        },
        "SERP MS Divergence": {
            "mean": 0.07333333333333332,
            "std": 0.14192074055133538,
            "num_values": 5
        },
        "Pragmatic Divergence": {
            "mean": 0.0736842105263158,
            "std": 0.1473684210526316,
            "num_values": 5
        },
        "mean_rank": {
            "mean": 11.58,
            "std": 1.555827753962501,
            "num_values": 5
        },
        "diversity": {
            "mean": 1.0,
            "std": 0.0,
            "num_values": 5
        }
    },
    "a female": {
        "IOU Divergence": {
            "mean": 0.22318555008210178,
            "std": 0.24708985976578585,
            "num_values": 5
        },
        "SERP MS Divergence": {
            "mean": 0.13999999999999996,
            "std": 0.19500799448697528,
            "num_values": 5
        },
        "Pragmatic Divergence": {
            "mean": 0.14842105263157895,
            "std": 0.21501529933325306,
            "num_values": 5
        },
        "mean_rank": {
            "mean": 15.09,
            "std": 7.573598880321033,
            "num_values": 5
        },
        "diversity": {
            "mean": 1.0,
            "std": 0.0,
            "num_values": 5
        }
    },
    "a male": {
        "IOU Divergence": {
            "mean": 0.03809523809523809,
            "std": 0.04665694748158434,
            "num_values": 5
        },
        "SERP MS Divergence": {
            "mean": 0.001904761904761898,
            "std": 0.002332847374079209,
            "num_values": 5
        },
        "Pragmatic Divergence": {
            "mean": 0.0,
            "std": 0.0,
            "num_values": 5
        },
        "mean_rank": {
            "mean": 10.93,
            "std": 0.5608921464952061,
            "num_values": 5
        },
        "diversity": {
            "mean": 1.0,
            "std": 0.0,
            "num_values": 5
        }
    },