{
    "neutral": {
        "mean_rank": {
            "mean": 80.49333333333334,
            "std": 90.29521126714184,
            "num_values": 5
        },
        "diversity": {
            "mean": 0.4699999999999999,
            "std": 0.43428101501216926,
            "num_values": 5
        }
    },
    "an American": {
        "IOU Divergence": {
            "mean": 0.5079545454545455,
            "std": 0.4203255330324441,
            "num_values": 5
        },
        "SERP MS Divergence": {
            "mean": 0.3169590643274854,
            "std": 0.40979759050346953,
            "num_values": 5
        },
        "Pragmatic Divergence": {
            "mean": 0.8286480908152735,
            "std": 0.15079976102637363,
            "num_values": 5
        },
        "mean_rank": {
            "mean": 26.452499999999997,
            "std": 33.819122179619036,
            "num_values": 5
        },
        "diversity": {
            "mean": 0.41999999999999993,
            "std": 0.3171750305430741,
            "num_values": 5
        }
    },
    "a Brazilian": {
        "IOU Divergence": {
            "mean": 0.829004329004329,
            "std": 0.0923687191923058,
            "num_values": 5
        },
        "SERP MS Divergence": {
            "mean": 0.44043441938178785,
            "std": 0.36959630838890484,
            "num_values": 5
        },
        "Pragmatic Divergence": {
            "mean": 0.8698864809081528,
            "std": 0.15952344518882702,
            "num_values": 5
        },
        "mean_rank": {
            "mean": 12.56,
            "std": 8.756730280633075,
            "num_values": 5
        },
        "diversity": {
            "mean": 0.5673684210526316,
            "std": 0.24977330442044446,
            "num_values": 5
        }
    },
    "a British": {
        "IOU Divergence": {
            "mean": 0.8744444444444446,
            "std": 0.08282064512704097,
            "num_values": 5
        },
        "SERP MS Divergence": {
            "mean": 0.6344695071010861,
            "std": 0.37992728602960135,
            "num_values": 5
        },
        "Pragmatic Divergence": {
            "mean": 0.884265565875473,
            "std": 0.1448945051955131,
            "num_values": 5
        },
        "mean_rank": {
            "mean": 51.11292397660819,
            "std": 49.91517218742401,
            "num_values": 5
        },
        "diversity": {
            "mean": 0.6693567251461988,
            "std": 0.2824656083069251,
            "num_values": 5
        }
    },
    "a Chinese": {
        "IOU Divergence": {
            "mean": 0.9100729095465937,
            "std": 0.03857624668700077,
            "num_values": 5
        },
        "SERP MS Divergence": {
            "mean": 0.4638262322472849,
            "std": 0.38719669485370883,
            "num_values": 5
        },
        "Pragmatic Divergence": {
            "mean": 0.8757757137942896,
            "std": 0.12744069979849734,
            "num_values": 5
        },
        "mean_rank": {
            "mean": 52.6953216374269,
            "std": 24.086193416131565,
            "num_values": 5
        },
        "diversity": {
            "mean": 0.99,
            "std": 0.020000000000000018,
            "num_values": 5
        }
    },
    "a French": {
        "IOU Divergence": {
            "mean": 0.8730476190476191,
            "std": 0.08148040678189085,
            "num_values": 5
        },
        "SERP MS Divergence": {
            "mean": 0.4123642439431913,
            "std": 0.3555218701262279,
            "num_values": 5
        },
        "Pragmatic Divergence": {
            "mean": 0.8208737530099759,
            "std": 0.18833541193113235,
            "num_values": 5
        },
        "mean_rank": {
            "mean": 24.22105263157895,
            "std": 4.3736762936149765,
            "num_values": 5
        },
        "diversity": {
            "mean": 0.8423684210526317,
            "std": 0.11012584088680066,
            "num_values": 5
        }
    },
    "a German": {
        "IOU Divergence": {
            "mean": 0.8493894993894994,
            "std": 0.09141777288744264,
            "num_values": 5
        },
        "SERP MS Divergence": {
            "mean": 0.44043441938178785,
            "std": 0.36959630838890484,
            "num_values": 5
        },
        "Pragmatic Divergence": {
            "mean": 0.8509391124871002,
            "std": 0.1481658634087465,
            "num_values": 5
        },
        "mean_rank": {
            "mean": 8.779453044375646,
            "std": 4.958437405699434,
            "num_values": 5
        },
        "diversity": {
            "mean": 0.4028998968008256,
            "std": 0.20557903534408467,
            "num_values": 5
        }
    },
    "a Japanese": {
        "IOU Divergence": {
            "mean": 0.8929843980602994,
            "std": 0.04321350129754949,
            "num_values": 5
        },
        "SERP MS Divergence": {
            "mean": 0.4568086883876358,
            "std": 0.38139965535207854,
            "num_values": 5
        },
        "Pragmatic Divergence": {
            "mean": 0.8718541451668387,
            "std": 0.1296724579662457,
            "num_values": 5
        },
        "mean_rank": {
            "mean": 47.97391210870313,
            "std": 21.642951548964138,
            "num_values": 5
        },
        "diversity": {
            "mean": 0.8641666666666665,
            "std": 0.16098750047330374,
            "num_values": 5
        }
    },
    "a girl": {
        "IOU Divergence": {
            "mean": 0.6822703818369453,
            "std": 0.17330548526045167,
            "num_values": 5
        },
        "SERP MS Divergence": {
            "mean": 0.35705931495405185,
            "std": 0.4117752367448869,
            "num_values": 5
        },
        "Pragmatic Divergence": {
            "mean": 0.8669487444100448,
            "std": 0.1290299302826191,
            "num_values": 5
        },
        "mean_rank": {
            "mean": 16.980588235294118,
            "std": 20.725666984980684,
            "num_values": 5
        },
        "diversity": {
            "mean": 0.3664705882352941,
            "std": 0.26250457237738,
            "num_values": 5
        }
    },
    "a boy": {
        "IOU Divergence": {
            "mean": 0.3843434343434343,
            "std": 0.3859537668846249,
            "num_values": 5
        },
        "SERP MS Divergence": {
            "mean": 0.3169590643274854,
            "std": 0.40979759050346953,
            "num_values": 5
        },
        "Pragmatic Divergence": {
            "mean": 0.8247265221878225,
            "std": 0.15614127987162393,
            "num_values": 5
        },
        "mean_rank": {
            "mean": 9.79,
            "std": 3.89170913609946,
            "num_values": 5
        },
        "diversity": {
            "mean": 0.34,
            "std": 0.2745906043549196,
            "num_values": 5
        }
    },
    "a female": {
        "IOU Divergence": {
            "mean": 0.7720355731225297,
            "std": 0.14614808236437532,
            "num_values": 5
        },
        "SERP MS Divergence": {
            "mean": 0.46148705096073517,
            "std": 0.3852172268801783,
            "num_values": 5
        },
        "Pragmatic Divergence": {
            "mean": 0.8731613347093223,
            "std": 0.12887980809931235,
            "num_values": 5
        },
        "mean_rank": {
            "mean": 10.266842105263159,
            "std": 5.795899448361097,
            "num_values": 5
        },
        "diversity": {
            "mean": 0.36421052631578943,
            "std": 0.11317135782823753,
            "num_values": 5
        }
    },
    "a male": {
        "IOU Divergence": {
            "mean": 0.8892776057791538,
            "std": 0.06672048424102167,
            "num_values": 5
        },