{
    "neutral": {
        "mean_rank": {
            "mean": 15.812105263157894,
            "std": 2.1501231041223865,
            "num_values": 5
        },
        "diversity": {
            "mean": 0.96,
            "std": 0.04898979485566354,
            "num_values": 5
        }
    },
    "an American": {
        "IOU Divergence": {
            "mean": 0.3347474747474748,
            "std": 0.11457342041879787,
            "num_values": 5
        },
        "SERP MS Divergence": {
            "mean": 0.16285714285714287,
            "std": 0.07692503050022352,
            "num_values": 5
        },
        "Pragmatic Divergence": {
            "mean": 0.36526315789473685,
            "std": 0.0913184437654582,
            "num_values": 5
        },
        "mean_rank": {
            "mean": 15.948947368421054,
            "std": 3.5647798531833708,
            "num_values": 5
        },
        "diversity": {
            "mean": 0.9099999999999999,
            "std": 0.05830951894845297,
            "num_values": 5
        }
    },
    "a Brazilian": {
        "IOU Divergence": {
            "mean": 0.29873434574578733,
            "std": 0.08801681542225288,
            "num_values": 5
        },
        "SERP MS Divergence": {
            "mean": 0.12571428571428572,
            "std": 0.08500233423498929,
            "num_values": 5
        },
        "Pragmatic Divergence": {
            "mean": 0.3357894736842105,
            "std": 0.16717963533551006,
            "num_values": 5
        },
        "mean_rank": {
            "mean": 18.251578947368422,
            "std": 5.335206486617706,
            "num_values": 5
        },
        "diversity": {
            "mean": 0.9400000000000001,
            "std": 0.09695359714832658,
            "num_values": 5
        }
    },
    "a British": {
        "IOU Divergence": {
            "mean": 0.433969696969697,
            "std": 0.08651854262843965,
            "num_values": 5
        },
        "SERP MS Divergence": {
            "mean": 0.260952380952381,
            "std": 0.0723684199676681,
            "num_values": 5
        },
        "Pragmatic Divergence": {
            "mean": 0.4294736842105264,
            "std": 0.07986137574059224,
            "num_values": 5
        },
        "mean_rank": {
            "mean": 18.87,
            "std": 5.940757527453885,
            "num_values": 5
        },
        "diversity": {
            "mean": 0.9,
            "std": 0.05477225575051658,
            "num_values": 5
        }
    },
    "a Chinese": {
        "IOU Divergence": {
            "mean": 0.581037037037037,
            "std": 0.13175493733314061,
            "num_values": 5
        },
        "SERP MS Divergence": {
            "mean": 0.3866666666666668,
            "std": 0.07422463911770935,
            "num_values": 5
        },
        "Pragmatic Divergence": {
            "mean": 0.4957894736842105,
            "std": 0.09580682318301265,
            "num_values": 5
        },
        "mean_rank": {
            "mean": 25.109473684210524,
            "std": 8.677035089829849,
            "num_values": 5
        },
        "diversity": {
            "mean": 0.9789473684210528,
            "std": 0.042105263157894736,
            "num_values": 5
        }
    },
    "a French": {
        "IOU Divergence": {
            "mean": 0.35015833391119433,
            "std": 0.11673524592630014,
            "num_values": 5
        },
        "SERP MS Divergence": {
            "mean": 0.19714285714285715,
            "std": 0.14969659413221323,
            "num_values": 5
        },
        "Pragmatic Divergence": {
            "mean": 0.31684210526315787,
            "std": 0.2165813455133584,
            "num_values": 5
        },
        "mean_rank": {
            "mean": 16.96,
            "std": 2.5340481447675773,
            "num_values": 5
        },
        "diversity": {
            "mean": 0.9099999999999999,
            "std": 0.10677078252031313,
            "num_values": 5
        }
    },
    "a German": {
        "IOU Divergence": {
            "mean": 0.493805861076253,
            "std": 0.14456085526718385,
            "num_values": 5
        },
        "SERP MS Divergence": {
            "mean": 0.35238095238095235,
            "std": 0.1318626372481637,
            "num_values": 5
        },
        "Pragmatic Divergence": {
            "mean": 0.5126315789473683,
            "std": 0.04138863842386844,
            "num_values": 5
        },
        "mean_rank": {
            "mean": 23.02,
            "std": 11.96526639904018,
            "num_values": 5
        },
        "diversity": {
            "mean": 0.82,
            "std": 0.12489995996796796,
            "num_values": 5
        }
    },
    "a Japanese": {
        "IOU Divergence": {
            "mean": 0.6935445244410762,
            "std": 0.18569500489959437,
            "num_values": 5
        },
        "SERP MS Divergence": {
            "mean": 0.637142857142857,
            "std": 0.14267925432420955,
            "num_values": 5
        },
        "Pragmatic Divergence": {
            "mean": 0.6873684210526316,
            "std": 0.09900334362970524,
            "num_values": 5
        },
        "mean_rank": {
            "mean": 57.65,
            "std": 50.2295132367416,
            "num_values": 5
        },
        "diversity": {
            "mean": 0.96,
            "std": 0.04898979485566355,
            "num_values": 5
        }
    },
    "a girl": {
        "IOU Divergence": {
            "mean": 0.7208982334869432,
            "std": 0.062250867126095386,
            "num_values": 5
        },
        "SERP MS Divergence": {
            "mean": 0.6200000000000001,
            "std": 0.08787746570988401,
            "num_values": 5
        },
        "Pragmatic Divergence": {
            "mean": 0.6621052631578948,
            "std": 0.07505491987358269,
            "num_values": 5
        },
        "mean_rank": {
            "mean": 35.44,
            "std": 16.272780954710846,
            "num_values": 5
        },
        "diversity": {
            "mean": 0.6799999999999999,
            "std": 0.22271057451320087,
            "num_values": 5
        }
    },
    "a boy": {
        "IOU Divergence": {
            "mean": 0.5382788605697152,
            "std": 0.07683139772617395,
            "num_values": 5
        },
        "SERP MS Divergence": {
            "mean": 0.3380952380952381,
            "std": 0.09660917830792962,
            "num_values": 5
        },
        "Pragmatic Divergence": {
            "mean": 0.5326315789473683,
            "std": 0.05573979913631041,
            "num_values": 5
        },
        "mean_rank": {
            "mean": 18.43263157894737,
            "std": 3.695603662000674,
            "num_values": 5
        },
        "diversity": {
            "mean": 0.9199999999999999,
            "std": 0.11224972160321826,
            "num_values": 5
        }
    },
    "a female": {
        "IOU Divergence": {
            "mean": 0.8187970973702565,
            "std": 0.07445361536695709,
            "num_values": 5
        },
        "SERP MS Divergence": {
            "mean": 0.6885714285714284,
            "std": 0.18286210310732637,
            "num_values": 5
        },
        "Pragmatic Divergence": {
            "mean": 0.7231578947368421,
            "std": 0.1633648941561781,
            "num_values": 5
        },
        "mean_rank": {
            "mean": 73.5721052631579,
            "std": 54.0528367135963,
            "num_values": 5
        },
        "diversity": {
            "mean": 0.9099999999999999,
            "std": 0.18,
            "num_values": 5
        }
    },
    "a male": {
        "IOU Divergence": {
            "mean": 0.43911188811188817,
            "std": 0.08000048779742719,
            "num_values": 5
        },
        "SERP MS Divergence": {
            "mean": 0.2457142857142857,