{
    "neutral": {
        "mean_rank": {
            "mean": 9.694736842105263,
            "std": 2.4254879281807797,
            "num_values": 5
        },
        "diversity": {
            "mean": 0.89,
            "std": 0.19595917942265426,
            "num_values": 5
        }
    },
    "an American": {
        "IOU Divergence": {
            "mean": 0.5828917748917749,
            "std": 0.059865897124949115,
            "num_values": 5
        },
        "SERP MS Divergence": {
            "mean": 0.2866666666666667,
            "std": 0.11540719588343704,
            "num_values": 5
        },
        "Pragmatic Divergence": {
            "mean": 0.40631578947368413,
            "std": 0.05503964826274263,
            "num_values": 5
        },
        "mean_rank": {
            "mean": 26.392982456140352,
            "std": 8.482593841295996,
            "num_values": 5
        },
        "diversity": {
            "mean": 0.95,
            "std": 0.06324555320336758,
            "num_values": 5
        }
    },
    "a Brazilian": {
        "IOU Divergence": {
            "mean": 0.8572649572649572,
            "std": 0.1661151905760743,
            "num_values": 5
        },
        "SERP MS Divergence": {
            "mean": 0.7333333333333334,
            "std": 0.29169922072941784,
            "num_values": 5
        },
        "Pragmatic Divergence": {
            "mean": 0.7652631578947369,
            "std": 0.2515679363368825,
            "num_values": 5
        },
        "mean_rank": {
            "mean": 124.31555555555556,
            "std": 75.6025901313434,
            "num_values": 5
        },
        "diversity": {
            "mean": 0.6733333333333333,
            "std": 0.20374275719914836,
            "num_values": 5
        }
    },
    "a British": {
        "IOU Divergence": {
            "mean": 0.8656751336898395,
            "std": 0.01620656577449963,
            "num_values": 5
        },
        "SERP MS Divergence": {
            "mean": 0.6695238095238095,
            "std": 0.08489556075453927,
            "num_values": 5
        },
        "Pragmatic Divergence": {
            "mean": 0.7115789473684211,
            "std": 0.035913099177330474,
            "num_values": 5
        },
        "mean_rank": {
            "mean": 91.0766081871345,
            "std": 12.91499335858692,
            "num_values": 5
        },
        "diversity": {
            "mean": 0.9368421052631579,
            "std": 0.03938586722919938,
            "num_values": 5
        }
    },
    "a Chinese": {
        "IOU Divergence": {
            "mean": 0.9095279167385429,
            "std": 0.034343370267951825,
            "num_values": 5
        },
        "SERP MS Divergence": {
            "mean": 0.8980952380952381,
            "std": 0.039681269820951735,
            "num_values": 5
        },
        "Pragmatic Divergence": {
            "mean": 0.9094736842105261,
            "std": 0.03164904500710085,
            "num_values": 5
        },
        "mean_rank": {
            "mean": 192.61346405228758,
            "std": 40.00810148979585,
            "num_values": 5
        },
        "diversity": {
            "mean": 0.9079365079365079,
            "std": 0.0653690802602349,
            "num_values": 5
        }
    },
    "a French": {
        "IOU Divergence": {
            "mean": 1.0,
            "std": 0.0,
            "num_values": 5
        },
        "SERP MS Divergence": {
            "mean": 1.0,
            "std": 0.0,
            "num_values": 5
        },
        "Pragmatic Divergence": {
            "mean": 1.0,
            "std": 0.0,
            "num_values": 5
        },
        "mean_rank": {
            "mean": 189.89111111111112,
            "std": 53.456891782186005,
            "num_values": 5
        },
        "diversity": {
            "mean": 0.8047474747474747,
            "std": 0.20251595736748884,
            "num_values": 5
        }
    },
    "a German": {
        "IOU Divergence": {
            "mean": 0.9874877810361682,
            "std": 0.015336741863112546,
            "num_values": 5
        },
        "SERP MS Divergence": {
            "mean": 0.9752380952380953,
            "std": 0.030327015863029827,
            "num_values": 5
        },
        "Pragmatic Divergence": {
            "mean": 0.9747368421052631,
            "std": 0.03094092306673487,
            "num_values": 5
        },
        "mean_rank": {
            "mean": 224.26956043956042,
            "std": 26.621704936442008,
            "num_values": 5
        },
        "diversity": {
            "mean": 0.955897435897436,
            "std": 0.036203820707123656,
            "num_values": 5
        }
    },
    "a Japanese": {
        "IOU Divergence": {
            "mean": 0.9935483870967742,
            "std": 0.0129032258064516,
            "num_values": 5
        },
        "SERP MS Divergence": {
            "mean": 0.981904761904762,
            "std": 0.036190476190476197,
            "num_values": 5
        },
        "Pragmatic Divergence": {
            "mean": 0.9810526315789474,
            "std": 0.037894736842105245,
            "num_values": 5
        },
        "mean_rank": {
            "mean": 128.92018315018314,
            "std": 40.35883035499926,
            "num_values": 5
        },
        "diversity": {
            "mean": 0.7570695970695971,
            "std": 0.10103368921927432,
            "num_values": 5
        }
    },
    "a girl": {
        "IOU Divergence": {
            "mean": 0.46228262965105077,
            "std": 0.03354311854997669,
            "num_values": 5
        },
        "SERP MS Divergence": {
            "mean": 0.19904761904761908,
            "std": 0.10062841098569365,
            "num_values": 5
        },
        "Pragmatic Divergence": {
            "mean": 0.36,
            "std": 0.049552009667115045,
            "num_values": 5
        },
        "mean_rank": {
            "mean": 12.974269005847953,
            "std": 4.231126668552035,
            "num_values": 5
        },
        "diversity": {
            "mean": 0.8399999999999999,
            "std": 0.1772004514666935,
            "num_values": 5
        }
    },
    "a boy": {
        "IOU Divergence": {
            "mean": 0.3067415041099252,
            "std": 0.1863393106211963,
            "num_values": 5
        },
        "SERP MS Divergence": {
            "mean": 0.06952380952380952,
            "std": 0.07839663096097783,
            "num_values": 5
        },
        "Pragmatic Divergence": {
            "mean": 0.19894736842105265,
            "std": 0.136534066249187,
            "num_values": 5
        },
        "mean_rank": {
            "mean": 13.950877192982457,
            "std": 2.504520996759088,
            "num_values": 5
        },
        "diversity": {
            "mean": 0.99,
            "std": 0.020000000000000018,
            "num_values": 5
        }
    },
    "a female": {
        "IOU Divergence": {
            "mean": 0.4719891702500398,
            "std": 0.09523290947258947,
            "num_values": 5
        },
        "SERP MS Divergence": {
            "mean": 0.2304761904761905,
            "std": 0.09597807761785998,
            "num_values": 5
        },
        "Pragmatic Divergence": {
            "mean": 0.3610526315789474,
            "std": 0.08600715038238106,
            "num_values": 5
        },
        "mean_rank": {
            "mean": 21.339256965944273,
            "std": 11.806273683148222,
            "num_values": 5
        },
        "diversity": {
            "mean": 0.9394736842105263,
            "std": 0.09690501389222089,
            "num_values": 5
        }
    },
    "a male": {
        "IOU Divergence": {
            "mean": 0.44237503237503245,
            "std": 0.1333856892035603,
            "num_values": 5
        },
        "SERP MS Divergence": {
            "mean": 0.2276190476190476,