{
    "neutral": {
        "mean_rank": {
            "mean": 17.857894736842105,
            "std": 3.8428013068146663,
            "num_values": 5
        }
    },
    "an American": {
        "IOU Divergence": {
            "mean": 0.28322153209109735,
            "std": 0.15210792319428246,
            "num_values": 5
        },
        "SERP MS Divergence": {
            "mean": 0.7269172932330827,
            "std": 0.014004991451411595,
            "num_values": 5
        },
        "Pragmatic Divergence": {
            "mean": 0.12842105263157896,
            "std": 0.14288674010773345,
            "num_values": 5
        },
        "mean_rank": {
            "mean": 15.235029239766083,
            "std": 2.2510216353752344,
            "num_values": 5
        }
    },
    "a Brazilian": {
        "IOU Divergence": {
            "mean": 0.3448098568098568,
            "std": 0.15676208218806237,
            "num_values": 5
        },
        "SERP MS Divergence": {
            "mean": 0.7585714285714286,
            "std": 0.029125578444520028,
            "num_values": 5
        },
        "Pragmatic Divergence": {
            "mean": 0.17578947368421055,
            "std": 0.11884019391498271,
            "num_values": 5
        },
        "mean_rank": {
            "mean": 16.14894736842105,
            "std": 2.126109682559078,
            "num_values": 5
        }
    },
    "a British": {
        "IOU Divergence": {
            "mean": 0.2603896103896104,
            "std": 0.16124502421586043,
            "num_values": 5
        },
        "SERP MS Divergence": {
            "mean": 0.7371428571428571,
            "std": 0.020556321613475606,
            "num_values": 5
        },
        "Pragmatic Divergence": {
            "mean": 0.19052631578947365,
            "std": 0.132748486487869,
            "num_values": 5
        },
        "mean_rank": {
            "mean": 17.238947368421055,
            "std": 3.5844568274596966,
            "num_values": 5
        }
    },
    "a Chinese": {
        "IOU Divergence": {
            "mean": 0.2880952380952381,
            "std": 0.25089409280608554,
            "num_values": 5
        },
        "SERP MS Divergence": {
            "mean": 0.7723809523809524,
            "std": 0.04286640111638954,
            "num_values": 5
        },
        "Pragmatic Divergence": {
            "mean": 0.21894736842105264,
            "std": 0.20238467527632523,
            "num_values": 5
        },
        "mean_rank": {
            "mean": 20.924210526315793,
            "std": 6.532572213377492,
            "num_values": 5
        }
    },
    "a French": {
        "IOU Divergence": {
            "mean": 0.293840579710145,
            "std": 0.1661791862694313,
            "num_values": 5
        },
        "SERP MS Divergence": {
            "mean": 0.7609523809523809,
            "std": 0.02416871912466575,
            "num_values": 5
        },
        "Pragmatic Divergence": {
            "mean": 0.16421052631578947,
            "std": 0.13299865660704915,
            "num_values": 5
        },
        "mean_rank": {
            "mean": 17.657894736842106,
            "std": 1.5824312442122979,
            "num_values": 5
        }
    },
    "a German": {
        "IOU Divergence": {
            "mean": 0.14545454545454545,
            "std": 0.19792310051888404,
            "num_values": 5
        },
        "SERP MS Divergence": {
            "mean": 0.7335714285714285,
            "std": 0.03121137068223607,
            "num_values": 5
        },
        "Pragmatic Divergence": {
            "mean": 0.11578947368421053,
            "std": 0.13302364774251893,
            "num_values": 5
        },
        "mean_rank": {
            "mean": 17.687368421052632,
            "std": 4.059442465437082,
            "num_values": 5
        }
    },
    "a Japanese": {
        "IOU Divergence": {
            "mean": 0.22727272727272724,
            "std": 0.28167151608781216,
            "num_values": 5
        },
        "SERP MS Divergence": {
            "mean": 0.72,
            "std": 0.052502024580334164,
            "num_values": 5
        },
        "Pragmatic Divergence": {
            "mean": 0.17894736842105263,
            "std": 0.2255433574596752,
            "num_values": 5
        },
        "mean_rank": {
            "mean": 14.840526315789475,
            "std": 2.5759325019976056,
            "num_values": 5
        }
    },
    "a girl": {
        "IOU Divergence": {
            "mean": 0.7110275689223058,
            "std": 0.09282454891853302,
            "num_values": 5
        },
        "SERP MS Divergence": {
            "mean": 0.5933333333333334,
            "std": 0.04601833411619688,
            "num_values": 5
        },
        "Pragmatic Divergence": {
            "mean": 0.6589473684210526,
            "std": 0.11290179097087936,
            "num_values": 5
        },
        "mean_rank": {
            "mean": 6.790000000000001,
            "std": 0.7337574531137657,
            "num_values": 5
        }
    },
    "a boy": {
        "IOU Divergence": {
            "mean": 0.5921146953405018,
            "std": 0.162570432280192,
            "num_values": 5
        },
        "SERP MS Divergence": {
            "mean": 0.85,
            "std": 0.047362403643729525,
            "num_values": 5
        },
        "Pragmatic Divergence": {
            "mean": 0.49368421052631584,
            "std": 0.19012752681895811,
            "num_values": 5
        },
        "mean_rank": {
            "mean": 29.106315789473683,
            "std": 9.170777629343643,
            "num_values": 5
        }
    },
    "a female": {
        "IOU Divergence": {
            "mean": 0.6618518518518519,
            "std": 0.1165084170705504,
            "num_values": 5
        },
        "SERP MS Divergence": {
            "mean": 0.7123809523809523,
            "std": 0.11096515356688533,
            "num_values": 5
        },
        "Pragmatic Divergence": {
            "mean": 0.5778947368421052,
            "std": 0.16329026888139214,
            "num_values": 5
        },
        "mean_rank": {
            "mean": 18.6,
            "std": 11.71183162447275,
            "num_values": 5
        }
    },
    "a male": {
        "IOU Divergence": {
            "mean": 0.747970430107527,
            "std": 0.027563675112114622,
            "num_values": 5
        },
        "SERP MS Divergence": {
            "mean": 0.8982706766917292,
            "std": 0.013523074252052516,
            "num_values": 5
        },
        "Pragmatic Divergence": {
            "mean": 0.6957894736842105,
            "std": 0.026294728414309045,
            "num_values": 5
        },
        "mean_rank": {
            "mean": 34.39526315789474,
            "std": 3.6952392820764075,
            "num_values": 5
        }
    },
    "an African": {
        "IOU Divergence": {
            "mean": 0.5870695970695972,
            "std": 0.09255386095245398,
            "num_values": 5
        },
        "SERP MS Divergence": {
            "mean": 0.8357142857142857,
            "std": 0.04270475553289957,
            "num_values": 5
        },
        "Pragmatic Divergence": {
            "mean": 0.45473684210526316,
            "std": 0.1570715383003691,
            "num_values": 5
        },
        "mean_rank": {
            "mean": 27.754736842105263,
            "std": 10.944473984770768,
            "num_values": 5
        }
    },
    "an Asian": {
        "IOU Divergence": {
            "mean": 0.47889983579638756,
            "std": 0.12599607582050273,
            "num_values": 5
        },
        "SERP MS Divergence": {
            "mean": 0.7983333333333332,
            "std": 0.0328847365154658,
            "num_values": 5
        },
        "Pragmatic Divergence": {
            "mean": 0.3168421052631579,
            "std": 0.15302671177031632,
            "num_values": 5
        },