{
    "neutral": {
        "mean_rank": {
            "mean": 17.007368421052632,
            "std": 7.638230749006556,
            "num_values": 5
        },
        "diversity": {
            "mean": 0.8800000000000001,
            "std": 0.24,
            "num_values": 5
        }
    },
    "an American": {
        "IOU Divergence": {
            "mean": 0.3880941924420186,
            "std": 0.23726452317884145,
            "num_values": 5
        },
        "SERP MS Divergence": {
            "mean": 0.2161904761904762,
            "std": 0.17588390316424712,
            "num_values": 5
        },
        "Pragmatic Divergence": {
            "mean": 0.3463157894736842,
            "std": 0.14403754512081957,
            "num_values": 5
        },
        "mean_rank": {
            "mean": 23.349078087375297,
            "std": 14.611963444654283,
            "num_values": 5
        },
        "diversity": {
            "mean": 0.8194736842105262,
            "std": 0.22014601047481608,
            "num_values": 5
        }
    },
    "a Brazilian": {
        "IOU Divergence": {
            "mean": 0.5229392446633826,
            "std": 0.21600455407322475,
            "num_values": 5
        },
        "SERP MS Divergence": {
            "mean": 0.25999999999999995,
            "std": 0.1860095333182167,
            "num_values": 5
        },
        "Pragmatic Divergence": {
            "mean": 0.37894736842105264,
            "std": 0.20356925900856543,
            "num_values": 5
        },
        "mean_rank": {
            "mean": 27.409999999999997,
            "std": 5.37013966298829,
            "num_values": 5
        },
        "diversity": {
            "mean": 0.9700000000000001,
            "std": 0.039999999999999994,
            "num_values": 5
        }
    },
    "a British": {
        "IOU Divergence": {
            "mean": 0.6354578754578755,
            "std": 0.08386123497545113,
            "num_values": 5
        },
        "SERP MS Divergence": {
            "mean": 0.3866666666666666,
            "std": 0.17887022620640153,
            "num_values": 5
        },
        "Pragmatic Divergence": {
            "mean": 0.4894736842105263,
            "std": 0.08622588385798904,
            "num_values": 5
        },
        "mean_rank": {
            "mean": 21.08219814241486,
            "std": 16.718153260138738,
            "num_values": 5
        },
        "diversity": {
            "mean": 0.7019195046439629,
            "std": 0.30102899056833615,
            "num_values": 5
        }
    },
    "a Chinese": {
        "IOU Divergence": {
            "mean": 0.3959383753501401,
            "std": 0.29460597050205195,
            "num_values": 5
        },
        "SERP MS Divergence": {
            "mean": 0.20476190476190478,
            "std": 0.1745223478143167,
            "num_values": 5
        },
        "Pragmatic Divergence": {
            "mean": 0.3,
            "std": 0.2517528577495031,
            "num_values": 5
        },
        "mean_rank": {
            "mean": 36.57203216374269,
            "std": 11.070348355746912,
            "num_values": 5
        },
        "diversity": {
            "mean": 0.953888888888889,
            "std": 0.04600053676552101,
            "num_values": 5
        }
    },
    "a French": {
        "IOU Divergence": {
            "mean": 0.6074074074074074,
            "std": 0.05023948135648346,
            "num_values": 5
        },
        "SERP MS Divergence": {
            "mean": 0.33333333333333337,
            "std": 0.11648674172510981,
            "num_values": 5
        },
        "Pragmatic Divergence": {
            "mean": 0.43157894736842106,
            "std": 0.15577524828367095,
            "num_values": 5
        },
        "mean_rank": {
            "mean": 30.214722222222225,
            "std": 8.711868040385278,
            "num_values": 5
        },
        "diversity": {
            "mean": 0.9777777777777779,
            "std": 0.027216552697590882,
            "num_values": 5
        }
    },
    "a German": {
        "IOU Divergence": {
            "mean": 0.520257540402731,
            "std": 0.22251747509637979,
            "num_values": 5
        },
        "SERP MS Divergence": {
            "mean": 0.2561904761904762,
            "std": 0.1787687798358285,
            "num_values": 5
        },
        "Pragmatic Divergence": {
            "mean": 0.3694736842105263,
            "std": 0.24232027066138564,
            "num_values": 5
        },
        "mean_rank": {
            "mean": 27.76216718266254,
            "std": 7.388866461054254,
            "num_values": 5
        },
        "diversity": {
            "mean": 0.9800000000000001,
            "std": 0.024494897427831803,
            "num_values": 5
        }
    },
    "a Japanese": {
        "IOU Divergence": {
            "mean": 0.6101428785639312,
            "std": 0.05487069044750867,
            "num_values": 5
        },
        "SERP MS Divergence": {
            "mean": 0.35809523809523813,
            "std": 0.10789261479142402,
            "num_values": 5
        },
        "Pragmatic Divergence": {
            "mean": 0.5021052631578946,
            "std": 0.10952427980605947,
            "num_values": 5
        },
        "mean_rank": {
            "mean": 27.525321637426902,
            "std": 4.751485328237773,
            "num_values": 5
        },
        "diversity": {
            "mean": 0.9372514619883041,
            "std": 0.0187404775586946,
            "num_values": 5
        }
    },
    "a girl": {
        "IOU Divergence": {
            "mean": 0.6255270092226615,
            "std": 0.1345996024654924,
            "num_values": 5
        },
        "SERP MS Divergence": {
            "mean": 0.4990476190476191,
            "std": 0.1397243804578537,
            "num_values": 5
        },
        "Pragmatic Divergence": {
            "mean": 0.5778947368421053,
            "std": 0.046291859846939,
            "num_values": 5
        },
        "mean_rank": {
            "mean": 11.209999999999999,
            "std": 8.093911291829187,
            "num_values": 5
        },
        "diversity": {
            "mean": 0.38,
            "std": 0.12884098726725124,
            "num_values": 5
        }
    },
    "a boy": {
        "IOU Divergence": {
            "mean": 0.7029744449099288,
            "std": 0.10793896159804657,
            "num_values": 5
        },
        "SERP MS Divergence": {
            "mean": 0.5647619047619048,
            "std": 0.16780833468039846,
            "num_values": 5
        },
        "Pragmatic Divergence": {
            "mean": 0.6305263157894736,
            "std": 0.15017625840077922,
            "num_values": 5
        },
        "mean_rank": {
            "mean": 18.449999999999996,
            "std": 7.994060294994028,
            "num_values": 5
        },
        "diversity": {
            "mean": 0.5599999999999999,
            "std": 0.3484250278036869,
            "num_values": 5
        }
    },
    "a female": {
        "IOU Divergence": {
            "mean": 0.615952380952381,
            "std": 0.13262481820393993,
            "num_values": 5
        },
        "SERP MS Divergence": {
            "mean": 0.44857142857142857,
            "std": 0.13486871083019117,
            "num_values": 5
        },
        "Pragmatic Divergence": {
            "mean": 0.5368421052631579,
            "std": 0.07061267297367757,
            "num_values": 5
        },
        "mean_rank": {
            "mean": 16.14842105263158,
            "std": 8.73862324900717,
            "num_values": 5
        },
        "diversity": {
            "mean": 0.6831578947368421,
            "std": 0.3289983118447204,
            "num_values": 5
        }
    },
    "a male": {
        "IOU Divergence": {
            "mean": 0.6920070989036506,
            "std": 0.08298575232556613,
            "num_values": 5
        },