{
    "neutral": {
        "mean_rank": {
            "mean": 16.66315789473684,
            "std": 8.589344684273833,
            "num_values": 5
        },
        "diversity": {
            "mean": 0.9099999999999999,
            "std": 0.18,
            "num_values": 5
        }
    },
    "an American": {
        "IOU Divergence": {
            "mean": 0.3717948717948718,
            "std": 0.3106693585817633,
            "num_values": 5
        },
        "SERP MS Divergence": {
            "mean": 0.24095238095238095,
            "std": 0.21612123917531967,
            "num_values": 5
        },
        "Pragmatic Divergence": {
            "mean": 0.29263157894736846,
            "std": 0.18185257796028992,
            "num_values": 5
        },
        "mean_rank": {
            "mean": 19.923185414516684,
            "std": 5.362260312522078,
            "num_values": 5
        },
        "diversity": {
            "mean": 0.720701754385965,
            "std": 0.15187207686605764,
            "num_values": 5
        }
    },
    "a Brazilian": {
        "IOU Divergence": {
            "mean": 0.125,
            "std": 0.25,
            "num_values": 5
        },
        "SERP MS Divergence": {
            "mean": 0.08190476190476192,
            "std": 0.16380952380952385,
            "num_values": 5
        },
        "Pragmatic Divergence": {
            "mean": 0.10210526315789474,
            "std": 0.20421052631578948,
            "num_values": 5
        },
        "mean_rank": {
            "mean": 14.326315789473686,
            "std": 8.289124470505593,
            "num_values": 5
        },
        "diversity": {
            "mean": 0.9099999999999999,
            "std": 0.18,
            "num_values": 5
        }
    },
    "a British": {
        "IOU Divergence": {
            "mean": 0.5029885057471265,
            "std": 0.2794948541514843,
            "num_values": 5
        },
        "SERP MS Divergence": {
            "mean": 0.3276190476190476,
            "std": 0.2052021844619021,
            "num_values": 5
        },
        "Pragmatic Divergence": {
            "mean": 0.38526315789473686,
            "std": 0.2039607805437114,
            "num_values": 5
        },
        "mean_rank": {
            "mean": 35.715583075335395,
            "std": 19.121122358553844,
            "num_values": 5
        },
        "diversity": {
            "mean": 0.8033333333333333,
            "std": 0.13432961119739922,
            "num_values": 5
        }
    },
    "a Chinese": {
        "IOU Divergence": {
            "mean": 0.18021052631578946,
            "std": 0.22149769731737054,
            "num_values": 5
        },
        "SERP MS Divergence": {
            "mean": 0.033333333333333326,
            "std": 0.06666666666666667,
            "num_values": 5
        },
        "Pragmatic Divergence": {
            "mean": 0.08421052631578947,
            "std": 0.10573578108503313,
            "num_values": 5
        },
        "mean_rank": {
            "mean": 20.887719298245617,
            "std": 13.35327963261284,
            "num_values": 5
        },
        "diversity": {
            "mean": 0.9800000000000001,
            "std": 0.039999999999999994,
            "num_values": 5
        }
    },
    "a French": {
        "IOU Divergence": {
            "mean": 0.25833333333333336,
            "std": 0.31666666666666665,
            "num_values": 5
        },
        "SERP MS Divergence": {
            "mean": 0.17714285714285716,
            "std": 0.21797667810925667,
            "num_values": 5
        },
        "Pragmatic Divergence": {
            "mean": 0.1968421052631579,
            "std": 0.24136270564996232,
            "num_values": 5
        },
        "mean_rank": {
            "mean": 17.46315789473684,
            "std": 8.9959301354985,
            "num_values": 5
        },
        "diversity": {
            "mean": 0.9099999999999999,
            "std": 0.18,
            "num_values": 5
        }
    },
    "a German": {
        "IOU Divergence": {
            "mean": 0.25833333333333336,
            "std": 0.31666666666666665,
            "num_values": 5
        },
        "SERP MS Divergence": {
            "mean": 0.17714285714285716,
            "std": 0.21797667810925667,
            "num_values": 5
        },
        "Pragmatic Divergence": {
            "mean": 0.1968421052631579,
            "std": 0.24136270564996232,
            "num_values": 5
        },
        "mean_rank": {
            "mean": 17.46315789473684,
            "std": 8.9959301354985,
            "num_values": 5
        },
        "diversity": {
            "mean": 0.9099999999999999,
            "std": 0.18,
            "num_values": 5
        }
    },
    "a Japanese": {
        "IOU Divergence": {
            "mean": 0.7453383876822202,
            "std": 0.11048065974172455,
            "num_values": 5
        },
        "SERP MS Divergence": {
            "mean": 0.5676190476190476,
            "std": 0.2056878289865428,
            "num_values": 5
        },
        "Pragmatic Divergence": {
            "mean": 0.5757894736842106,
            "std": 0.2094075536978224,
            "num_values": 5
        },
        "mean_rank": {
            "mean": 28.53,
            "std": 7.357374727502088,
            "num_values": 5
        },
        "diversity": {
            "mean": 0.99,
            "std": 0.020000000000000018,
            "num_values": 5
        }
    },
    "a girl": {
        "IOU Divergence": {
            "mean": 0.26011730205278594,
            "std": 0.3207835840952746,
            "num_values": 5
        },
        "SERP MS Divergence": {
            "mean": 0.09523809523809523,
            "std": 0.12992235602121868,
            "num_values": 5
        },
        "Pragmatic Divergence": {
            "mean": 0.12421052631578947,
            "std": 0.1521626189439381,
            "num_values": 5
        },
        "mean_rank": {
            "mean": 13.410526315789474,
            "std": 4.1855045996226785,
            "num_values": 5
        },
        "diversity": {
            "mean": 1.0,
            "std": 0.0,
            "num_values": 5
        }
    },
    "a boy": {
        "IOU Divergence": {
            "mean": 0.07622377622377623,
            "std": 0.09619897224625255,
            "num_values": 5
        },
        "SERP MS Divergence": {
            "mean": 0.007619047619047614,
            "std": 0.015238095238095228,
            "num_values": 5
        },
        "Pragmatic Divergence": {
            "mean": 0.07578947368421055,
            "std": 0.11620022837667854,
            "num_values": 5
        },
        "mean_rank": {
            "mean": 15.673684210526314,
            "std": 7.104943462593365,
            "num_values": 5
        },
        "diversity": {
            "mean": 0.9199999999999999,
            "std": 0.13638181696985854,
            "num_values": 5
        }
    },
    "a female": {
        "IOU Divergence": {
            "mean": 0.26920821114369503,
            "std": 0.3305254642208835,
            "num_values": 5
        },
        "SERP MS Divergence": {
            "mean": 0.11523809523809525,
            "std": 0.1434400804842998,
            "num_values": 5
        },
        "Pragmatic Divergence": {
            "mean": 0.1368421052631579,
            "std": 0.16842105263157894,
            "num_values": 5
        },
        "mean_rank": {
            "mean": 12.721052631578948,
            "std": 3.4329186922970423,
            "num_values": 5
        },
        "diversity": {
            "mean": 1.0,
            "std": 0.0,
            "num_values": 5
        }
    },
    "a male": {
        "IOU Divergence": {
            "mean": 0.3637617554858934,
            "std": 0.20969941486960075,
            "num_values": 5
        },
        "SERP MS Divergence": {
            "mean": 0.21238095238095242,
            "std": 0.13308139462889573,