{
    "neutral": {
        "mean_rank": {
            "mean": 10.3,
            "std": 0.2449489742783178,
            "num_values": 5
        },
        "diversity": {
            "mean": 1.0,
            "std": 0.0,
            "num_values": 5
        }
    },
    "an American": {
        "IOU Divergence": {
            "mean": 0.05714285714285714,
            "std": 0.046656947481584346,
            "num_values": 5
        },
        "SERP MS Divergence": {
            "mean": 0.006666666666666643,
            "std": 0.006459361888690709,
            "num_values": 5
        },
        "Pragmatic Divergence": {
            "mean": 0.004210526315789487,
            "std": 0.005156820511122496,
            "num_values": 5
        },
        "mean_rank": {
            "mean": 10.042105263157897,
            "std": 0.05156820511122453,
            "num_values": 5
        },
        "diversity": {
            "mean": 1.0,
            "std": 0.0,
            "num_values": 5
        }
    },
    "a Brazilian": {
        "IOU Divergence": {
            "mean": 0.019047619047619046,
            "std": 0.03809523809523809,
            "num_values": 5
        },
        "SERP MS Divergence": {
            "mean": 0.01714285714285717,
            "std": 0.03428571428571435,
            "num_values": 5
        },
        "Pragmatic Divergence": {
            "mean": 0.01789473684210525,
            "std": 0.03578947368421051,
            "num_values": 5
        },
        "mean_rank": {
            "mean": 10.48,
            "std": 0.511468474101777,
            "num_values": 5
        },
        "diversity": {
            "mean": 1.0,
            "std": 0.0,
            "num_values": 5
        }
    },
    "a British": {
        "IOU Divergence": {
            "mean": 0.019047619047619046,
            "std": 0.03809523809523809,
            "num_values": 5
        },
        "SERP MS Divergence": {
            "mean": 0.01904761904761907,
            "std": 0.03809523809523814,
            "num_values": 5
        },
        "Pragmatic Divergence": {
            "mean": 0.019999999999999997,
            "std": 0.039999999999999994,
            "num_values": 5
        },
        "mean_rank": {
            "mean": 10.4,
            "std": 0.19999999999999998,
            "num_values": 5
        },
        "diversity": {
            "mean": 1.0,
            "std": 0.0,
            "num_values": 5
        }
    },
    "a Chinese": {
        "IOU Divergence": {
            "mean": 0.03809523809523809,
            "std": 0.046656947481584346,
            "num_values": 5
        },
        "SERP MS Divergence": {
            "mean": 0.003809523809523796,
            "std": 0.005553287518900267,
            "num_values": 5
        },
        "Pragmatic Divergence": {
            "mean": 0.0021052631578947433,
            "std": 0.004210526315789487,
            "num_values": 5
        },
        "mean_rank": {
            "mean": 10.121052631578948,
            "std": 0.1938100277844418,
            "num_values": 5
        },
        "diversity": {
            "mean": 1.0,
            "std": 0.0,
            "num_values": 5
        }
    },
    "a French": {
        "IOU Divergence": {
            "mean": 0.019047619047619046,
            "std": 0.03809523809523809,
            "num_values": 5
        },
        "SERP MS Divergence": {
            "mean": 0.000952380952380949,
            "std": 0.0019047619047618978,
            "num_values": 5
        },
        "Pragmatic Divergence": {
            "mean": 0.0,
            "std": 0.0,
            "num_values": 5
        },
        "mean_rank": {
            "mean": 10.2,
            "std": 0.2449489742783178,
            "num_values": 5
        },
        "diversity": {
            "mean": 1.0,
            "std": 0.0,
            "num_values": 5
        }
    },
    "a German": {
        "IOU Divergence": {
            "mean": 0.019047619047619046,
            "std": 0.03809523809523809,
            "num_values": 5
        },
        "SERP MS Divergence": {
            "mean": 0.000952380952380949,
            "std": 0.0019047619047618978,
            "num_values": 5
        },
        "Pragmatic Divergence": {
            "mean": 0.0,
            "std": 0.0,
            "num_values": 5
        },
        "mean_rank": {
            "mean": 10.2,
            "std": 0.2449489742783178,
            "num_values": 5
        },
        "diversity": {
            "mean": 1.0,
            "std": 0.0,
            "num_values": 5
        }
    },
    "a Japanese": {
        "IOU Divergence": {
            "mean": 0.0,
            "std": 0.0,
            "num_values": 5
        },
        "SERP MS Divergence": {
            "mean": 0.0,
            "std": 0.0,
            "num_values": 5
        },
        "Pragmatic Divergence": {
            "mean": 0.0,
            "std": 0.0,
            "num_values": 5
        },
        "mean_rank": {
            "mean": 10.3,
            "std": 0.2449489742783178,
            "num_values": 5
        },
        "diversity": {
            "mean": 1.0,
            "std": 0.0,
            "num_values": 5
        }
    },
    "a girl": {
        "IOU Divergence": {
            "mean": 0.05714285714285714,
            "std": 0.046656947481584346,
            "num_values": 5
        },
        "SERP MS Divergence": {
            "mean": 0.006666666666666643,
            "std": 0.006459361888690709,
            "num_values": 5
        },
        "Pragmatic Divergence": {
            "mean": 0.004210526315789487,
            "std": 0.005156820511122496,
            "num_values": 5
        },
        "mean_rank": {
            "mean": 10.042105263157897,
            "std": 0.05156820511122453,
            "num_values": 5
        },
        "diversity": {
            "mean": 1.0,
            "std": 0.0,
            "num_values": 5
        }
    },
    "a boy": {
        "IOU Divergence": {
            "mean": 0.05714285714285714,
            "std": 0.046656947481584346,
            "num_values": 5
        },
        "SERP MS Divergence": {
            "mean": 0.006666666666666643,
            "std": 0.006459361888690709,
            "num_values": 5
        },
        "Pragmatic Divergence": {
            "mean": 0.004210526315789487,
            "std": 0.005156820511122496,
            "num_values": 5
        },
        "mean_rank": {
            "mean": 10.042105263157897,
            "std": 0.05156820511122453,
            "num_values": 5
        },
        "diversity": {
            "mean": 1.0,
            "std": 0.0,
            "num_values": 5
        }
    },
    "a female": {
        "IOU Divergence": {
            "mean": 0.05714285714285714,
            "std": 0.046656947481584346,
            "num_values": 5
        },
        "SERP MS Divergence": {
            "mean": 0.006666666666666643,
            "std": 0.006459361888690709,
            "num_values": 5
        },
        "Pragmatic Divergence": {
            "mean": 0.004210526315789487,
            "std": 0.005156820511122496,
            "num_values": 5
        },
        "mean_rank": {
            "mean": 10.042105263157897,
            "std": 0.05156820511122453,
            "num_values": 5
        },
        "diversity": {
            "mean": 1.0,
            "std": 0.0,
            "num_values": 5
        }
    },
    "a male": {
        "IOU Divergence": {
            "mean": 0.10476190476190476,
            "std": 0.12196427118919712,
            "num_values": 5
        },
        "SERP MS Divergence": {
            "mean": 0.05714285714285714,
            "std": 0.10020387381000108,
            "num_values": 5
        },
        "Pragmatic Divergence": {
            "mean": 0.056842105263157916,
            "std": 0.10326525026046923,
            "num_values": 5
        },
        "mean_rank": {
            "mean": 10.631578947368421,
            "std": 1.1588512795387695,
            "num_values": 5
        },