{
    "neutral": {
        "mean_rank": {
            "mean": 10.410526315789472,
            "std": 0.3351933332229612,
            "num_values": 5
        },
        "diversity": {
            "mean": 1.0,
            "std": 0.0,
            "num_values": 5
        }
    },
    "an American": {
        "IOU Divergence": {
            "mean": 0.20239036325992849,
            "std": 0.09396619349163542,
            "num_values": 5
        },
        "SERP MS Divergence": {
            "mean": 0.07428571428571429,
            "std": 0.056792577203335574,
            "num_values": 5
        },
        "Pragmatic Divergence": {
            "mean": 0.10736842105263159,
            "std": 0.07120646115910638,
            "num_values": 5
        },
        "mean_rank": {
            "mean": 11.168421052631578,
            "std": 0.5503964826274259,
            "num_values": 5
        },
        "diversity": {
            "mean": 0.99,
            "std": 0.020000000000000018,
            "num_values": 5
        }
    },
    "a Brazilian": {
        "IOU Divergence": {
            "mean": 0.0,
            "std": 0.0,
            "num_values": 5
        },
        "SERP MS Divergence": {
            "mean": 0.0,
            "std": 0.0,
            "num_values": 5
        },
        "Pragmatic Divergence": {
            "mean": 0.0,
            "std": 0.0,
            "num_values": 5
        },
        "mean_rank": {
            "mean": 10.410526315789472,
            "std": 0.3351933332229612,
            "num_values": 5
        },
        "diversity": {
            "mean": 1.0,
            "std": 0.0,
            "num_values": 5
        }
    },
    "a British": {
        "IOU Divergence": {
            "mean": 0.05714285714285714,
            "std": 0.046656947481584346,
            "num_values": 5
        },
        "SERP MS Divergence": {
            "mean": 0.002857142857142847,
            "std": 0.002332847374079209,
            "num_values": 5
        },
        "Pragmatic Divergence": {
            "mean": 0.0,
            "std": 0.0,
            "num_values": 5
        },
        "mean_rank": {
            "mean": 10.0,
            "std": 0.0,
            "num_values": 5
        },
        "diversity": {
            "mean": 1.0,
            "std": 0.0,
            "num_values": 5
        }
    },
    "a Chinese": {
        "IOU Divergence": {
            "mean": 0.18095238095238095,
            "std": 0.3164428138254504,
            "num_values": 5
        },
        "SERP MS Divergence": {
            "mean": 0.18571428571428572,
            "std": 0.34131930243271025,
            "num_values": 5
        },
        "Pragmatic Divergence": {
            "mean": 0.19263157894736843,
            "std": 0.3545290661225985,
            "num_values": 5
        },
        "mean_rank": {
            "mean": 12.057368421052631,
            "std": 2.7463157894736843,
            "num_values": 5
        },
        "diversity": {
            "mean": 0.85,
            "std": 0.30000000000000004,
            "num_values": 5
        }
    },
    "a French": {
        "IOU Divergence": {
            "mean": 0.019047619047619046,
            "std": 0.03809523809523809,
            "num_values": 5
        },
        "SERP MS Divergence": {
            "mean": 0.000952380952380949,
            "std": 0.0019047619047618978,
            "num_values": 5
        },
        "Pragmatic Divergence": {
            "mean": 0.0,
            "std": 0.0,
            "num_values": 5
        },
        "mean_rank": {
            "mean": 10.273684210526316,
            "std": 0.3351933332229612,
            "num_values": 5
        },
        "diversity": {
            "mean": 1.0,
            "std": 0.0,
            "num_values": 5
        }
    },
    "a German": {
        "IOU Divergence": {
            "mean": 0.03809523809523809,
            "std": 0.046656947481584346,
            "num_values": 5
        },
        "SERP MS Divergence": {
            "mean": 0.01333333333333333,
            "std": 0.02435564162389414,
            "num_values": 5
        },
        "Pragmatic Divergence": {
            "mean": 0.012631578947368416,
            "std": 0.02526315789473683,
            "num_values": 5
        },
        "mean_rank": {
            "mean": 10.694736842105263,
            "std": 0.38446278668946676,
            "num_values": 5
        },
        "diversity": {
            "mean": 1.0,
            "std": 0.0,
            "num_values": 5
        }
    },
    "a Japanese": {
        "IOU Divergence": {
            "mean": 0.2060952380952381,
            "std": 0.31980129885336506,
            "num_values": 5
        },
        "SERP MS Divergence": {
            "mean": 0.19428571428571428,
            "std": 0.3278376900547101,
            "num_values": 5
        },
        "Pragmatic Divergence": {
            "mean": 0.19684210526315787,
            "std": 0.3317309593072086,
            "num_values": 5
        },
        "mean_rank": {
            "mean": 12.17736842105263,
            "std": 2.9863157894736836,
            "num_values": 5
        },
        "diversity": {
            "mean": 0.89,
            "std": 0.22,
            "num_values": 5
        }
    },
    "a girl": {
        "IOU Divergence": {
            "mean": 0.0,
            "std": 0.0,
            "num_values": 5
        },
        "SERP MS Divergence": {
            "mean": 0.0,
            "std": 0.0,
            "num_values": 5
        },
        "Pragmatic Divergence": {
            "mean": 0.0,
            "std": 0.0,
            "num_values": 5
        },
        "mean_rank": {
            "mean": 10.410526315789472,
            "std": 0.3351933332229612,
            "num_values": 5
        },
        "diversity": {
            "mean": 1.0,
            "std": 0.0,
            "num_values": 5
        }
    },
    "a boy": {
        "IOU Divergence": {
            "mean": 0.0,
            "std": 0.0,
            "num_values": 5
        },
        "SERP MS Divergence": {
            "mean": 0.0,
            "std": 0.0,
            "num_values": 5
        },
        "Pragmatic Divergence": {
            "mean": 0.0,
            "std": 0.0,
            "num_values": 5
        },
        "mean_rank": {
            "mean": 10.410526315789472,
            "std": 0.3351933332229612,
            "num_values": 5
        },
        "diversity": {
            "mean": 1.0,
            "std": 0.0,
            "num_values": 5
        }
    },
    "a female": {
        "IOU Divergence": {
            "mean": 0.019047619047619046,
            "std": 0.03809523809523809,
            "num_values": 5
        },
        "SERP MS Divergence": {
            "mean": 0.000952380952380949,
            "std": 0.0019047619047618978,
            "num_values": 5
        },
        "Pragmatic Divergence": {
            "mean": 0.0,
            "std": 0.0,
            "num_values": 5
        },
        "mean_rank": {
            "mean": 10.536842105263158,
            "std": 0.4952964360428881,
            "num_values": 5
        },
        "diversity": {
            "mean": 1.0,
            "std": 0.0,
            "num_values": 5
        }
    },
    "a male": {
        "IOU Divergence": {
            "mean": 0.019047619047619046,
            "std": 0.03809523809523809,
            "num_values": 5
        },
        "SERP MS Divergence": {
            "mean": 0.012380952380952381,
            "std": 0.024761904761904763,
            "num_values": 5
        },
        "Pragmatic Divergence": {
            "mean": 0.012631578947368416,
            "std": 0.02526315789473683,
            "num_values": 5
        },
        "mean_rank": {
            "mean": 10.54736842105263,
            "std": 0.2736842105263158,
            "num_values": 5
        },
        "diversity": {
            "mean": 1.0,
            "std": 0.0,
            "num_values": 5
        }
    },