{
    "neutral": {
        "mean_rank": {
            "mean": 10.469590643274852,
            "std": 1.2594753554798845,
            "num_values": 5
        },
        "diversity": {
            "mean": 0.8947368421052632,
            "std": 0.1331485330597212,
            "num_values": 5
        }
    },
    "an American": {
        "IOU Divergence": {
            "mean": 0.4503007518796993,
            "std": 0.11235380580909776,
            "num_values": 5
        },
        "SERP MS Divergence": {
            "mean": 0.1967418546365915,
            "std": 0.18634896740026605,
            "num_values": 5
        },
        "Pragmatic Divergence": {
            "mean": 0.36584795321637426,
            "std": 0.16706635157565994,
            "num_values": 5
        },
        "mean_rank": {
            "mean": 15.130409356725147,
            "std": 6.4910672758126,
            "num_values": 5
        },
        "diversity": {
            "mean": 0.79,
            "std": 0.1854723699099141,
            "num_values": 5
        }
    },
    "a Brazilian": {
        "IOU Divergence": {
            "mean": 0.14,
            "std": 0.17435595774162696,
            "num_values": 5
        },
        "SERP MS Divergence": {
            "mean": 0.012631578947368438,
            "std": 0.02041128361017404,
            "num_values": 5
        },
        "Pragmatic Divergence": {
            "mean": 0.10877192982456141,
            "std": 0.16111509106640998,
            "num_values": 5
        },
        "mean_rank": {
            "mean": 12.391812865497077,
            "std": 1.966126748046719,
            "num_values": 5
        },
        "diversity": {
            "mean": 0.99,
            "std": 0.020000000000000018,
            "num_values": 5
        }
    },
    "a British": {
        "IOU Divergence": {
            "mean": 0.17086580086580086,
            "std": 0.17490000409253817,
            "num_values": 5
        },
        "SERP MS Divergence": {
            "mean": 0.01674185463659148,
            "std": 0.0187158818088533,
            "num_values": 5
        },
        "Pragmatic Divergence": {
            "mean": 0.12280701754385966,
            "std": 0.16680511331936437,
            "num_values": 5
        },
        "mean_rank": {
            "mean": 10.936842105263157,
            "std": 0.30940923066734893,
            "num_values": 5
        },
        "diversity": {
            "mean": 1.0,
            "std": 0.0,
            "num_values": 5
        }
    },
    "a Chinese": {
        "IOU Divergence": {
            "mean": 0.4609356725146199,
            "std": 0.29581682761376155,
            "num_values": 5
        },
        "SERP MS Divergence": {
            "mean": 0.3235087719298245,
            "std": 0.33339831654063046,
            "num_values": 5
        },
        "Pragmatic Divergence": {
            "mean": 0.439766081871345,
            "std": 0.29470063826657483,
            "num_values": 5
        },
        "mean_rank": {
            "mean": 13.960701754385966,
            "std": 6.511913339524151,
            "num_values": 5
        },
        "diversity": {
            "mean": 0.6599999999999999,
            "std": 0.3056141357987225,
            "num_values": 5
        }
    },
    "a French": {
        "IOU Divergence": {
            "mean": 0.17086580086580086,
            "std": 0.17490000409253817,
            "num_values": 5
        },
        "SERP MS Divergence": {
            "mean": 0.01674185463659148,
            "std": 0.0187158818088533,
            "num_values": 5
        },
        "Pragmatic Divergence": {
            "mean": 0.12280701754385966,
            "std": 0.16680511331936437,
            "num_values": 5
        },
        "mean_rank": {
            "mean": 10.810526315789474,
            "std": 0.2526315789473685,
            "num_values": 5
        },
        "diversity": {
            "mean": 1.0,
            "std": 0.0,
            "num_values": 5
        }
    },
    "a German": {
        "IOU Divergence": {
            "mean": 0.20562770562770566,
            "std": 0.17762638556766883,
            "num_values": 5
        },
        "SERP MS Divergence": {
            "mean": 0.01769423558897243,
            "std": 0.017945002169683828,
            "num_values": 5
        },
        "Pragmatic Divergence": {
            "mean": 0.12280701754385966,
            "std": 0.16680511331936437,
            "num_values": 5
        },
        "mean_rank": {
            "mean": 10.83157894736842,
            "std": 0.18048871788928672,
            "num_values": 5
        },
        "diversity": {
            "mean": 1.0,
            "std": 0.0,
            "num_values": 5
        }
    },
    "a Japanese": {
        "IOU Divergence": {
            "mean": 0.2668253968253968,
            "std": 0.3363672961569098,
            "num_values": 5
        },
        "SERP MS Divergence": {
            "mean": 0.18516290726817042,
            "std": 0.34979472842363507,
            "num_values": 5
        },
        "Pragmatic Divergence": {
            "mean": 0.26900584795321636,
            "std": 0.3658407740729329,
            "num_values": 5
        },
        "mean_rank": {
            "mean": 14.053684210526317,
            "std": 6.4278138690953135,
            "num_values": 5
        },
        "diversity": {
            "mean": 0.85,
            "std": 0.30000000000000004,
            "num_values": 5
        }
    },
    "a girl": {
        "IOU Divergence": {
            "mean": 0.17090909090909093,
            "std": 0.21002951386463495,
            "num_values": 5
        },
        "SERP MS Divergence": {
            "mean": 0.028421052631578948,
            "std": 0.0409850996503827,
            "num_values": 5
        },
        "Pragmatic Divergence": {
            "mean": 0.12514619883040937,
            "std": 0.17100039188301347,
            "num_values": 5
        },
        "mean_rank": {
            "mean": 13.673684210526318,
            "std": 4.832759860269907,
            "num_values": 5
        },
        "diversity": {
            "mean": 0.9800000000000001,
            "std": 0.024494897427831803,
            "num_values": 5
        }
    },
    "a boy": {
        "IOU Divergence": {
            "mean": 0.15555555555555556,
            "std": 0.14994855084739755,
            "num_values": 5
        },
        "SERP MS Divergence": {
            "mean": 0.039248120300751886,
            "std": 0.07334647163532218,
            "num_values": 5
        },
        "Pragmatic Divergence": {
            "mean": 0.12432748538011695,
            "std": 0.11954314960788473,
            "num_values": 5
        },
        "mean_rank": {
            "mean": 12.112865497076022,
            "std": 1.8594133507534094,
            "num_values": 5
        },
        "diversity": {
            "mean": 0.9294736842105262,
            "std": 0.09262858846847473,
            "num_values": 5
        }
    },
    "a female": {
        "IOU Divergence": {
            "mean": 0.06888888888888889,
            "std": 0.10758860832809071,
            "num_values": 5
        },
        "SERP MS Divergence": {
            "mean": 0.0021052631578947433,
            "std": 0.004210526315789487,
            "num_values": 5
        },
        "Pragmatic Divergence": {
            "mean": 0.07485380116959064,
            "std": 0.10911722844154947,
            "num_values": 5
        },
        "mean_rank": {
            "mean": 11.802923976608188,
            "std": 2.0930719136973015,
            "num_values": 5
        },
        "diversity": {
            "mean": 0.9368421052631579,
            "std": 0.10205641805087011,
            "num_values": 5
        }
    },
    "a male": {
        "IOU Divergence": {
            "mean": 0.1766183574879227,
            "std": 0.15586239129272667,
            "num_values": 5
        },
        "SERP MS Divergence": {
            "mean": 0.035588972431077705,