{
    "neutral": {
        "mean_rank": {
            "mean": 10.526315789473685,
            "std": 0.0,
            "num_values": 5
        },
        "diversity": {
            "mean": 1.0,
            "std": 0.0,
            "num_values": 5
        }
    },
    "an American": {
        "IOU Divergence": {
            "mean": 0.46703156358328773,
            "std": 0.24044371130142925,
            "num_values": 5
        },
        "SERP MS Divergence": {
            "mean": 0.44952380952380955,
            "std": 0.2341501737237777,
            "num_values": 5
        },
        "Pragmatic Divergence": {
            "mean": 0.46842105263157896,
            "std": 0.24650465094250879,
            "num_values": 5
        },
        "mean_rank": {
            "mean": 16.50263157894737,
            "std": 3.1264026215125518,
            "num_values": 5
        },
        "diversity": {
            "mean": 0.97,
            "std": 0.039999999999999994,
            "num_values": 5
        }
    },
    "a Brazilian": {
        "IOU Divergence": {
            "mean": 0.28398268398268395,
            "std": 0.2831261499469687,
            "num_values": 5
        },
        "SERP MS Divergence": {
            "mean": 0.2942857142857143,
            "std": 0.2961338178851549,
            "num_values": 5
        },
        "Pragmatic Divergence": {
            "mean": 0.3042105263157895,
            "std": 0.3053430022621624,
            "num_values": 5
        },
        "mean_rank": {
            "mean": 13.930526315789475,
            "std": 3.8680442351382363,
            "num_values": 5
        },
        "diversity": {
            "mean": 1.0,
            "std": 0.0,
            "num_values": 5
        }
    },
    "a British": {
        "IOU Divergence": {
            "mean": 0.40559440559440557,
            "std": 0.11188811188811192,
            "num_values": 5
        },
        "SERP MS Divergence": {
            "mean": 0.38952380952380955,
            "std": 0.10666666666666669,
            "num_values": 5
        },
        "Pragmatic Divergence": {
            "mean": 0.40315789473684205,
            "std": 0.1094736842105263,
            "num_values": 5
        },
        "mean_rank": {
            "mean": 14.5,
            "std": 1.2251530516633418,
            "num_values": 5
        },
        "diversity": {
            "mean": 1.0,
            "std": 0.0,
            "num_values": 5
        }
    },
    "a Chinese": {
        "IOU Divergence": {
            "mean": 0.0,
            "std": 0.0,
            "num_values": 5
        },
        "SERP MS Divergence": {
            "mean": 0.0,
            "std": 0.0,
            "num_values": 5
        },
        "Pragmatic Divergence": {
            "mean": 0.0,
            "std": 0.0,
            "num_values": 5
        },
        "mean_rank": {
            "mean": 10.526315789473685,
            "std": 0.0,
            "num_values": 5
        },
        "diversity": {
            "mean": 1.0,
            "std": 0.0,
            "num_values": 5
        }
    },
    "a French": {
        "IOU Divergence": {
            "mean": 0.5690983397190295,
            "std": 0.08387539446857734,
            "num_values": 5
        },
        "SERP MS Divergence": {
            "mean": 0.5152380952380953,
            "std": 0.0644108130244225,
            "num_values": 5
        },
        "Pragmatic Divergence": {
            "mean": 0.5463157894736842,
            "std": 0.060230397898610406,
            "num_values": 5
        },
        "mean_rank": {
            "mean": 16.580000000000002,
            "std": 1.338133027766671,
            "num_values": 5
        },
        "diversity": {
            "mean": 0.9400000000000001,
            "std": 0.048989794855663564,
            "num_values": 5
        }
    },
    "a German": {
        "IOU Divergence": {
            "mean": 0.3786833855799373,
            "std": 0.3105800065179638,
            "num_values": 5
        },
        "SERP MS Divergence": {
            "mean": 0.4152380952380952,
            "std": 0.34129804239329675,
            "num_values": 5
        },
        "Pragmatic Divergence": {
            "mean": 0.43052631578947376,
            "std": 0.3546196901664368,
            "num_values": 5
        },
        "mean_rank": {
            "mean": 15.360526315789475,
            "std": 4.054141208915675,
            "num_values": 5
        },
        "diversity": {
            "mean": 0.8,
            "std": 0.24698178070456936,
            "num_values": 5
        }
    },
    "a Japanese": {
        "IOU Divergence": {
            "mean": 0.3786833855799373,
            "std": 0.3105800065179638,
            "num_values": 5
        },
        "SERP MS Divergence": {
            "mean": 0.4152380952380952,
            "std": 0.34129804239329675,
            "num_values": 5
        },
        "Pragmatic Divergence": {
            "mean": 0.43052631578947376,
            "std": 0.3546196901664368,
            "num_values": 5
        },
        "mean_rank": {
            "mean": 15.360526315789475,
            "std": 4.054141208915675,
            "num_values": 5
        },
        "diversity": {
            "mean": 0.8,
            "std": 0.24698178070456936,
            "num_values": 5
        }
    },
    "a girl": {
        "IOU Divergence": {
            "mean": 0.5607142857142857,
            "std": 0.07438333024673006,
            "num_values": 5
        },
        "SERP MS Divergence": {
            "mean": 0.4619047619047619,
            "std": 0.05800930412510884,
            "num_values": 5
        },
        "Pragmatic Divergence": {
            "mean": 0.5126315789473684,
            "std": 0.05206005481632945,
            "num_values": 5
        },
        "mean_rank": {
            "mean": 19.55,
            "std": 3.7388500906027238,
            "num_values": 5
        },
        "diversity": {
            "mean": 0.95,
            "std": 0.05477225575051661,
            "num_values": 5
        }
    },
    "a boy": {
        "IOU Divergence": {
            "mean": 0.5010903119868637,
            "std": 0.09781601868671302,
            "num_values": 5
        },
        "SERP MS Divergence": {
            "mean": 0.4314285714285715,
            "std": 0.06057921483348291,
            "num_values": 5
        },
        "Pragmatic Divergence": {
            "mean": 0.4526315789473684,
            "std": 0.062007058842202666,
            "num_values": 5
        },
        "mean_rank": {
            "mean": 16.55421052631579,
            "std": 1.5417402118665862,
            "num_values": 5
        },
        "diversity": {
            "mean": 0.97,
            "std": 0.039999999999999994,
            "num_values": 5
        }
    },
    "a female": {
        "IOU Divergence": {
            "mean": 0.44765608465608464,
            "std": 0.08803218360868954,
            "num_values": 5
        },
        "SERP MS Divergence": {
            "mean": 0.31619047619047624,
            "std": 0.10911310157006977,
            "num_values": 5
        },
        "Pragmatic Divergence": {
            "mean": 0.35789473684210527,
            "std": 0.12477125885399684,
            "num_values": 5
        },
        "mean_rank": {
            "mean": 16.650000000000002,
            "std": 5.93557073919602,
            "num_values": 5
        },
        "diversity": {
            "mean": 0.9800000000000001,
            "std": 0.024494897427831803,
            "num_values": 5
        }
    },
    "a male": {
        "IOU Divergence": {
            "mean": 0.6994760123080479,
            "std": 0.04954946671263701,
            "num_values": 5
        },
        "SERP MS Divergence": {
            "mean": 0.6314285714285715,
            "std": 0.11965938052212527,
            "num_values": 5
        },
        "Pragmatic Divergence": {
            "mean": 0.6599999999999999,
            "std": 0.12629824439554224,