{
    "neutral": {
        "mean_rank": {
            "mean": 10.45263157894737,
            "std": 0.20138027862851549,
            "num_values": 5
        },
        "diversity": {
            "mean": 1.0,
            "std": 0.0,
            "num_values": 5
        }
    },
    "an American": {
        "IOU Divergence": {
            "mean": 0.019047619047619046,
            "std": 0.03809523809523809,
            "num_values": 5
        },
        "SERP MS Divergence": {
            "mean": 0.0047619047619047675,
            "std": 0.009523809523809535,
            "num_values": 5
        },
        "Pragmatic Divergence": {
            "mean": 0.004210526315789465,
            "std": 0.00842105263157893,
            "num_values": 5
        },
        "mean_rank": {
            "mean": 10.526315789473685,
            "std": 0.16307298299820683,
            "num_values": 5
        },
        "diversity": {
            "mean": 1.0,
            "std": 0.0,
            "num_values": 5
        }
    },
    "a Brazilian": {
        "IOU Divergence": {
            "mean": 0.6491242474001094,
            "std": 0.034992401447777315,
            "num_values": 5
        },
        "SERP MS Divergence": {
            "mean": 0.519047619047619,
            "std": 0.03201473583613637,
            "num_values": 5
        },
        "Pragmatic Divergence": {
            "mean": 0.608421052631579,
            "std": 0.02716523768539776,
            "num_values": 5
        },
        "mean_rank": {
            "mean": 40.69023047815618,
            "std": 3.931036221149259,
            "num_values": 5
        },
        "diversity": {
            "mean": 0.9894736842105264,
            "std": 0.02105263157894739,
            "num_values": 5
        }
    },
    "a British": {
        "IOU Divergence": {
            "mean": 0.6376482393723774,
            "std": 0.021015900462003,
            "num_values": 5
        },
        "SERP MS Divergence": {
            "mean": 0.5180952380952382,
            "std": 0.036811710647786065,
            "num_values": 5
        },
        "Pragmatic Divergence": {
            "mean": 0.6210526315789473,
            "std": 0.038244004472810386,
            "num_values": 5
        },
        "mean_rank": {
            "mean": 40.864396284829716,
            "std": 5.747839035382439,
            "num_values": 5
        },
        "diversity": {
            "mean": 0.9671826625386999,
            "std": 0.04279170908525324,
            "num_values": 5
        }
    },
    "a Chinese": {
        "IOU Divergence": {
            "mean": 0.6638711325340914,
            "std": 0.04996996816999614,
            "num_values": 5
        },
        "SERP MS Divergence": {
            "mean": 0.5847619047619047,
            "std": 0.0705919255626911,
            "num_values": 5
        },
        "Pragmatic Divergence": {
            "mean": 0.6726315789473685,
            "std": 0.052673667381881284,
            "num_values": 5
        },
        "mean_rank": {
            "mean": 41.46232247284878,
            "std": 6.193516500194149,
            "num_values": 5
        },
        "diversity": {
            "mean": 0.9894736842105264,
            "std": 0.02105263157894739,
            "num_values": 5
        }
    },
    "a French": {
        "IOU Divergence": {
            "mean": 0.6338387155628535,
            "std": 0.0328139472028919,
            "num_values": 5
        },
        "SERP MS Divergence": {
            "mean": 0.5419047619047619,
            "std": 0.04252783535574494,
            "num_values": 5
        },
        "Pragmatic Divergence": {
            "mean": 0.6378947368421052,
            "std": 0.03972202581918567,
            "num_values": 5
        },
        "mean_rank": {
            "mean": 42.75394736842105,
            "std": 5.353564970628155,
            "num_values": 5
        },
        "diversity": {
            "mean": 0.935921052631579,
            "std": 0.03801607037356963,
            "num_values": 5
        }
    },
    "a German": {
        "IOU Divergence": {
            "mean": 0.7011001642036125,
            "std": 0.037641456780422945,
            "num_values": 5
        },
        "SERP MS Divergence": {
            "mean": 0.599047619047619,
            "std": 0.06662583783768647,
            "num_values": 5
        },
        "Pragmatic Divergence": {
            "mean": 0.6789473684210525,
            "std": 0.0635949788083925,
            "num_values": 5
        },
        "mean_rank": {
            "mean": 40.96029239766082,
            "std": 2.9457516822645657,
            "num_values": 5
        },
        "diversity": {
            "mean": 0.9494736842105264,
            "std": 0.04473374602289636,
            "num_values": 5
        }
    },
    "a Japanese": {
        "IOU Divergence": {
            "mean": 0.6589655172413792,
            "std": 0.033421966335415415,
            "num_values": 5
        },
        "SERP MS Divergence": {
            "mean": 0.5361904761904762,
            "std": 0.042867723561626284,
            "num_values": 5
        },
        "Pragmatic Divergence": {
            "mean": 0.6378947368421053,
            "std": 0.0405502321773857,
            "num_values": 5
        },
        "mean_rank": {
            "mean": 40.27239766081871,
            "std": 2.1969948914659456,
            "num_values": 5
        },
        "diversity": {
            "mean": 0.9794736842105263,
            "std": 0.025153269779681117,
            "num_values": 5
        }
    },
    "a girl": {
        "IOU Divergence": {
            "mean": 0.6153846153846153,
            "std": 0.042132504423474326,
            "num_values": 5
        },
        "SERP MS Divergence": {
            "mean": 0.5085714285714286,
            "std": 0.03644024089468375,
            "num_values": 5
        },
        "Pragmatic Divergence": {
            "mean": 0.5989473684210527,
            "std": 0.021157632886570278,
            "num_values": 5
        },
        "mean_rank": {
            "mean": 41.88712651727357,
            "std": 6.611506436862939,
            "num_values": 5
        },
        "diversity": {
            "mean": 0.9888888888888889,
            "std": 0.022222222222222233,
            "num_values": 5
        }
    },
    "a boy": {
        "IOU Divergence": {
            "mean": 0.03809523809523809,
            "std": 0.046656947481584346,
            "num_values": 5
        },
        "SERP MS Divergence": {
            "mean": 0.009523809523809535,
            "std": 0.0116642368703961,
            "num_values": 5
        },
        "Pragmatic Divergence": {
            "mean": 0.00842105263157893,
            "std": 0.010313641022244939,
            "num_values": 5
        },
        "mean_rank": {
            "mean": 10.621052631578948,
            "std": 0.05156820511122453,
            "num_values": 5
        },
        "diversity": {
            "mean": 1.0,
            "std": 0.0,
            "num_values": 5
        }
    },
    "a female": {
        "IOU Divergence": {
            "mean": 0.6442402425161047,
            "std": 0.04560772903997469,
            "num_values": 5
        },
        "SERP MS Divergence": {
            "mean": 0.5171428571428571,
            "std": 0.03732555798526743,
            "num_values": 5
        },
        "Pragmatic Divergence": {
            "mean": 0.6073684210526316,
            "std": 0.027770328333206133,
            "num_values": 5
        },
        "mean_rank": {
            "mean": 41.69401592215834,
            "std": 6.903155630228062,
            "num_values": 5
        },
        "diversity": {
            "mean": 0.97,
            "std": 0.039999999999999994,
            "num_values": 5
        }
    },
    "a male": {
        "IOU Divergence": {
            "mean": 0.13756613756613756,
            "std": 0.23048386692168432,
            "num_values": 5
        },