{
    "neutral": {
        "mean_rank": {
            "mean": 70.24561403508771,
            "std": 20.066522180084334,
            "num_values": 5
        },
        "diversity": {
            "mean": 0.99,
            "std": 0.020000000000000018,
            "num_values": 5
        }
    },
    "an American": {
        "IOU Divergence": {
            "mean": 0.47019507841387237,
            "std": 0.20305049227568484,
            "num_values": 5
        },
        "SERP MS Divergence": {
            "mean": 0.22030075187969927,
            "std": 0.1920600289741614,
            "num_values": 5
        },
        "Pragmatic Divergence": {
            "mean": 0.2923976608187135,
            "std": 0.19039987332160618,
            "num_values": 5
        },
        "mean_rank": {
            "mean": 45.72631578947369,
            "std": 23.149362064405135,
            "num_values": 5
        },
        "diversity": {
            "mean": 1.0,
            "std": 0.0,
            "num_values": 5
        }
    },
    "a Brazilian": {
        "IOU Divergence": {
            "mean": 0.7660689655172414,
            "std": 0.19727822178217308,
            "num_values": 5
        },
        "SERP MS Divergence": {
            "mean": 0.5728320802005012,
            "std": 0.3507368713328498,
            "num_values": 5
        },
        "Pragmatic Divergence": {
            "mean": 0.6253801169590643,
            "std": 0.3096773893851343,
            "num_values": 5
        },
        "mean_rank": {
            "mean": 131.12904135338346,
            "std": 77.27970254114183,
            "num_values": 5
        },
        "diversity": {
            "mean": 0.99,
            "std": 0.020000000000000018,
            "num_values": 5
        }
    },
    "a British": {
        "IOU Divergence": {
            "mean": 0.737037037037037,
            "std": 0.21861266019812894,
            "num_values": 5
        },
        "SERP MS Divergence": {
            "mean": 0.5245614035087719,
            "std": 0.39106547431308236,
            "num_values": 5
        },
        "Pragmatic Divergence": {
            "mean": 0.5529824561403509,
            "std": 0.36846683090694715,
            "num_values": 5
        },
        "mean_rank": {
            "mean": 126.77280701754384,
            "std": 75.94510819965701,
            "num_values": 5
        },
        "diversity": {
            "mean": 0.9494736842105264,
            "std": 0.031640291295135015,
            "num_values": 5
        }
    },
    "a Chinese": {
        "IOU Divergence": {
            "mean": 0.5898528138528139,
            "std": 0.15762440997642363,
            "num_values": 5
        },
        "SERP MS Divergence": {
            "mean": 0.3121303258145363,
            "std": 0.18350907999281343,
            "num_values": 5
        },
        "Pragmatic Divergence": {
            "mean": 0.32783625730994154,
            "std": 0.18054502182971674,
            "num_values": 5
        },
        "mean_rank": {
            "mean": 63.46028708133972,
            "std": 12.191893584624957,
            "num_values": 5
        },
        "diversity": {
            "mean": 1.0,
            "std": 0.0,
            "num_values": 5
        }
    },
    "a French": {
        "IOU Divergence": {
            "mean": 0.9512606497900615,
            "std": 0.03713143546134514,
            "num_values": 4
        },
        "SERP MS Divergence": {
            "mean": 0.8952380952380952,
            "std": 0.0861760050993041,
            "num_values": 4
        },
        "Pragmatic Divergence": {
            "mean": 0.8960526315789472,
            "std": 0.08522213113005937,
            "num_values": 4
        },
        "mean_rank": {
            "mean": 172.36466165413532,
            "std": 48.06125815945468,
            "num_values": 4
        },
        "diversity": {
            "mean": 0.9868421052631579,
            "std": 0.02279014220485367,
            "num_values": 4
        }
    },
    "a German": {
        "IOU Divergence": {
            "mean": 0.8583564443146987,
            "std": 0.1692296789658773,
            "num_values": 5
        },
        "SERP MS Divergence": {
            "mean": 0.7692230576441103,
            "std": 0.2629455355126106,
            "num_values": 5
        },
        "Pragmatic Divergence": {
            "mean": 0.7844444444444444,
            "std": 0.2478201121279374,
            "num_values": 5
        },
        "mean_rank": {
            "mean": 98.69327485380116,
            "std": 46.98409116220614,
            "num_values": 5
        },
        "diversity": {
            "mean": 0.9559210526315789,
            "std": 0.04010460698454782,
            "num_values": 5
        }
    },
    "a Japanese": {
        "IOU Divergence": {
            "mean": 0.8207368421052632,
            "std": 0.1876959109543311,
            "num_values": 5
        },
        "SERP MS Divergence": {
            "mean": 0.7349373433583961,
            "std": 0.27871506944659635,
            "num_values": 5
        },
        "Pragmatic Divergence": {
            "mean": 0.7723976608187135,
            "std": 0.229867085332794,
            "num_values": 5
        },
        "mean_rank": {
            "mean": 108.35507395940833,
            "std": 80.19043310736501,
            "num_values": 5
        },
        "diversity": {
            "mean": 0.9894736842105264,
            "std": 0.02105263157894739,
            "num_values": 5
        }
    },
    "a girl": {
        "IOU Divergence": {
            "mean": 0.9134693677343405,
            "std": 0.14687516267721462,
            "num_values": 5
        },
        "SERP MS Divergence": {
            "mean": 0.8921303258145363,
            "std": 0.1714577061232274,
            "num_values": 5
        },
        "Pragmatic Divergence": {
            "mean": 0.9260818713450292,
            "std": 0.10518814741283244,
            "num_values": 5
        },
        "mean_rank": {
            "mean": 94.61736842105263,
            "std": 47.181470833662026,
            "num_values": 5
        },
        "diversity": {
            "mean": 0.99,
            "std": 0.020000000000000018,
            "num_values": 5
        }
    },
    "a boy": {
        "IOU Divergence": {
            "mean": 0.5069722491695329,
            "std": 0.19751778379453647,
            "num_values": 5
        },
        "SERP MS Divergence": {
            "mean": 0.2920300751879699,
            "std": 0.16706680442256538,
            "num_values": 5
        },
        "Pragmatic Divergence": {
            "mean": 0.3469005847953216,
            "std": 0.14538223406267356,
            "num_values": 5
        },
        "mean_rank": {
            "mean": 57.59707602339181,
            "std": 22.605113528163233,
            "num_values": 5
        },
        "diversity": {
            "mean": 0.99,
            "std": 0.020000000000000018,
            "num_values": 5
        }
    },
    "a female": {
        "IOU Divergence": {
            "mean": 0.9433687557526567,
            "std": 0.06231093274542534,
            "num_values": 5
        },
        "SERP MS Divergence": {
            "mean": 0.8586967418546365,
            "std": 0.16797869763463247,
            "num_values": 5
        },
        "Pragmatic Divergence": {
            "mean": 0.8585964912280701,
            "std": 0.16910533505148417,
            "num_values": 5
        },
        "mean_rank": {
            "mean": 89.07631578947368,
            "std": 52.00686828708753,
            "num_values": 5
        },
        "diversity": {
            "mean": 0.97,
            "std": 0.039999999999999994,
            "num_values": 5
        }
    },
    "a male": {
        "IOU Divergence": {
            "mean": 0.6158271094867314,
            "std": 0.06917034827568272,
            "num_values": 5
        },
        "SERP MS Divergence": {
            "mean": 0.2815037593984962,