{
    "neutral": {
        "mean_rank": {
            "mean": 12.968421052631578,
            "std": 0.16842105263157875,
            "num_values": 5
        },
        "diversity": {
            "mean": 1.0,
            "std": 0.0,
            "num_values": 5
        }
    },
    "an American": {
        "IOU Divergence": {
            "mean": 0.2980392156862745,
            "std": 0.3683770530452511,
            "num_values": 5
        },
        "SERP MS Divergence": {
            "mean": 0.23619047619047615,
            "std": 0.29277931602344526,
            "num_values": 5
        },
        "Pragmatic Divergence": {
            "mean": 0.25684210526315787,
            "std": 0.3156912127827679,
            "num_values": 5
        },
        "mean_rank": {
            "mean": 29.915789473684214,
            "std": 27.86100443033302,
            "num_values": 5
        },
        "diversity": {
            "mean": 1.0,
            "std": 0.0,
            "num_values": 5
        }
    },
    "a Brazilian": {
        "IOU Divergence": {
            "mean": 0.8127357162960879,
            "std": 0.10375211826050355,
            "num_values": 5
        },
        "SERP MS Divergence": {
            "mean": 0.6876190476190477,
            "std": 0.20476411958935045,
            "num_values": 5
        },
        "Pragmatic Divergence": {
            "mean": 0.7294736842105264,
            "std": 0.17744258952173034,
            "num_values": 5
        },
        "mean_rank": {
            "mean": 73.89442724458203,
            "std": 44.90053117808079,
            "num_values": 5
        },
        "diversity": {
            "mean": 1.0,
            "std": 0.0,
            "num_values": 5
        }
    },
    "a British": {
        "IOU Divergence": {
            "mean": 0.8342778466617476,
            "std": 0.10547146683518681,
            "num_values": 5
        },
        "SERP MS Divergence": {
            "mean": 0.7371428571428572,
            "std": 0.1483514855513962,
            "num_values": 5
        },
        "Pragmatic Divergence": {
            "mean": 0.7442105263157894,
            "std": 0.14504178402644324,
            "num_values": 5
        },
        "mean_rank": {
            "mean": 68.67210526315789,
            "std": 31.29268216917048,
            "num_values": 5
        },
        "diversity": {
            "mean": 1.0,
            "std": 0.0,
            "num_values": 5
        }
    },
    "a Chinese": {
        "IOU Divergence": {
            "mean": 0.7941558441558442,
            "std": 0.03474278827226549,
            "num_values": 5
        },
        "SERP MS Divergence": {
            "mean": 0.6714285714285715,
            "std": 0.11460273490660056,
            "num_values": 5
        },
        "Pragmatic Divergence": {
            "mean": 0.7221052631578948,
            "std": 0.10951416255696801,
            "num_values": 5
        },
        "mean_rank": {
            "mean": 33.07052631578947,
            "std": 1.3306512266482948,
            "num_values": 5
        },
        "diversity": {
            "mean": 1.0,
            "std": 0.0,
            "num_values": 5
        }
    },
    "a French": {
        "IOU Divergence": {
            "mean": 0.8949300334168754,
            "std": 0.07506929930570873,
            "num_values": 5
        },
        "SERP MS Divergence": {
            "mean": 0.8295238095238096,
            "std": 0.12134544306766525,
            "num_values": 5
        },
        "Pragmatic Divergence": {
            "mean": 0.8368421052631578,
            "std": 0.11564584393239802,
            "num_values": 5
        },
        "mean_rank": {
            "mean": 59.51526315789474,
            "std": 27.309679896814643,
            "num_values": 5
        },
        "diversity": {
            "mean": 1.0,
            "std": 0.0,
            "num_values": 5
        }
    },
    "a German": {
        "IOU Divergence": {
            "mean": 0.8799439775910363,
            "std": 0.0358689352303461,
            "num_values": 5
        },
        "SERP MS Divergence": {
            "mean": 0.82,
            "std": 0.039429031513303715,
            "num_values": 5
        },
        "Pragmatic Divergence": {
            "mean": 0.8336842105263159,
            "std": 0.03988904278209773,
            "num_values": 5
        },
        "mean_rank": {
            "mean": 64.12684210526315,
            "std": 21.755677604552815,
            "num_values": 5
        },
        "diversity": {
            "mean": 0.99,
            "std": 0.020000000000000018,
            "num_values": 5
        }
    },
    "a Japanese": {
        "IOU Divergence": {
            "mean": 0.8231892924697451,
            "std": 0.13010428126468648,
            "num_values": 5
        },
        "SERP MS Divergence": {
            "mean": 0.7714285714285716,
            "std": 0.13210316864304533,
            "num_values": 5
        },
        "Pragmatic Divergence": {
            "mean": 0.7884210526315789,
            "std": 0.12045159715677384,
            "num_values": 5
        },
        "mean_rank": {
            "mean": 46.92,
            "std": 23.91408789814071,
            "num_values": 5
        },
        "diversity": {
            "mean": 1.0,
            "std": 0.0,
            "num_values": 5
        }
    },
    "a girl": {
        "IOU Divergence": {
            "mean": 0.811300505050505,
            "std": 0.04642294049435508,
            "num_values": 5
        },
        "SERP MS Divergence": {
            "mean": 0.7733333333333334,
            "std": 0.0551723746969914,
            "num_values": 5
        },
        "Pragmatic Divergence": {
            "mean": 0.8315789473684211,
            "std": 0.03410916157056771,
            "num_values": 5
        },
        "mean_rank": {
            "mean": 43.13526315789474,
            "std": 7.371461703449958,
            "num_values": 5
        },
        "diversity": {
            "mean": 0.99,
            "std": 0.020000000000000018,
            "num_values": 5
        }
    },
    "a boy": {
        "IOU Divergence": {
            "mean": 0.8385381332749754,
            "std": 0.18890810657642204,
            "num_values": 5
        },
        "SERP MS Divergence": {
            "mean": 0.6780952380952382,
            "std": 0.29311989761259344,
            "num_values": 5
        },
        "Pragmatic Divergence": {
            "mean": 0.6694736842105262,
            "std": 0.29986885406772273,
            "num_values": 5
        },
        "mean_rank": {
            "mean": 46.58105263157895,
            "std": 15.973355879743677,
            "num_values": 5
        },
        "diversity": {
            "mean": 1.0,
            "std": 0.0,
            "num_values": 5
        }
    },
    "a female": {
        "IOU Divergence": {
            "mean": 0.7845761765116605,
            "std": 0.0514033176702389,
            "num_values": 5
        },
        "SERP MS Divergence": {
            "mean": 0.6752380952380952,
            "std": 0.07293024654886342,
            "num_values": 5
        },
        "Pragmatic Divergence": {
            "mean": 0.72,
            "std": 0.04997506303355459,
            "num_values": 5
        },
        "mean_rank": {
            "mean": 43.11368421052632,
            "std": 10.957173164977956,
            "num_values": 5
        },
        "diversity": {
            "mean": 1.0,
            "std": 0.0,
            "num_values": 5
        }
    },
    "a male": {
        "IOU Divergence": {
            "mean": 0.7572022748493337,
            "std": 0.18264200171610692,
            "num_values": 5
        },
        "SERP MS Divergence": {
            "mean": 0.5942857142857143,
            "std": 0.15702448644209482,
            "num_values": 5
        },
        "Pragmatic Divergence": {
            "mean": 0.5926315789473684,
            "std": 0.1525989075740642,
            "num_values": 5
        },