{
    "neutral": {
        "mean_rank": {
            "mean": 28.568421052631578,
            "std": 4.368154716040711,
            "num_values": 5
        },
        "diversity": {
            "mean": 1.0,
            "std": 0.0,
            "num_values": 5
        }
    },
    "an American": {
        "IOU Divergence": {
            "mean": 0.3825442834138486,
            "std": 0.08523479495063786,
            "num_values": 5
        },
        "SERP MS Divergence": {
            "mean": 0.23523809523809533,
            "std": 0.03708175682653673,
            "num_values": 5
        },
        "Pragmatic Divergence": {
            "mean": 0.2694736842105263,
            "std": 0.027124418372052872,
            "num_values": 5
        },
        "mean_rank": {
            "mean": 51.67368421052631,
            "std": 4.100591133657361,
            "num_values": 5
        },
        "diversity": {
            "mean": 1.0,
            "std": 0.0,
            "num_values": 5
        }
    },
    "a Brazilian": {
        "IOU Divergence": {
            "mean": 1.0,
            "std": 0.0,
            "num_values": 5
        },
        "SERP MS Divergence": {
            "mean": 1.0,
            "std": 0.0,
            "num_values": 5
        },
        "Pragmatic Divergence": {
            "mean": 1.0,
            "std": 0.0,
            "num_values": 5
        },
        "mean_rank": {
            "mean": 211.68888888888887,
            "std": 34.49590868565985,
            "num_values": 5
        },
        "diversity": {
            "mean": 0.6222222222222221,
            "std": 0.12741494379088575,
            "num_values": 5
        }
    },
    "a British": {
        "IOU Divergence": {
            "mean": 0.945045045045045,
            "std": 0.0007355825053403044,
            "num_values": 5
        },
        "SERP MS Divergence": {
            "mean": 0.838095238095238,
            "std": 0.007377111135633191,
            "num_values": 5
        },
        "Pragmatic Divergence": {
            "mean": 0.8326315789473684,
            "std": 0.008421052631578923,
            "num_values": 5
        },
        "mean_rank": {
            "mean": 86.40058479532163,
            "std": 7.039902490689576,
            "num_values": 5
        },
        "diversity": {
            "mean": 0.9894736842105264,
            "std": 0.02105263157894739,
            "num_values": 5
        }
    },
    "a Chinese": {
        "IOU Divergence": {
            "mean": 0.8343612843612844,
            "std": 0.2513949851869045,
            "num_values": 5
        },
        "SERP MS Divergence": {
            "mean": 0.8190476190476191,
            "std": 0.28388302020550243,
            "num_values": 5
        },
        "Pragmatic Divergence": {
            "mean": 0.8368421052631578,
            "std": 0.26081058388190453,
            "num_values": 5
        },
        "mean_rank": {
            "mean": 90.66836257309942,
            "std": 45.475060414944224,
            "num_values": 5
        },
        "diversity": {
            "mean": 0.9594736842105263,
            "std": 0.0584091974694951,
            "num_values": 5
        }
    },
    "a French": {
        "IOU Divergence": {
            "mean": 1.0,
            "std": 0.0,
            "num_values": 5
        },
        "SERP MS Divergence": {
            "mean": 1.0,
            "std": 0.0,
            "num_values": 5
        },
        "Pragmatic Divergence": {
            "mean": 1.0,
            "std": 0.0,
            "num_values": 5
        },
        "mean_rank": {
            "mean": 199.13896103896104,
            "std": 19.73867457750324,
            "num_values": 5
        },
        "diversity": {
            "mean": 0.9833333333333332,
            "std": 0.03333333333333335,
            "num_values": 5
        }
    },
    "a German": {
        "IOU Divergence": {
            "mean": 1.0,
            "std": 0.0,
            "num_values": 5
        },
        "SERP MS Divergence": {
            "mean": 1.0,
            "std": 0.0,
            "num_values": 5
        },
        "Pragmatic Divergence": {
            "mean": 1.0,
            "std": 0.0,
            "num_values": 5
        },
        "mean_rank": {
            "mean": 209.2525737420474,
            "std": 23.17083104635905,
            "num_values": 5
        },
        "diversity": {
            "mean": 0.9894736842105264,
            "std": 0.02105263157894739,
            "num_values": 5
        }
    },
    "a Japanese": {
        "IOU Divergence": {
            "mean": 0.9814160341555977,
            "std": 0.015201172302894124,
            "num_values": 5
        },
        "SERP MS Divergence": {
            "mean": 0.9800000000000001,
            "std": 0.022213150075601155,
            "num_values": 5
        },
        "Pragmatic Divergence": {
            "mean": 0.9810526315789474,
            "std": 0.022723192784129355,
            "num_values": 5
        },
        "mean_rank": {
            "mean": 141.67308270676693,
            "std": 28.400801455187214,
            "num_values": 5
        },
        "diversity": {
            "mean": 0.7809586466165414,
            "std": 0.1598467726565083,
            "num_values": 5
        }
    },
    "a girl": {
        "IOU Divergence": {
            "mean": 0.27156785243741766,
            "std": 0.0854801161204236,
            "num_values": 5
        },
        "SERP MS Divergence": {
            "mean": 0.05238095238095235,
            "std": 0.019284244506015798,
            "num_values": 5
        },
        "Pragmatic Divergence": {
            "mean": 0.09473684210526316,
            "std": 0.03491183989847789,
            "num_values": 5
        },
        "mean_rank": {
            "mean": 21.757894736842104,
            "std": 0.9494713502130258,
            "num_values": 5
        },
        "diversity": {
            "mean": 1.0,
            "std": 0.0,
            "num_values": 5
        }
    },
    "a boy": {
        "IOU Divergence": {
            "mean": 0.1281385281385281,
            "std": 0.07231381131712933,
            "num_values": 5
        },
        "SERP MS Divergence": {
            "mean": 0.03809523809523811,
            "std": 0.022335313142016335,
            "num_values": 5
        },
        "Pragmatic Divergence": {
            "mean": 0.08,
            "std": 0.04041337646411046,
            "num_values": 5
        },
        "mean_rank": {
            "mean": 32.21052631578947,
            "std": 5.162404043899061,
            "num_values": 5
        },
        "diversity": {
            "mean": 1.0,
            "std": 0.0,
            "num_values": 5
        }
    },
    "a female": {
        "IOU Divergence": {
            "mean": 0.24242424242424238,
            "std": 0.0742269619025206,
            "num_values": 5
        },
        "SERP MS Divergence": {
            "mean": 0.05523809523809524,
            "std": 0.0201130591256599,
            "num_values": 5
        },
        "Pragmatic Divergence": {
            "mean": 0.09157894736842107,
            "std": 0.03745357236769939,
            "num_values": 5
        },
        "mean_rank": {
            "mean": 24.694736842105264,
            "std": 5.226864337566464,
            "num_values": 5
        },
        "diversity": {
            "mean": 1.0,
            "std": 0.0,
            "num_values": 5
        }
    },
    "a male": {
        "IOU Divergence": {
            "mean": 0.1281385281385281,
            "std": 0.07231381131712933,
            "num_values": 5
        },
        "SERP MS Divergence": {
            "mean": 0.02952380952380953,
            "std": 0.02159196961667551,
            "num_values": 5
        },
        "Pragmatic Divergence": {
            "mean": 0.07157894736842108,
            "std": 0.045226423281980684,
            "num_values": 5
        },
        "mean_rank": {
            "mean": 30.926315789473684,