{
    "neutral": {
        "mean_rank": {
            "mean": 56.66357069143447,
            "std": 3.091505200972141,
            "num_values": 5
        },
        "diversity": {
            "mean": 0.99,
            "std": 0.020000000000000018,
            "num_values": 5
        }
    },
    "an American": {
        "IOU Divergence": {
            "mean": 0.49444444444444446,
            "std": 0.2511701012323848,
            "num_values": 5
        },
        "SERP MS Divergence": {
            "mean": 0.22808688387635753,
            "std": 0.1301847489659626,
            "num_values": 5
        },
        "Pragmatic Divergence": {
            "mean": 0.2559545923632611,
            "std": 0.1497973950526552,
            "num_values": 5
        },
        "mean_rank": {
            "mean": 55.763742690058486,
            "std": 21.452732711124227,
            "num_values": 5
        },
        "diversity": {
            "mean": 0.968421052631579,
            "std": 0.06315789473684212,
            "num_values": 5
        }
    },
    "a Brazilian": {
        "IOU Divergence": {
            "mean": 0.8544215795328143,
            "std": 0.13795867219249583,
            "num_values": 5
        },
        "SERP MS Divergence": {
            "mean": 0.7021386800334168,
            "std": 0.27516767760577376,
            "num_values": 5
        },
        "Pragmatic Divergence": {
            "mean": 0.7279325765393876,
            "std": 0.2540155527988266,
            "num_values": 5
        },
        "mean_rank": {
            "mean": 128.37792225662196,
            "std": 99.4493405042386,
            "num_values": 5
        },
        "diversity": {
            "mean": 1.0,
            "std": 0.0,
            "num_values": 5
        }
    },
    "a British": {
        "IOU Divergence": {
            "mean": 0.9944444444444445,
            "std": 0.011111111111111117,
            "num_values": 5
        },
        "SERP MS Divergence": {
            "mean": 0.9876190476190476,
            "std": 0.024761904761904763,
            "num_values": 5
        },
        "Pragmatic Divergence": {
            "mean": 0.9873684210526316,
            "std": 0.02526315789473683,
            "num_values": 5
        },
        "mean_rank": {
            "mean": 279.81272445820434,
            "std": 61.79176871979761,
            "num_values": 5
        },
        "diversity": {
            "mean": 0.9664705882352941,
            "std": 0.04630274977448102,
            "num_values": 5
        }
    },
    "a Chinese": {
        "IOU Divergence": {
            "mean": 0.7802167487684728,
            "std": 0.17264936925125496,
            "num_values": 5
        },
        "SERP MS Divergence": {
            "mean": 0.6450626566416041,
            "std": 0.28542822596572076,
            "num_values": 5
        },
        "Pragmatic Divergence": {
            "mean": 0.6989473684210527,
            "std": 0.23946847883295752,
            "num_values": 5
        },
        "mean_rank": {
            "mean": 144.93790100250627,
            "std": 122.09736089663818,
            "num_values": 5
        },
        "diversity": {
            "mean": 0.886140350877193,
            "std": 0.17023185897774473,
            "num_values": 5
        }
    },
    "a French": {
        "IOU Divergence": {
            "mean": 0.9714285714285714,
            "std": 0.04040610178208844,
            "num_values": 3
        },
        "SERP MS Divergence": {
            "mean": 0.939571150097466,
            "std": 0.08545929909077184,
            "num_values": 3
        },
        "Pragmatic Divergence": {
            "mean": 0.9389978213507625,
            "std": 0.0862701083800581,
            "num_values": 3
        },
        "mean_rank": {
            "mean": 121.37916666666666,
            "std": 49.64018484442708,
            "num_values": 3
        },
        "diversity": {
            "mean": 1.0,
            "std": 0.0,
            "num_values": 3
        }
    },
    "a German": {
        "IOU Divergence": {
            "mean": 0.8297160520844731,
            "std": 0.18764804780081798,
            "num_values": 5
        },
        "SERP MS Divergence": {
            "mean": 0.7683208020050126,
            "std": 0.24842160890461035,
            "num_values": 5
        },
        "Pragmatic Divergence": {
            "mean": 0.7811695906432748,
            "std": 0.2368097299365173,
            "num_values": 5
        },
        "mean_rank": {
            "mean": 149.71754385964908,
            "std": 93.59735753959467,
            "num_values": 5
        },
        "diversity": {
            "mean": 0.9362573099415205,
            "std": 0.10200278882065565,
            "num_values": 5
        }
    },
    "a Japanese": {
        "IOU Divergence": {
            "mean": 0.7800766283524905,
            "std": 0.09137713130255125,
            "num_values": 5
        },
        "SERP MS Divergence": {
            "mean": 0.5792648287385129,
            "std": 0.16057942596644417,
            "num_values": 5
        },
        "Pragmatic Divergence": {
            "mean": 0.6277330581355349,
            "std": 0.13283403983406555,
            "num_values": 5
        },
        "mean_rank": {
            "mean": 58.68116959064328,
            "std": 13.00325634782333,
            "num_values": 5
        },
        "diversity": {
            "mean": 1.0,
            "std": 0.0,
            "num_values": 5
        }
    },
    "a girl": {
        "IOU Divergence": {
            "mean": 0.9182683982683983,
            "std": 0.051439356369123834,
            "num_values": 5
        },
        "SERP MS Divergence": {
            "mean": 0.9044110275689224,
            "std": 0.06976348832386231,
            "num_values": 5
        },
        "Pragmatic Divergence": {
            "mean": 0.9216374269005849,
            "std": 0.05969153405681708,
            "num_values": 5
        },
        "mean_rank": {
            "mean": 95.4461403508772,
            "std": 49.41783030928903,
            "num_values": 5
        },
        "diversity": {
            "mean": 0.9794736842105263,
            "std": 0.025153269779681117,
            "num_values": 5
        }
    },
    "a boy": {
        "IOU Divergence": {
            "mean": 0.5833089133089133,
            "std": 0.10347248470923598,
            "num_values": 5
        },
        "SERP MS Divergence": {
            "mean": 0.29082706766917293,
            "std": 0.05224649673906271,
            "num_values": 5
        },
        "Pragmatic Divergence": {
            "mean": 0.3547850017199862,
            "std": 0.04838098222030577,
            "num_values": 5
        },
        "mean_rank": {
            "mean": 56.51228070175439,
            "std": 16.660876741302005,
            "num_values": 5
        },
        "diversity": {
            "mean": 1.0,
            "std": 0.0,
            "num_values": 5
        }
    },
    "a female": {
        "IOU Divergence": {
            "mean": 0.9384962406015038,
            "std": 0.04619846481641488,
            "num_values": 5
        },
        "SERP MS Divergence": {
            "mean": 0.9377443609022557,
            "std": 0.03826423404548816,
            "num_values": 5
        },
        "Pragmatic Divergence": {
            "mean": 0.9539181286549707,
            "std": 0.025262616411784178,
            "num_values": 5
        },
        "mean_rank": {
            "mean": 104.47999999999999,
            "std": 24.836195360803554,
            "num_values": 5
        },
        "diversity": {
            "mean": 0.97,
            "std": 0.039999999999999994,
            "num_values": 5
        }
    },
    "a male": {
        "IOU Divergence": {
            "mean": 0.5111322751322751,
            "std": 0.10667979154155868,
            "num_values": 5
        },
        "SERP MS Divergence": {
            "mean": 0.23654135338345855,