{
    "neutral": {
        "mean_rank": {
            "mean": 47.75546365914787,
            "std": 4.489003040129804,
            "num_values": 5
        },
        "diversity": {
            "mean": 1.0,
            "std": 0.0,
            "num_values": 5
        }
    },
    "an American": {
        "IOU Divergence": {
            "mean": 0.4683543911804782,
            "std": 0.14635502048463586,
            "num_values": 5
        },
        "SERP MS Divergence": {
            "mean": 0.16910609857978284,
            "std": 0.06667854576820051,
            "num_values": 5
        },
        "Pragmatic Divergence": {
            "mean": 0.19881090357870543,
            "std": 0.06861286244915848,
            "num_values": 5
        },
        "mean_rank": {
            "mean": 36.75618851049192,
            "std": 7.059724894777324,
            "num_values": 5
        },
        "diversity": {
            "mean": 0.99,
            "std": 0.020000000000000018,
            "num_values": 5
        }
    },
    "a Brazilian": {
        "IOU Divergence": {
            "mean": 0.6286650386650386,
            "std": 0.08114472318911448,
            "num_values": 5
        },
        "SERP MS Divergence": {
            "mean": 0.3011528822055138,
            "std": 0.06707782084102837,
            "num_values": 5
        },
        "Pragmatic Divergence": {
            "mean": 0.3646568154927288,
            "std": 0.05877224677807252,
            "num_values": 5
        },
        "mean_rank": {
            "mean": 32.1374269005848,
            "std": 8.23552283671803,
            "num_values": 5
        },
        "diversity": {
            "mean": 1.0,
            "std": 0.0,
            "num_values": 5
        }
    },
    "a British": {
        "IOU Divergence": {
            "mean": 0.6274914740431982,
            "std": 0.0909067517486572,
            "num_values": 5
        },
        "SERP MS Divergence": {
            "mean": 0.3286215538847118,
            "std": 0.10124660640521324,
            "num_values": 5
        },
        "Pragmatic Divergence": {
            "mean": 0.3579430476644099,
            "std": 0.11316106563750085,
            "num_values": 5
        },
        "mean_rank": {
            "mean": 71.8193567251462,
            "std": 9.936968996640278,
            "num_values": 5
        },
        "diversity": {
            "mean": 0.99,
            "std": 0.020000000000000018,
            "num_values": 5
        }
    },
    "a Chinese": {
        "IOU Divergence": {
            "mean": 0.7368527052398021,
            "std": 0.14482054740810252,
            "num_values": 5
        },
        "SERP MS Divergence": {
            "mean": 0.5673182957393484,
            "std": 0.28140908910862006,
            "num_values": 5
        },
        "Pragmatic Divergence": {
            "mean": 0.5600965460408185,
            "std": 0.14372683236500433,
            "num_values": 5
        },
        "mean_rank": {
            "mean": 54.30842105263157,
            "std": 18.14161309701463,
            "num_values": 5
        },
        "diversity": {
            "mean": 1.0,
            "std": 0.0,
            "num_values": 5
        }
    },
    "a French": {
        "IOU Divergence": {
            "mean": 0.985070785070785,
            "std": 0.01940941314955868,
            "num_values": 5
        },
        "SERP MS Divergence": {
            "mean": 0.9800000000000001,
            "std": 0.028711961467338645,
            "num_values": 5
        },
        "Pragmatic Divergence": {
            "mean": 0.9801169590643275,
            "std": 0.029495953714429195,
            "num_values": 5
        },
        "mean_rank": {
            "mean": 155.1061904761905,
            "std": 19.39773414076805,
            "num_values": 5
        },
        "diversity": {
            "mean": 0.8709523809523809,
            "std": 0.16166929656322246,
            "num_values": 5
        }
    },
    "a German": {
        "IOU Divergence": {
            "mean": 0.7051453181597787,
            "std": 0.07396214107801836,
            "num_values": 5
        },
        "SERP MS Divergence": {
            "mean": 0.4160066833751045,
            "std": 0.14981151476353305,
            "num_values": 5
        },
        "Pragmatic Divergence": {
            "mean": 0.4637156239013825,
            "std": 0.13355827613602375,
            "num_values": 5
        },
        "mean_rank": {
            "mean": 87.87941176470588,
            "std": 19.068753041574414,
            "num_values": 5
        },
        "diversity": {
            "mean": 0.99,
            "std": 0.020000000000000018,
            "num_values": 5
        }
    },
    "a Japanese": {
        "IOU Divergence": {
            "mean": 0.9886217948717949,
            "std": 0.014047825000519957,
            "num_values": 5
        },
        "SERP MS Divergence": {
            "mean": 0.9923809523809524,
            "std": 0.011106575037800574,
            "num_values": 5
        },
        "Pragmatic Divergence": {
            "mean": 0.9947368421052631,
            "std": 0.010526315789473672,
            "num_values": 5
        },
        "mean_rank": {
            "mean": 106.43039473684212,
            "std": 24.217063864189154,
            "num_values": 5
        },
        "diversity": {
            "mean": 1.0,
            "std": 0.0,
            "num_values": 5
        }
    },
    "a girl": {
        "IOU Divergence": {
            "mean": 0.9939393939393939,
            "std": 0.01212121212121211,
            "num_values": 5
        },
        "SERP MS Divergence": {
            "mean": 1.0,
            "std": 0.0,
            "num_values": 5
        },
        "Pragmatic Divergence": {
            "mean": 1.0,
            "std": 0.0,
            "num_values": 5
        },
        "mean_rank": {
            "mean": 112.0324812030075,
            "std": 11.352134466975826,
            "num_values": 5
        },
        "diversity": {
            "mean": 0.9894736842105264,
            "std": 0.02105263157894739,
            "num_values": 5
        }
    },
    "a boy": {
        "IOU Divergence": {
            "mean": 0.7475466200466201,
            "std": 0.11605228234222076,
            "num_values": 5
        },
        "SERP MS Divergence": {
            "mean": 0.5596992481203008,
            "std": 0.1592721398268837,
            "num_values": 5
        },
        "Pragmatic Divergence": {
            "mean": 0.6441671297398852,
            "std": 0.1163571741856446,
            "num_values": 5
        },
        "mean_rank": {
            "mean": 41.757275541795664,
            "std": 17.450545356137717,
            "num_values": 5
        },
        "diversity": {
            "mean": 1.0,
            "std": 0.0,
            "num_values": 5
        }
    },
    "a female": {
        "IOU Divergence": {
            "mean": 0.9288253968253969,
            "std": 0.0297373401270727,
            "num_values": 5
        },
        "SERP MS Divergence": {
            "mean": 0.8564243943191313,
            "std": 0.12351571324077208,
            "num_values": 5
        },
        "Pragmatic Divergence": {
            "mean": 0.858046095631235,
            "std": 0.12938646188388755,
            "num_values": 5
        },
        "mean_rank": {
            "mean": 82.61385964912282,
            "std": 29.814452163894934,
            "num_values": 5
        },
        "diversity": {
            "mean": 1.0,
            "std": 0.0,
            "num_values": 5
        }
    },
    "a male": {
        "IOU Divergence": {
            "mean": 0.5640626780626781,
            "std": 0.1569018679015813,
            "num_values": 5
        },
        "SERP MS Divergence": {
            "mean": 0.29572263993316633,
            "std": 0.1741635041021173,
            "num_values": 5
        },
        "Pragmatic Divergence": {
            "mean": 0.3747628498092895,