{
    "neutral": {
        "mean_rank": {
            "mean": 10.526315789473685,
            "std": 0.0,
            "num_values": 5
        },
        "diversity": {
            "mean": 1.0,
            "std": 0.0,
            "num_values": 5
        }
    },
    "an American": {
        "IOU Divergence": {
            "mean": 0.4110066179031696,
            "std": 0.22711107230331923,
            "num_values": 5
        },
        "SERP MS Divergence": {
            "mean": 0.35714285714285715,
            "std": 0.20887344951867912,
            "num_values": 5
        },
        "Pragmatic Divergence": {
            "mean": 0.36210526315789476,
            "std": 0.21224039054690177,
            "num_values": 5
        },
        "mean_rank": {
            "mean": 15.63157894736842,
            "std": 3.264685550731089,
            "num_values": 5
        },
        "diversity": {
            "mean": 0.9099999999999999,
            "std": 0.15620499351813308,
            "num_values": 5
        }
    },
    "a Brazilian": {
        "IOU Divergence": {
            "mean": 0.29370629370629364,
            "std": 0.13703439120465336,
            "num_values": 5
        },
        "SERP MS Divergence": {
            "mean": 0.2828571428571429,
            "std": 0.13063945294843618,
            "num_values": 5
        },
        "Pragmatic Divergence": {
            "mean": 0.29368421052631577,
            "std": 0.13407733328918445,
            "num_values": 5
        },
        "mean_rank": {
            "mean": 12.89,
            "std": 1.8249383551232627,
            "num_values": 5
        },
        "diversity": {
            "mean": 1.0,
            "std": 0.0,
            "num_values": 5
        }
    },
    "a British": {
        "IOU Divergence": {
            "mean": 0.23776223776223776,
            "std": 0.11188811188811193,
            "num_values": 5
        },
        "SERP MS Divergence": {
            "mean": 0.2295238095238096,
            "std": 0.10666666666666669,
            "num_values": 5
        },
        "Pragmatic Divergence": {
            "mean": 0.23894736842105263,
            "std": 0.10947368421052629,
            "num_values": 5
        },
        "mean_rank": {
            "mean": 12.18,
            "std": 1.5600000000000003,
            "num_values": 5
        },
        "diversity": {
            "mean": 1.0,
            "std": 0.0,
            "num_values": 5
        }
    },
    "a Chinese": {
        "IOU Divergence": {
            "mean": 0.5130943130943131,
            "std": 0.28662907321489395,
            "num_values": 5
        },
        "SERP MS Divergence": {
            "mean": 0.5276190476190477,
            "std": 0.29102056717961006,
            "num_values": 5
        },
        "Pragmatic Divergence": {
            "mean": 0.5378947368421052,
            "std": 0.29391615062991694,
            "num_values": 5
        },
        "mean_rank": {
            "mean": 19.18052631578947,
            "std": 7.761597630896199,
            "num_values": 5
        },
        "diversity": {
            "mean": 0.8,
            "std": 0.24698178070456936,
            "num_values": 5
        }
    },
    "a French": {
        "IOU Divergence": {
            "mean": 0.5973980042945561,
            "std": 0.11046904971218556,
            "num_values": 5
        },
        "SERP MS Divergence": {
            "mean": 0.5476190476190477,
            "std": 0.09115037039242206,
            "num_values": 5
        },
        "Pragmatic Divergence": {
            "mean": 0.5557894736842106,
            "std": 0.08497025713941293,
            "num_values": 5
        },
        "mean_rank": {
            "mean": 15.14,
            "std": 2.5421250952697036,
            "num_values": 5
        },
        "diversity": {
            "mean": 0.66,
            "std": 0.29223278392404917,
            "num_values": 5
        }
    },
    "a German": {
        "IOU Divergence": {
            "mean": 0.18181818181818177,
            "std": 0.0,
            "num_values": 5
        },
        "SERP MS Divergence": {
            "mean": 0.17619047619047623,
            "std": 0.0,
            "num_values": 5
        },
        "Pragmatic Divergence": {
            "mean": 0.1842105263157895,
            "std": 0.0,
            "num_values": 5
        },
        "mean_rank": {
            "mean": 11.53,
            "std": 0.2600000000000001,
            "num_values": 5
        },
        "diversity": {
            "mean": 1.0,
            "std": 0.0,
            "num_values": 5
        }
    },
    "a Japanese": {
        "IOU Divergence": {
            "mean": 0.44770581142994936,
            "std": 0.15279006942448456,
            "num_values": 5
        },
        "SERP MS Divergence": {
            "mean": 0.41047619047619055,
            "std": 0.12249855383476974,
            "num_values": 5
        },
        "Pragmatic Divergence": {
            "mean": 0.43263157894736837,
            "std": 0.13102620743962284,
            "num_values": 5
        },
        "mean_rank": {
            "mean": 14.819999999999999,
            "std": 2.00838243370131,
            "num_values": 5
        },
        "diversity": {
            "mean": 0.97,
            "std": 0.024494897427831803,
            "num_values": 5
        }
    },
    "a girl": {
        "IOU Divergence": {
            "mean": 0.49580745341614907,
            "std": 0.13578217637253173,
            "num_values": 5
        },
        "SERP MS Divergence": {
            "mean": 0.4095238095238095,
            "std": 0.11971242942834796,
            "num_values": 5
        },
        "Pragmatic Divergence": {
            "mean": 0.42315789473684207,
            "std": 0.11939830685009882,
            "num_values": 5
        },
        "mean_rank": {
            "mean": 15.95,
            "std": 2.8058866691297424,
            "num_values": 5
        },
        "diversity": {
            "mean": 0.9099999999999999,
            "std": 0.12000000000000002,
            "num_values": 5
        }
    },
    "a boy": {
        "IOU Divergence": {
            "mean": 0.6668432096268582,
            "std": 0.14169197298257524,
            "num_values": 5
        },
        "SERP MS Divergence": {
            "mean": 0.5714285714285714,
            "std": 0.0956657066959823,
            "num_values": 5
        },
        "Pragmatic Divergence": {
            "mean": 0.5821052631578947,
            "std": 0.0831911991935968,
            "num_values": 5
        },
        "mean_rank": {
            "mean": 24.55789473684211,
            "std": 6.71324815801002,
            "num_values": 5
        },
        "diversity": {
            "mean": 0.9200000000000002,
            "std": 0.08717797887081347,
            "num_values": 5
        }
    },
    "a female": {
        "IOU Divergence": {
            "mean": 0.41030020703933745,
            "std": 0.12725927653428487,
            "num_values": 5
        },
        "SERP MS Divergence": {
            "mean": 0.3238095238095238,
            "std": 0.1174946324822182,
            "num_values": 5
        },
        "Pragmatic Divergence": {
            "mean": 0.3473684210526316,
            "std": 0.13007562258174163,
            "num_values": 5
        },
        "mean_rank": {
            "mean": 14.24,
            "std": 2.423097191612421,
            "num_values": 5
        },
        "diversity": {
            "mean": 0.96,
            "std": 0.058309518948453015,
            "num_values": 5
        }
    },
    "a male": {
        "IOU Divergence": {
            "mean": 0.7284450689692625,
            "std": 0.04854382989550298,
            "num_values": 5
        },
        "SERP MS Divergence": {
            "mean": 0.6476190476190476,
            "std": 0.03563483225498991,
            "num_values": 5
        },
        "Pragmatic Divergence": {
            "mean": 0.665263157894737,
            "std": 0.06561872579161558,