{
    "neutral": {
        "mean_rank": {
            "mean": 10.526315789473685,
            "std": 0.0,
            "num_values": 5
        },
        "diversity": {
            "mean": 1.0,
            "std": 0.0,
            "num_values": 5
        }
    },
    "an American": {
        "IOU Divergence": {
            "mean": 0.36243386243386244,
            "std": 0.2619341547292644,
            "num_values": 5
        },
        "SERP MS Divergence": {
            "mean": 0.30761904761904757,
            "std": 0.22890055668916076,
            "num_values": 5
        },
        "Pragmatic Divergence": {
            "mean": 0.31894736842105265,
            "std": 0.23801114990526048,
            "num_values": 5
        },
        "mean_rank": {
            "mean": 14.85263157894737,
            "std": 3.535243999854063,
            "num_values": 5
        },
        "diversity": {
            "mean": 0.97,
            "std": 0.039999999999999994,
            "num_values": 5
        }
    },
    "a Brazilian": {
        "IOU Divergence": {
            "mean": 0.2642052711018228,
            "std": 0.2600587729473552,
            "num_values": 5
        },
        "SERP MS Divergence": {
            "mean": 0.2561904761904762,
            "std": 0.2548468928111744,
            "num_values": 5
        },
        "Pragmatic Divergence": {
            "mean": 0.26421052631578945,
            "std": 0.2621327400520626,
            "num_values": 5
        },
        "mean_rank": {
            "mean": 13.300526315789474,
            "std": 3.146717235927131,
            "num_values": 5
        },
        "diversity": {
            "mean": 1.0,
            "std": 0.0,
            "num_values": 5
        }
    },
    "a British": {
        "IOU Divergence": {
            "mean": 0.46153846153846156,
            "std": 0.0,
            "num_values": 5
        },
        "SERP MS Divergence": {
            "mean": 0.44285714285714295,
            "std": 0.0,
            "num_values": 5
        },
        "Pragmatic Divergence": {
            "mean": 0.45789473684210524,
            "std": 0.0,
            "num_values": 5
        },
        "mean_rank": {
            "mean": 15.11,
            "std": 0.020000000000000285,
            "num_values": 5
        },
        "diversity": {
            "mean": 1.0,
            "std": 0.0,
            "num_values": 5
        }
    },
    "a Chinese": {
        "IOU Divergence": {
            "mean": 0.0,
            "std": 0.0,
            "num_values": 5
        },
        "SERP MS Divergence": {
            "mean": 0.0,
            "std": 0.0,
            "num_values": 5
        },
        "Pragmatic Divergence": {
            "mean": 0.0,
            "std": 0.0,
            "num_values": 5
        },
        "mean_rank": {
            "mean": 10.526315789473685,
            "std": 0.0,
            "num_values": 5
        },
        "diversity": {
            "mean": 1.0,
            "std": 0.0,
            "num_values": 5
        }
    },
    "a French": {
        "IOU Divergence": {
            "mean": 0.4916498673740053,
            "std": 0.08232670807177513,
            "num_values": 5
        },
        "SERP MS Divergence": {
            "mean": 0.46190476190476193,
            "std": 0.03809523809523805,
            "num_values": 5
        },
        "Pragmatic Divergence": {
            "mean": 0.491578947368421,
            "std": 0.042706237421264844,
            "num_values": 5
        },
        "mean_rank": {
            "mean": 15.4,
            "std": 1.1541230437002798,
            "num_values": 5
        },
        "diversity": {
            "mean": 0.9700000000000001,
            "std": 0.024494897427831806,
            "num_values": 5
        }
    },
    "a German": {
        "IOU Divergence": {
            "mean": 0.23246753246753243,
            "std": 0.2847800546759516,
            "num_values": 5
        },
        "SERP MS Divergence": {
            "mean": 0.26285714285714284,
            "std": 0.322833262215565,
            "num_values": 5
        },
        "Pragmatic Divergence": {
            "mean": 0.27052631578947367,
            "std": 0.3320314372860804,
            "num_values": 5
        },
        "mean_rank": {
            "mean": 13.32578947368421,
            "std": 3.430426994250262,
            "num_values": 5
        },
        "diversity": {
            "mean": 0.9099999999999999,
            "std": 0.18,
            "num_values": 5
        }
    },
    "a Japanese": {
        "IOU Divergence": {
            "mean": 0.24761904761904763,
            "std": 0.3047619047619048,
            "num_values": 5
        },
        "SERP MS Divergence": {
            "mean": 0.2590476190476191,
            "std": 0.31778142490335315,
            "num_values": 5
        },
        "Pragmatic Divergence": {
            "mean": 0.2673684210526316,
            "std": 0.3278807972030616,
            "num_values": 5
        },
        "mean_rank": {
            "mean": 13.755789473684212,
            "std": 3.996029331162681,
            "num_values": 5
        },
        "diversity": {
            "mean": 1.0,
            "std": 0.0,
            "num_values": 5
        }
    },
    "a girl": {
        "IOU Divergence": {
            "mean": 0.5350732600732601,
            "std": 0.05224244604565916,
            "num_values": 5
        },
        "SERP MS Divergence": {
            "mean": 0.44571428571428573,
            "std": 0.0385214255545842,
            "num_values": 5
        },
        "Pragmatic Divergence": {
            "mean": 0.5063157894736843,
            "std": 0.04280989348981633,
            "num_values": 5
        },
        "mean_rank": {
            "mean": 23.231578947368423,
            "std": 10.319084999914336,
            "num_values": 5
        },
        "diversity": {
            "mean": 0.9394736842105263,
            "std": 0.04889357542102565,
            "num_values": 5
        }
    },
    "a boy": {
        "IOU Divergence": {
            "mean": 0.43324915824915833,
            "std": 0.09522862355182354,
            "num_values": 5
        },
        "SERP MS Divergence": {
            "mean": 0.3638095238095239,
            "std": 0.05426064584092996,
            "num_values": 5
        },
        "Pragmatic Divergence": {
            "mean": 0.3894736842105263,
            "std": 0.05629365034577235,
            "num_values": 5
        },
        "mean_rank": {
            "mean": 15.6,
            "std": 0.9622227269074892,
            "num_values": 5
        },
        "diversity": {
            "mean": 0.95,
            "std": 0.031622776601683784,
            "num_values": 5
        }
    },
    "a female": {
        "IOU Divergence": {
            "mean": 0.4446560846560847,
            "std": 0.08707239435579187,
            "num_values": 5
        },
        "SERP MS Divergence": {
            "mean": 0.29523809523809524,
            "std": 0.0935080968276844,
            "num_values": 5
        },
        "Pragmatic Divergence": {
            "mean": 0.2957894736842105,
            "std": 0.09684210526315787,
            "num_values": 5
        },
        "mean_rank": {
            "mean": 14.14,
            "std": 2.1698847895683313,
            "num_values": 5
        },
        "diversity": {
            "mean": 1.0,
            "std": 0.0,
            "num_values": 5
        }
    },
    "a male": {
        "IOU Divergence": {
            "mean": 0.6594408602150537,
            "std": 0.10044831519644601,
            "num_values": 5
        },
        "SERP MS Divergence": {
            "mean": 0.6019047619047619,
            "std": 0.1091961973871321,
            "num_values": 5
        },
        "Pragmatic Divergence": {
            "mean": 0.6336842105263158,
            "std": 0.12439771800064227,
            "num_values": 5
        },
        "mean_rank": {
            "mean": 22.92157894736842,