{
    "neutral": {
        "mean_rank": {
            "mean": 49.2,
            "std": 6.4649406079029,
            "num_values": 5
        },
        "diversity": {
            "mean": 0.9800000000000001,
            "std": 0.024494897427831803,
            "num_values": 5
        }
    },
    "an American": {
        "IOU Divergence": {
            "mean": 0.6730158730158731,
            "std": 0.09955810654328079,
            "num_values": 5
        },
        "SERP MS Divergence": {
            "mean": 0.4619047619047619,
            "std": 0.17129624522480905,
            "num_values": 5
        },
        "Pragmatic Divergence": {
            "mean": 0.508421052631579,
            "std": 0.16645563740641747,
            "num_values": 5
        },
        "mean_rank": {
            "mean": 67.53842105263158,
            "std": 21.070488453201786,
            "num_values": 5
        },
        "diversity": {
            "mean": 0.96,
            "std": 0.04898979485566354,
            "num_values": 5
        }
    },
    "a Brazilian": {
        "IOU Divergence": {
            "mean": 0.7914912673533363,
            "std": 0.06621116575108493,
            "num_values": 5
        },
        "SERP MS Divergence": {
            "mean": 0.6466666666666666,
            "std": 0.1136250746814799,
            "num_values": 5
        },
        "Pragmatic Divergence": {
            "mean": 0.6757894736842105,
            "std": 0.1087119245919069,
            "num_values": 5
        },
        "mean_rank": {
            "mean": 53.05999999999999,
            "std": 39.25658416113149,
            "num_values": 5
        },
        "diversity": {
            "mean": 0.95,
            "std": 0.09999999999999999,
            "num_values": 5
        }
    },
    "a British": {
        "IOU Divergence": {
            "mean": 0.8323717537510639,
            "std": 0.07699358611258801,
            "num_values": 5
        },
        "SERP MS Divergence": {
            "mean": 0.7114285714285714,
            "std": 0.12335447511384516,
            "num_values": 5
        },
        "Pragmatic Divergence": {
            "mean": 0.7347368421052631,
            "std": 0.10665396969676076,
            "num_values": 5
        },
        "mean_rank": {
            "mean": 77.81421052631579,
            "std": 78.84213085165773,
            "num_values": 5
        },
        "diversity": {
            "mean": 0.97,
            "std": 0.039999999999999994,
            "num_values": 5
        }
    },
    "a Chinese": {
        "IOU Divergence": {
            "mean": 0.7111993888464475,
            "std": 0.09838215746198276,
            "num_values": 5
        },
        "SERP MS Divergence": {
            "mean": 0.47714285714285715,
            "std": 0.14535592410081474,
            "num_values": 5
        },
        "Pragmatic Divergence": {
            "mean": 0.5105263157894736,
            "std": 0.1246824220617772,
            "num_values": 5
        },
        "mean_rank": {
            "mean": 36.59947368421052,
            "std": 14.442557764892058,
            "num_values": 5
        },
        "diversity": {
            "mean": 0.99,
            "std": 0.020000000000000018,
            "num_values": 5
        }
    },
    "a French": {
        "IOU Divergence": {
            "mean": 0.8140049690452915,
            "std": 0.067710577214209,
            "num_values": 5
        },
        "SERP MS Divergence": {
            "mean": 0.7295238095238095,
            "std": 0.07850068965712331,
            "num_values": 5
        },
        "Pragmatic Divergence": {
            "mean": 0.751578947368421,
            "std": 0.0705655821561868,
            "num_values": 5
        },
        "mean_rank": {
            "mean": 43.99526315789474,
            "std": 6.362636433293314,
            "num_values": 5
        },
        "diversity": {
            "mean": 0.9794736842105263,
            "std": 0.025153269779681117,
            "num_values": 5
        }
    },
    "a German": {
        "IOU Divergence": {
            "mean": 0.7816883116883118,
            "std": 0.07269887097452059,
            "num_values": 5
        },
        "SERP MS Divergence": {
            "mean": 0.5438095238095239,
            "std": 0.13201387956988828,
            "num_values": 5
        },
        "Pragmatic Divergence": {
            "mean": 0.5747368421052631,
            "std": 0.10976681403139965,
            "num_values": 5
        },
        "mean_rank": {
            "mean": 17.229999999999997,
            "std": 0.6013318551349175,
            "num_values": 5
        },
        "diversity": {
            "mean": 1.0,
            "std": 0.0,
            "num_values": 5
        }
    },
    "a Japanese": {
        "IOU Divergence": {
            "mean": 0.7372922776148583,
            "std": 0.04995341963112181,
            "num_values": 5
        },
        "SERP MS Divergence": {
            "mean": 0.4904761904761905,
            "std": 0.09326528131310546,
            "num_values": 5
        },
        "Pragmatic Divergence": {
            "mean": 0.5273684210526316,
            "std": 0.07608130947196903,
            "num_values": 5
        },
        "mean_rank": {
            "mean": 18.09,
            "std": 3.856086098623837,
            "num_values": 5
        },
        "diversity": {
            "mean": 1.0,
            "std": 0.0,
            "num_values": 5
        }
    },
    "a girl": {
        "IOU Divergence": {
            "mean": 0.7736124288425048,
            "std": 0.046897660127945315,
            "num_values": 5
        },
        "SERP MS Divergence": {
            "mean": 0.6371428571428571,
            "std": 0.03656448346752848,
            "num_values": 5
        },
        "Pragmatic Divergence": {
            "mean": 0.6610526315789473,
            "std": 0.04607593395418796,
            "num_values": 5
        },
        "mean_rank": {
            "mean": 32.08,
            "std": 9.668071162336364,
            "num_values": 5
        },
        "diversity": {
            "mean": 0.9800000000000001,
            "std": 0.024494897427831803,
            "num_values": 5
        }
    },
    "a boy": {
        "IOU Divergence": {
            "mean": 0.7066666666666668,
            "std": 0.04898979485566356,
            "num_values": 5
        },
        "SERP MS Divergence": {
            "mean": 0.48571428571428565,
            "std": 0.10467528886883118,
            "num_values": 5
        },
        "Pragmatic Divergence": {
            "mean": 0.5368421052631579,
            "std": 0.1152619562542506,
            "num_values": 5
        },
        "mean_rank": {
            "mean": 51.3078947368421,
            "std": 23.255040022038077,
            "num_values": 5
        },
        "diversity": {
            "mean": 1.0,
            "std": 0.0,
            "num_values": 5
        }
    },
    "a female": {
        "IOU Divergence": {
            "mean": 0.8101247771836008,
            "std": 0.04525037505439497,
            "num_values": 5
        },
        "SERP MS Divergence": {
            "mean": 0.6323809523809523,
            "std": 0.044609670204306145,
            "num_values": 5
        },
        "Pragmatic Divergence": {
            "mean": 0.6589473684210527,
            "std": 0.051825404737225994,
            "num_values": 5
        },
        "mean_rank": {
            "mean": 19.126666666666665,
            "std": 5.356321291500144,
            "num_values": 5
        },
        "diversity": {
            "mean": 1.0,
            "std": 0.0,
            "num_values": 5
        }
    },
    "a male": {
        "IOU Divergence": {
            "mean": 0.6802628434886501,
            "std": 0.08872669263059163,
            "num_values": 5
        },
        "SERP MS Divergence": {
            "mean": 0.4295238095238094,
            "std": 0.12969176785180347,
            "num_values": 5
        },