{
    "neutral": {
        "mean_rank": {
            "mean": 20.36842105263158,
            "std": 5.676700692120594,
            "num_values": 5
        },
        "diversity": {
            "mean": 1.0,
            "std": 0.0,
            "num_values": 5
        }
    },
    "an American": {
        "IOU Divergence": {
            "mean": 0.4773980042945561,
            "std": 0.10617989484947167,
            "num_values": 5
        },
        "SERP MS Divergence": {
            "mean": 0.3438095238095239,
            "std": 0.10806061958765989,
            "num_values": 5
        },
        "Pragmatic Divergence": {
            "mean": 0.39789473684210525,
            "std": 0.09131844376545821,
            "num_values": 5
        },
        "mean_rank": {
            "mean": 42.72631578947369,
            "std": 8.550803043397773,
            "num_values": 5
        },
        "diversity": {
            "mean": 1.0,
            "std": 0.0,
            "num_values": 5
        }
    },
    "a Brazilian": {
        "IOU Divergence": {
            "mean": 0.42396135265700485,
            "std": 0.11861467778707671,
            "num_values": 5
        },
        "SERP MS Divergence": {
            "mean": 0.14285714285714285,
            "std": 0.08411200825074146,
            "num_values": 5
        },
        "Pragmatic Divergence": {
            "mean": 0.1431578947368421,
            "std": 0.08053835479321504,
            "num_values": 5
        },
        "mean_rank": {
            "mean": 18.389473684210525,
            "std": 1.4362154021735185,
            "num_values": 5
        },
        "diversity": {
            "mean": 0.96,
            "std": 0.04898979485566355,
            "num_values": 5
        }
    },
    "a British": {
        "IOU Divergence": {
            "mean": 0.9430383955383954,
            "std": 0.0029364765995672413,
            "num_values": 5
        },
        "SERP MS Divergence": {
            "mean": 0.8285714285714285,
            "std": 0.0,
            "num_values": 5
        },
        "Pragmatic Divergence": {
            "mean": 0.8210526315789475,
            "std": 1.1102230246251565e-16,
            "num_values": 5
        },
        "mean_rank": {
            "mean": 102.70233918128656,
            "std": 11.609164069840045,
            "num_values": 5
        },
        "diversity": {
            "mean": 0.9156140350877193,
            "std": 0.02199918854655049,
            "num_values": 5
        }
    },
    "a Chinese": {
        "IOU Divergence": {
            "mean": 0.38753623188405795,
            "std": 0.06755302397449826,
            "num_values": 5
        },
        "SERP MS Divergence": {
            "mean": 0.1609523809523809,
            "std": 0.031065726533904894,
            "num_values": 5
        },
        "Pragmatic Divergence": {
            "mean": 0.16631578947368422,
            "std": 0.025042899480779618,
            "num_values": 5
        },
        "mean_rank": {
            "mean": 20.28421052631579,
            "std": 0.763865370801126,
            "num_values": 5
        },
        "diversity": {
            "mean": 0.9800000000000001,
            "std": 0.024494897427831803,
            "num_values": 5
        }
    },
    "a French": {
        "IOU Divergence": {
            "mean": 0.3806410256410257,
            "std": 0.04780590276577248,
            "num_values": 5
        },
        "SERP MS Divergence": {
            "mean": 0.11047619047619046,
            "std": 0.04409842629634376,
            "num_values": 5
        },
        "Pragmatic Divergence": {
            "mean": 0.11157894736842107,
            "std": 0.049752851781458836,
            "num_values": 5
        },
        "mean_rank": {
            "mean": 18.305263157894736,
            "std": 2.334707417592572,
            "num_values": 5
        },
        "diversity": {
            "mean": 0.99,
            "std": 0.020000000000000018,
            "num_values": 5
        }
    },
    "a German": {
        "IOU Divergence": {
            "mean": 0.3796666666666667,
            "std": 0.03421175886218717,
            "num_values": 5
        },
        "SERP MS Divergence": {
            "mean": 0.10952380952380951,
            "std": 0.04301558015480466,
            "num_values": 5
        },
        "Pragmatic Divergence": {
            "mean": 0.12736842105263158,
            "std": 0.034816495596928926,
            "num_values": 5
        },
        "mean_rank": {
            "mean": 25.663157894736845,
            "std": 2.2229226350800526,
            "num_values": 5
        },
        "diversity": {
            "mean": 0.96,
            "std": 0.020000000000000018,
            "num_values": 5
        }
    },
    "a Japanese": {
        "IOU Divergence": {
            "mean": 0.3185714285714286,
            "std": 0.1274768219562067,
            "num_values": 5
        },
        "SERP MS Divergence": {
            "mean": 0.1533333333333333,
            "std": 0.0895136772381652,
            "num_values": 5
        },
        "Pragmatic Divergence": {
            "mean": 0.15578947368421053,
            "std": 0.07506968138810706,
            "num_values": 5
        },
        "mean_rank": {
            "mean": 16.54736842105263,
            "std": 1.098777966374728,
            "num_values": 5
        },
        "diversity": {
            "mean": 0.73,
            "std": 0.11224972160321822,
            "num_values": 5
        }
    },
    "a girl": {
        "IOU Divergence": {
            "mean": 0.30801915475828523,
            "std": 0.09841490165857883,
            "num_values": 5
        },
        "SERP MS Divergence": {
            "mean": 0.08476190476190473,
            "std": 0.04737078139217482,
            "num_values": 5
        },
        "Pragmatic Divergence": {
            "mean": 0.10105263157894737,
            "std": 0.03887617960551448,
            "num_values": 5
        },
        "mean_rank": {
            "mean": 14.610526315789475,
            "std": 2.5356406851544495,
            "num_values": 5
        },
        "diversity": {
            "mean": 0.99,
            "std": 0.020000000000000018,
            "num_values": 5
        }
    },
    "a boy": {
        "IOU Divergence": {
            "mean": 0.20239036325992849,
            "std": 0.09396619349163543,
            "num_values": 5
        },
        "SERP MS Divergence": {
            "mean": 0.0476190476190476,
            "std": 0.048841452971268934,
            "num_values": 5
        },
        "Pragmatic Divergence": {
            "mean": 0.054736842105263174,
            "std": 0.0640809737062081,
            "num_values": 5
        },
        "mean_rank": {
            "mean": 17.45263157894737,
            "std": 1.8820040005727257,
            "num_values": 5
        },
        "diversity": {
            "mean": 0.99,
            "std": 0.020000000000000018,
            "num_values": 5
        }
    },
    "a female": {
        "IOU Divergence": {
            "mean": 0.38017391304347825,
            "std": 0.06163101372322203,
            "num_values": 5
        },
        "SERP MS Divergence": {
            "mean": 0.16190476190476194,
            "std": 0.046364424551002266,
            "num_values": 5
        },
        "Pragmatic Divergence": {
            "mean": 0.16631578947368422,
            "std": 0.05206005481632946,
            "num_values": 5
        },
        "mean_rank": {
            "mean": 22.34736842105263,
            "std": 3.8455788191498077,
            "num_values": 5
        },
        "diversity": {
            "mean": 0.99,
            "std": 0.020000000000000018,
            "num_values": 5
        }
    },
    "a male": {
        "IOU Divergence": {
            "mean": 0.18431677018633544,
            "std": 0.12619896808430023,
            "num_values": 5
        },
        "SERP MS Divergence": {
            "mean": 0.07619047619047621,