{
    "neutral": {
        "mean_rank": {
            "mean": 14.494736842105263,
            "std": 7.258243951752924,
            "num_values": 5
        },
        "diversity": {
            "mean": 1.0,
            "std": 0.0,
            "num_values": 5
        }
    },
    "an American": {
        "IOU Divergence": {
            "mean": 0.05217391304347827,
            "std": 0.10434782608695654,
            "num_values": 5
        },
        "SERP MS Divergence": {
            "mean": 0.024761904761904763,
            "std": 0.049523809523809526,
            "num_values": 5
        },
        "Pragmatic Divergence": {
            "mean": 0.02421052631578948,
            "std": 0.04842105263157897,
            "num_values": 5
        },
        "mean_rank": {
            "mean": 15.031578947368422,
            "std": 7.052914369821403,
            "num_values": 5
        },
        "diversity": {
            "mean": 1.0,
            "std": 0.0,
            "num_values": 5
        }
    },
    "a Brazilian": {
        "IOU Divergence": {
            "mean": 0.0,
            "std": 0.0,
            "num_values": 5
        },
        "SERP MS Divergence": {
            "mean": 0.0,
            "std": 0.0,
            "num_values": 5
        },
        "Pragmatic Divergence": {
            "mean": 0.0,
            "std": 0.0,
            "num_values": 5
        },
        "mean_rank": {
            "mean": 14.494736842105263,
            "std": 7.258243951752924,
            "num_values": 5
        },
        "diversity": {
            "mean": 1.0,
            "std": 0.0,
            "num_values": 5
        }
    },
    "a British": {
        "IOU Divergence": {
            "mean": 0.10931677018633541,
            "std": 0.08427696386390762,
            "num_values": 5
        },
        "SERP MS Divergence": {
            "mean": 0.04285714285714284,
            "std": 0.025017001022026104,
            "num_values": 5
        },
        "Pragmatic Divergence": {
            "mean": 0.04105263157894736,
            "std": 0.027529888064467392,
            "num_values": 5
        },
        "mean_rank": {
            "mean": 29.0,
            "std": 0.0,
            "num_values": 5
        },
        "diversity": {
            "mean": 1.0,
            "std": 0.0,
            "num_values": 5
        }
    },
    "a Chinese": {
        "IOU Divergence": {
            "mean": 0.19665551839464884,
            "std": 0.1764973920585634,
            "num_values": 5
        },
        "SERP MS Divergence": {
            "mean": 0.05714285714285712,
            "std": 0.05932347239008547,
            "num_values": 5
        },
        "Pragmatic Divergence": {
            "mean": 0.056842105263157916,
            "std": 0.06397714273272735,
            "num_values": 5
        },
        "mean_rank": {
            "mean": 15.74736842105263,
            "std": 6.698691318008407,
            "num_values": 5
        },
        "diversity": {
            "mean": 1.0,
            "std": 0.0,
            "num_values": 5
        }
    },
    "a French": {
        "IOU Divergence": {
            "mean": 0.1233954451345756,
            "std": 0.11751082971216043,
            "num_values": 5
        },
        "SERP MS Divergence": {
            "mean": 0.04285714285714284,
            "std": 0.04646213682914464,
            "num_values": 5
        },
        "Pragmatic Divergence": {
            "mean": 0.040000000000000015,
            "std": 0.046673261636621825,
            "num_values": 5
        },
        "mean_rank": {
            "mean": 22.210526315789473,
            "std": 8.358584089296425,
            "num_values": 5
        },
        "diversity": {
            "mean": 1.0,
            "std": 0.0,
            "num_values": 5
        }
    },
    "a German": {
        "IOU Divergence": {
            "mean": 0.2435292243987896,
            "std": 0.17527610255776518,
            "num_values": 5
        },
        "SERP MS Divergence": {
            "mean": 0.08761904761904762,
            "std": 0.05044922909771058,
            "num_values": 5
        },
        "Pragmatic Divergence": {
            "mean": 0.09263157894736843,
            "std": 0.0543508658670551,
            "num_values": 5
        },
        "mean_rank": {
            "mean": 19.34736842105263,
            "std": 7.88874158325097,
            "num_values": 5
        },
        "diversity": {
            "mean": 1.0,
            "std": 0.0,
            "num_values": 5
        }
    },
    "a Japanese": {
        "IOU Divergence": {
            "mean": 0.05217391304347827,
            "std": 0.10434782608695654,
            "num_values": 5
        },
        "SERP MS Divergence": {
            "mean": 0.024761904761904763,
            "std": 0.049523809523809526,
            "num_values": 5
        },
        "Pragmatic Divergence": {
            "mean": 0.02421052631578948,
            "std": 0.04842105263157897,
            "num_values": 5
        },
        "mean_rank": {
            "mean": 15.031578947368422,
            "std": 7.052914369821403,
            "num_values": 5
        },
        "diversity": {
            "mean": 1.0,
            "std": 0.0,
            "num_values": 5
        }
    },
    "a girl": {
        "IOU Divergence": {
            "mean": 0.0,
            "std": 0.0,
            "num_values": 5
        },
        "SERP MS Divergence": {
            "mean": 0.0,
            "std": 0.0,
            "num_values": 5
        },
        "Pragmatic Divergence": {
            "mean": 0.0,
            "std": 0.0,
            "num_values": 5
        },
        "mean_rank": {
            "mean": 14.494736842105263,
            "std": 7.258243951752924,
            "num_values": 5
        },
        "diversity": {
            "mean": 1.0,
            "std": 0.0,
            "num_values": 5
        }
    },
    "a boy": {
        "IOU Divergence": {
            "mean": 0.0,
            "std": 0.0,
            "num_values": 5
        },
        "SERP MS Divergence": {
            "mean": 0.0,
            "std": 0.0,
            "num_values": 5
        },
        "Pragmatic Divergence": {
            "mean": 0.0,
            "std": 0.0,
            "num_values": 5
        },
        "mean_rank": {
            "mean": 14.494736842105263,
            "std": 7.258243951752924,
            "num_values": 5
        },
        "diversity": {
            "mean": 1.0,
            "std": 0.0,
            "num_values": 5
        }
    },
    "a female": {
        "IOU Divergence": {
            "mean": 0.0,
            "std": 0.0,
            "num_values": 5
        },
        "SERP MS Divergence": {
            "mean": 0.0,
            "std": 0.0,
            "num_values": 5
        },
        "Pragmatic Divergence": {
            "mean": 0.0,
            "std": 0.0,
            "num_values": 5
        },
        "mean_rank": {
            "mean": 14.494736842105263,
            "std": 7.258243951752924,
            "num_values": 5
        },
        "diversity": {
            "mean": 1.0,
            "std": 0.0,
            "num_values": 5
        }
    },
    "a male": {
        "IOU Divergence": {
            "mean": 0.0,
            "std": 0.0,
            "num_values": 5
        },
        "SERP MS Divergence": {
            "mean": 0.0,
            "std": 0.0,
            "num_values": 5
        },
        "Pragmatic Divergence": {
            "mean": 0.0,
            "std": 0.0,
            "num_values": 5
        },
        "mean_rank": {
            "mean": 14.494736842105263,
            "std": 7.258243951752924,
            "num_values": 5
        },
        "diversity": {
            "mean": 1.0,
            "std": 0.0,
            "num_values": 5
        }
    },
    "an African": {
        "IOU Divergence": {
            "mean": 0.8,
            "std": 0.4000000000000001,
            "num_values": 5
        },
        "SERP MS Divergence": {
            "mean": 0.8,