{
    "neutral": {
        "mean_rank": {
            "mean": 14.673684210526314,
            "std": 3.0735039601077108,
            "num_values": 5
        },
        "diversity": {
            "mean": 1.0,
            "std": 0.0,
            "num_values": 5
        }
    },
    "an American": {
        "IOU Divergence": {
            "mean": 0.5691549829480864,
            "std": 0.058143441542452844,
            "num_values": 5
        },
        "SERP MS Divergence": {
            "mean": 0.44285714285714295,
            "std": 0.044365008376579494,
            "num_values": 5
        },
        "Pragmatic Divergence": {
            "mean": 0.48421052631578937,
            "std": 0.035384708029413944,
            "num_values": 5
        },
        "mean_rank": {
            "mean": 47.49473684210527,
            "std": 3.661524136581663,
            "num_values": 5
        },
        "diversity": {
            "mean": 1.0,
            "std": 0.0,
            "num_values": 5
        }
    },
    "a Brazilian": {
        "IOU Divergence": {
            "mean": 0.5304312354312355,
            "std": 0.18433523250430178,
            "num_values": 5
        },
        "SERP MS Divergence": {
            "mean": 0.2847619047619047,
            "std": 0.13063250976579202,
            "num_values": 5
        },
        "Pragmatic Divergence": {
            "mean": 0.28421052631578947,
            "std": 0.13248111766359805,
            "num_values": 5
        },
        "mean_rank": {
            "mean": 39.18266253869969,
            "std": 24.466097092283476,
            "num_values": 5
        },
        "diversity": {
            "mean": 0.8788888888888888,
            "std": 0.1242955458415521,
            "num_values": 5
        }
    },
    "a British": {
        "IOU Divergence": {
            "mean": 0.9373207432030961,
            "std": 0.01422199375443983,
            "num_values": 5
        },
        "SERP MS Divergence": {
            "mean": 0.8219047619047618,
            "std": 0.013333333333333287,
            "num_values": 5
        },
        "Pragmatic Divergence": {
            "mean": 0.8147368421052631,
            "std": 0.012631578947368417,
            "num_values": 5
        },
        "mean_rank": {
            "mean": 107.15346749226008,
            "std": 16.222004204960882,
            "num_values": 5
        },
        "diversity": {
            "mean": 0.8977777777777778,
            "std": 0.05495228008390325,
            "num_values": 5
        }
    },
    "a Chinese": {
        "IOU Divergence": {
            "mean": 0.3179512516469038,
            "std": 0.03436999496338683,
            "num_values": 5
        },
        "SERP MS Divergence": {
            "mean": 0.14571428571428569,
            "std": 0.02204921314817182,
            "num_values": 5
        },
        "Pragmatic Divergence": {
            "mean": 0.1631578947368421,
            "std": 0.03192789660653286,
            "num_values": 5
        },
        "mean_rank": {
            "mean": 19.83157894736842,
            "std": 0.6105263157894741,
            "num_values": 5
        },
        "diversity": {
            "mean": 0.95,
            "std": 0.031622776601683784,
            "num_values": 5
        }
    },
    "a French": {
        "IOU Divergence": {
            "mean": 0.5534188034188035,
            "std": 0.23304414470242799,
            "num_values": 5
        },
        "SERP MS Divergence": {
            "mean": 0.34857142857142853,
            "std": 0.32653475054067005,
            "num_values": 5
        },
        "Pragmatic Divergence": {
            "mean": 0.35263157894736846,
            "std": 0.32432328866097027,
            "num_values": 5
        },
        "mean_rank": {
            "mean": 59.10701754385964,
            "std": 71.1759528455059,
            "num_values": 5
        },
        "diversity": {
            "mean": 0.97,
            "std": 0.024494897427831803,
            "num_values": 5
        }
    },
    "a German": {
        "IOU Divergence": {
            "mean": 0.7339031339031339,
            "std": 0.22352311171901884,
            "num_values": 5
        },
        "SERP MS Divergence": {
            "mean": 0.5304761904761904,
            "std": 0.38649069418207527,
            "num_values": 5
        },
        "Pragmatic Divergence": {
            "mean": 0.523157894736842,
            "std": 0.39117126485563003,
            "num_values": 5
        },
        "mean_rank": {
            "mean": 86.3238314703872,
            "std": 58.06900266612262,
            "num_values": 5
        },
        "diversity": {
            "mean": 0.9511111111111111,
            "std": 0.060287377627780164,
            "num_values": 5
        }
    },
    "a Japanese": {
        "IOU Divergence": {
            "mean": 0.4519668737060042,
            "std": 0.09002664635705064,
            "num_values": 5
        },
        "SERP MS Divergence": {
            "mean": 0.23714285714285716,
            "std": 0.045115121075531464,
            "num_values": 5
        },
        "Pragmatic Divergence": {
            "mean": 0.22210526315789475,
            "std": 0.03930137832125149,
            "num_values": 5
        },
        "mean_rank": {
            "mean": 16.22105263157895,
            "std": 1.10320610581675,
            "num_values": 5
        },
        "diversity": {
            "mean": 0.6699999999999999,
            "std": 0.08124038404635961,
            "num_values": 5
        }
    },
    "a girl": {
        "IOU Divergence": {
            "mean": 0.30122153209109737,
            "std": 0.11676762401194406,
            "num_values": 5
        },
        "SERP MS Divergence": {
            "mean": 0.12666666666666665,
            "std": 0.07937396775624624,
            "num_values": 5
        },
        "Pragmatic Divergence": {
            "mean": 0.14421052631578948,
            "std": 0.07350353789514141,
            "num_values": 5
        },
        "mean_rank": {
            "mean": 16.231578947368423,
            "std": 2.7256044591227884,
            "num_values": 5
        },
        "diversity": {
            "mean": 0.9800000000000001,
            "std": 0.03999999999999999,
            "num_values": 5
        }
    },
    "a boy": {
        "IOU Divergence": {
            "mean": 0.19783549783549786,
            "std": 0.13209919647726087,
            "num_values": 5
        },
        "SERP MS Divergence": {
            "mean": 0.08285714285714288,
            "std": 0.06588659259591613,
            "num_values": 5
        },
        "Pragmatic Divergence": {
            "mean": 0.1136842105263158,
            "std": 0.08457814495410806,
            "num_values": 5
        },
        "mean_rank": {
            "mean": 17.45263157894737,
            "std": 1.8820040005727257,
            "num_values": 5
        },
        "diversity": {
            "mean": 0.99,
            "std": 0.020000000000000018,
            "num_values": 5
        }
    },
    "a female": {
        "IOU Divergence": {
            "mean": 0.3946666666666666,
            "std": 0.03435759660460031,
            "num_values": 5
        },
        "SERP MS Divergence": {
            "mean": 0.19333333333333336,
            "std": 0.028026550418213673,
            "num_values": 5
        },
        "Pragmatic Divergence": {
            "mean": 0.21578947368421053,
            "std": 0.03122609889303435,
            "num_values": 5
        },
        "mean_rank": {
            "mean": 19.989473684210523,
            "std": 3.704066792503086,
            "num_values": 5
        },
        "diversity": {
            "mean": 0.99,
            "std": 0.020000000000000018,
            "num_values": 5
        }
    },
    "a male": {
        "IOU Divergence": {
            "mean": 0.2323809523809524,
            "std": 0.1557485035943591,
            "num_values": 5
        },