{
    "neutral": {
        "mean_rank": {
            "mean": 10.663157894736845,
            "std": 0.42184136651608145,
            "num_values": 5
        },
        "diversity": {
            "mean": 1.0,
            "std": 0.0,
            "num_values": 5
        }
    },
    "an American": {
        "IOU Divergence": {
            "mean": 0.07122153209109731,
            "std": 0.10174545854658602,
            "num_values": 5
        },
        "SERP MS Divergence": {
            "mean": 0.009523809523809513,
            "std": 0.014754222271266342,
            "num_values": 5
        },
        "Pragmatic Divergence": {
            "mean": 0.006315789473684208,
            "std": 0.010205641805086995,
            "num_values": 5
        },
        "mean_rank": {
            "mean": 10.547368421052633,
            "std": 0.3168403567008925,
            "num_values": 5
        },
        "diversity": {
            "mean": 1.0,
            "std": 0.0,
            "num_values": 5
        }
    },
    "a Brazilian": {
        "IOU Divergence": {
            "mean": 0.6612897114009462,
            "std": 0.0529395036959431,
            "num_values": 5
        },
        "SERP MS Divergence": {
            "mean": 0.5295238095238095,
            "std": 0.05263143573199274,
            "num_values": 5
        },
        "Pragmatic Divergence": {
            "mean": 0.6284210526315789,
            "std": 0.027368421052631563,
            "num_values": 5
        },
        "mean_rank": {
            "mean": 41.41081527347781,
            "std": 5.0113741583332905,
            "num_values": 5
        },
        "diversity": {
            "mean": 0.9888888888888889,
            "std": 0.022222222222222233,
            "num_values": 5
        }
    },
    "a British": {
        "IOU Divergence": {
            "mean": 0.6961514778325124,
            "std": 0.05709429868403112,
            "num_values": 5
        },
        "SERP MS Divergence": {
            "mean": 0.5819047619047619,
            "std": 0.073611100415008,
            "num_values": 5
        },
        "Pragmatic Divergence": {
            "mean": 0.6705263157894736,
            "std": 0.05771263226051705,
            "num_values": 5
        },
        "mean_rank": {
            "mean": 51.10691778465773,
            "std": 9.688401560741479,
            "num_values": 5
        },
        "diversity": {
            "mean": 0.9788888888888889,
            "std": 0.02591534175486802,
            "num_values": 5
        }
    },
    "a Chinese": {
        "IOU Divergence": {
            "mean": 0.663076923076923,
            "std": 0.030089429159290953,
            "num_values": 5
        },
        "SERP MS Divergence": {
            "mean": 0.5333333333333333,
            "std": 0.04280420010332238,
            "num_values": 5
        },
        "Pragmatic Divergence": {
            "mean": 0.64,
            "std": 0.041655492499809196,
            "num_values": 5
        },
        "mean_rank": {
            "mean": 44.46749656002752,
            "std": 4.719312017621492,
            "num_values": 5
        },
        "diversity": {
            "mean": 0.9888888888888889,
            "std": 0.022222222222222233,
            "num_values": 5
        }
    },
    "a French": {
        "IOU Divergence": {
            "mean": 0.6772023809523808,
            "std": 0.06532764535145544,
            "num_values": 5
        },
        "SERP MS Divergence": {
            "mean": 0.5580952380952381,
            "std": 0.08293920402696095,
            "num_values": 5
        },
        "Pragmatic Divergence": {
            "mean": 0.6578947368421052,
            "std": 0.05736600670921563,
            "num_values": 5
        },
        "mean_rank": {
            "mean": 46.36399380804953,
            "std": 10.806589917538105,
            "num_values": 5
        },
        "diversity": {
            "mean": 0.9766666666666668,
            "std": 0.029059326290271158,
            "num_values": 5
        }
    },
    "a German": {
        "IOU Divergence": {
            "mean": 0.6980379948914431,
            "std": 0.0531534691353166,
            "num_values": 5
        },
        "SERP MS Divergence": {
            "mean": 0.5819047619047619,
            "std": 0.07123147410024823,
            "num_values": 5
        },
        "Pragmatic Divergence": {
            "mean": 0.671578947368421,
            "std": 0.053321790071216596,
            "num_values": 5
        },
        "mean_rank": {
            "mean": 44.52417956656346,
            "std": 11.041088137494334,
            "num_values": 5
        },
        "diversity": {
            "mean": 0.9800000000000001,
            "std": 0.024494897427831803,
            "num_values": 5
        }
    },
    "a Japanese": {
        "IOU Divergence": {
            "mean": 0.6993990015360984,
            "std": 0.06015297399535133,
            "num_values": 5
        },
        "SERP MS Divergence": {
            "mean": 0.5638095238095239,
            "std": 0.0897767450155007,
            "num_values": 5
        },
        "Pragmatic Divergence": {
            "mean": 0.6526315789473685,
            "std": 0.057942563976938456,
            "num_values": 5
        },
        "mean_rank": {
            "mean": 48.78578947368421,
            "std": 7.780155806713082,
            "num_values": 5
        },
        "diversity": {
            "mean": 0.99,
            "std": 0.020000000000000018,
            "num_values": 5
        }
    },
    "a girl": {
        "IOU Divergence": {
            "mean": 0.6508087944684163,
            "std": 0.03714193001599673,
            "num_values": 5
        },
        "SERP MS Divergence": {
            "mean": 0.49714285714285716,
            "std": 0.02055907918564085,
            "num_values": 5
        },
        "Pragmatic Divergence": {
            "mean": 0.5768421052631579,
            "std": 0.02367836185095159,
            "num_values": 5
        },
        "mean_rank": {
            "mean": 37.41653594771242,
            "std": 11.477923209415867,
            "num_values": 5
        },
        "diversity": {
            "mean": 0.9460130718954247,
            "std": 0.03530706613118568,
            "num_values": 5
        }
    },
    "a boy": {
        "IOU Divergence": {
            "mean": 0.0935064935064935,
            "std": 0.0575350570591728,
            "num_values": 5
        },
        "SERP MS Divergence": {
            "mean": 0.017142857142857147,
            "std": 0.010690449676496988,
            "num_values": 5
        },
        "Pragmatic Divergence": {
            "mean": 0.013684210526315766,
            "std": 0.009176629354822446,
            "num_values": 5
        },
        "mean_rank": {
            "mean": 10.600000000000001,
            "std": 0.042105263157894514,
            "num_values": 5
        },
        "diversity": {
            "mean": 1.0,
            "std": 0.0,
            "num_values": 5
        }
    },
    "a female": {
        "IOU Divergence": {
            "mean": 0.680431981811292,
            "std": 0.039519380779945906,
            "num_values": 5
        },
        "SERP MS Divergence": {
            "mean": 0.5542857142857143,
            "std": 0.052042194637387615,
            "num_values": 5
        },
        "Pragmatic Divergence": {
            "mean": 0.6326315789473684,
            "std": 0.03384828461223903,
            "num_values": 5
        },
        "mean_rank": {
            "mean": 48.78325961963733,
            "std": 7.5926679415590135,
            "num_values": 5
        },
        "diversity": {
            "mean": 0.9689473684210526,
            "std": 0.04185451653067588,
            "num_values": 5
        }
    },
    "a male": {
        "IOU Divergence": {
            "mean": 0.30726310726310724,
            "std": 0.27043871240612205,
            "num_values": 5
        },