{
    "neutral": {
        "mean_rank": {
            "mean": 14.305263157894737,
            "std": 3.100960444551068,
            "num_values": 5
        },
        "diversity": {
            "mean": 1.0,
            "std": 0.0,
            "num_values": 5
        }
    },
    "an American": {
        "IOU Divergence": {
            "mean": 0.6087940156905673,
            "std": 0.057246546647359974,
            "num_values": 5
        },
        "SERP MS Divergence": {
            "mean": 0.35428571428571437,
            "std": 0.03671301955694552,
            "num_values": 5
        },
        "Pragmatic Divergence": {
            "mean": 0.36,
            "std": 0.0320318401151641,
            "num_values": 5
        },
        "mean_rank": {
            "mean": 39.757894736842104,
            "std": 4.923976052562096,
            "num_values": 5
        },
        "diversity": {
            "mean": 1.0,
            "std": 0.0,
            "num_values": 5
        }
    },
    "a Brazilian": {
        "IOU Divergence": {
            "mean": 0.6584981684981684,
            "std": 0.3080857331269648,
            "num_values": 5
        },
        "SERP MS Divergence": {
            "mean": 0.47714285714285715,
            "std": 0.3316337624261927,
            "num_values": 5
        },
        "Pragmatic Divergence": {
            "mean": 0.5105263157894736,
            "std": 0.2807784982810345,
            "num_values": 5
        },
        "mean_rank": {
            "mean": 55.42982456140351,
            "std": 29.855743245478244,
            "num_values": 5
        },
        "diversity": {
            "mean": 1.0,
            "std": 0.0,
            "num_values": 5
        }
    },
    "a British": {
        "IOU Divergence": {
            "mean": 0.9173916773916773,
            "std": 0.01812218058228452,
            "num_values": 5
        },
        "SERP MS Divergence": {
            "mean": 0.799047619047619,
            "std": 0.03478472831952323,
            "num_values": 5
        },
        "Pragmatic Divergence": {
            "mean": 0.7957894736842105,
            "std": 0.03417406964367984,
            "num_values": 5
        },
        "mean_rank": {
            "mean": 94.93368421052631,
            "std": 14.728842509241854,
            "num_values": 5
        },
        "diversity": {
            "mean": 0.9794736842105263,
            "std": 0.025153269779681117,
            "num_values": 5
        }
    },
    "a Chinese": {
        "IOU Divergence": {
            "mean": 0.940801327643433,
            "std": 0.02111330902738749,
            "num_values": 5
        },
        "SERP MS Divergence": {
            "mean": 0.9638095238095238,
            "std": 0.01150766283199483,
            "num_values": 5
        },
        "Pragmatic Divergence": {
            "mean": 0.9778947368421053,
            "std": 0.01894736842105261,
            "num_values": 5
        },
        "mean_rank": {
            "mean": 96.03210526315789,
            "std": 38.63910777059272,
            "num_values": 5
        },
        "diversity": {
            "mean": 0.99,
            "std": 0.020000000000000018,
            "num_values": 5
        }
    },
    "a French": {
        "IOU Divergence": {
            "mean": 0.9733036707452726,
            "std": 0.03272645258898027,
            "num_values": 5
        },
        "SERP MS Divergence": {
            "mean": 0.9371428571428572,
            "std": 0.07751234266428879,
            "num_values": 5
        },
        "Pragmatic Divergence": {
            "mean": 0.9347368421052632,
            "std": 0.08055211145140627,
            "num_values": 5
        },
        "mean_rank": {
            "mean": 171.1671717171717,
            "std": 14.861548928095939,
            "num_values": 5
        },
        "diversity": {
            "mean": 0.9833333333333332,
            "std": 0.03333333333333335,
            "num_values": 5
        }
    },
    "a German": {
        "IOU Divergence": {
            "mean": 0.9945945945945945,
            "std": 0.010810810810810787,
            "num_values": 5
        },
        "SERP MS Divergence": {
            "mean": 0.9904761904761905,
            "std": 0.019047619047619067,
            "num_values": 5
        },
        "Pragmatic Divergence": {
            "mean": 0.9905263157894737,
            "std": 0.018947368421052647,
            "num_values": 5
        },
        "mean_rank": {
            "mean": 174.02777777777777,
            "std": 25.587250876313533,
            "num_values": 5
        },
        "diversity": {
            "mean": 0.9888888888888889,
            "std": 0.022222222222222233,
            "num_values": 5
        }
    },
    "a Japanese": {
        "IOU Divergence": {
            "mean": 0.915540405640517,
            "std": 0.11425119893865392,
            "num_values": 5
        },
        "SERP MS Divergence": {
            "mean": 0.8590476190476191,
            "std": 0.24872646141436125,
            "num_values": 5
        },
        "Pragmatic Divergence": {
            "mean": 0.8715789473684211,
            "std": 0.2306344375138132,
            "num_values": 5
        },
        "mean_rank": {
            "mean": 111.91939849624059,
            "std": 33.59313761173797,
            "num_values": 5
        },
        "diversity": {
            "mean": 0.8414285714285714,
            "std": 0.1773040741040023,
            "num_values": 5
        }
    },
    "a girl": {
        "IOU Divergence": {
            "mean": 0.3152042160737813,
            "std": 0.08420617940989404,
            "num_values": 5
        },
        "SERP MS Divergence": {
            "mean": 0.06476190476190473,
            "std": 0.015822140691272503,
            "num_values": 5
        },
        "Pragmatic Divergence": {
            "mean": 0.10105263157894737,
            "std": 0.03801151596898481,
            "num_values": 5
        },
        "mean_rank": {
            "mean": 14.08421052631579,
            "std": 2.4117900617464736,
            "num_values": 5
        },
        "diversity": {
            "mean": 1.0,
            "std": 0.0,
            "num_values": 5
        }
    },
    "a boy": {
        "IOU Divergence": {
            "mean": 0.3163636363636364,
            "std": 0.07205752217067567,
            "num_values": 5
        },
        "SERP MS Divergence": {
            "mean": 0.06380952380952379,
            "std": 0.02401813373889238,
            "num_values": 5
        },
        "Pragmatic Divergence": {
            "mean": 0.10842105263157895,
            "std": 0.030435436410107285,
            "num_values": 5
        },
        "mean_rank": {
            "mean": 17.515789473684215,
            "std": 3.9508616122593283,
            "num_values": 5
        },
        "diversity": {
            "mean": 1.0,
            "std": 0.0,
            "num_values": 5
        }
    },
    "a female": {
        "IOU Divergence": {
            "mean": 0.2740447957839262,
            "std": 0.05636165912044123,
            "num_values": 5
        },
        "SERP MS Divergence": {
            "mean": 0.0638095238095238,
            "std": 0.015238095238095254,
            "num_values": 5
        },
        "Pragmatic Divergence": {
            "mean": 0.10210526315789473,
            "std": 0.028942583336563226,
            "num_values": 5
        },
        "mean_rank": {
            "mean": 15.157894736842104,
            "std": 2.400138500158814,
            "num_values": 5
        },
        "diversity": {
            "mean": 1.0,
            "std": 0.0,
            "num_values": 5
        }
    },
    "a male": {
        "IOU Divergence": {
            "mean": 0.31884057971014496,
            "std": 0.02898550724637681,
            "num_values": 5
        },
        "SERP MS Divergence": {
            "mean": 0.06285714285714283,
            "std": 0.020514913550988615,
            "num_values": 5
        },