{
    "neutral": {
        "mean_rank": {
            "mean": 32.242105263157896,
            "std": 11.92407188441554,
            "num_values": 5
        },
        "diversity": {
            "mean": 0.9200000000000002,
            "std": 0.06782329983125265,
            "num_values": 5
        }
    },
    "an American": {
        "IOU Divergence": {
            "mean": 0.6897372742200328,
            "std": 0.03632241809400802,
            "num_values": 5
        },
        "SERP MS Divergence": {
            "mean": 0.46285714285714297,
            "std": 0.0278316937070523,
            "num_values": 5
        },
        "Pragmatic Divergence": {
            "mean": 0.46421052631578946,
            "std": 0.027929471918782308,
            "num_values": 5
        },
        "mean_rank": {
            "mean": 46.50526315789474,
            "std": 5.406326446948012,
            "num_values": 5
        },
        "diversity": {
            "mean": 0.9800000000000001,
            "std": 0.024494897427831803,
            "num_values": 5
        }
    },
    "a Brazilian": {
        "IOU Divergence": {
            "mean": 1.0,
            "std": 0.0,
            "num_values": 5
        },
        "SERP MS Divergence": {
            "mean": 1.0,
            "std": 0.0,
            "num_values": 5
        },
        "Pragmatic Divergence": {
            "mean": 1.0,
            "std": 0.0,
            "num_values": 5
        },
        "mean_rank": {
            "mean": 262.88666666666666,
            "std": 85.24520286998957,
            "num_values": 5
        },
        "diversity": {
            "mean": 0.62,
            "std": 0.2865202037561991,
            "num_values": 5
        }
    },
    "a British": {
        "IOU Divergence": {
            "mean": 0.8585405621445666,
            "std": 0.03317925948733954,
            "num_values": 5
        },
        "SERP MS Divergence": {
            "mean": 0.7057142857142857,
            "std": 0.03263207942668918,
            "num_values": 5
        },
        "Pragmatic Divergence": {
            "mean": 0.7284210526315789,
            "std": 0.025481512498758324,
            "num_values": 5
        },
        "mean_rank": {
            "mean": 82.91526315789473,
            "std": 6.3021933481312615,
            "num_values": 5
        },
        "diversity": {
            "mean": 0.908421052631579,
            "std": 0.08592659367963472,
            "num_values": 5
        }
    },
    "a Chinese": {
        "IOU Divergence": {
            "mean": 0.9388505747126438,
            "std": 0.04931771238800139,
            "num_values": 5
        },
        "SERP MS Divergence": {
            "mean": 0.9295238095238094,
            "std": 0.04521553322083513,
            "num_values": 5
        },
        "Pragmatic Divergence": {
            "mean": 0.9347368421052632,
            "std": 0.03890467076331859,
            "num_values": 5
        },
        "mean_rank": {
            "mean": 108.5542105263158,
            "std": 47.24557197149937,
            "num_values": 5
        },
        "diversity": {
            "mean": 0.7000000000000001,
            "std": 0.10488088481701516,
            "num_values": 5
        }
    },
    "a French": {
        "IOU Divergence": {
            "mean": 1.0,
            "std": 0.0,
            "num_values": 5
        },
        "SERP MS Divergence": {
            "mean": 1.0,
            "std": 0.0,
            "num_values": 5
        },
        "Pragmatic Divergence": {
            "mean": 1.0,
            "std": 0.0,
            "num_values": 5
        },
        "mean_rank": {
            "mean": 101.73333333333332,
            "std": 18.706089323473726,
            "num_values": 5
        },
        "diversity": {
            "mean": 0.7306193806193806,
            "std": 0.14478102757806674,
            "num_values": 5
        }
    },
    "a German": {
        "IOU Divergence": {
            "mean": 0.962962962962963,
            "std": 0.07407407407407404,
            "num_values": 5
        },
        "SERP MS Divergence": {
            "mean": 0.9323809523809523,
            "std": 0.13523809523809524,
            "num_values": 5
        },
        "Pragmatic Divergence": {
            "mean": 0.9452631578947368,
            "std": 0.1094736842105263,
            "num_values": 5
        },
        "mean_rank": {
            "mean": 149.4035380116959,
            "std": 67.0811541353351,
            "num_values": 5
        },
        "diversity": {
            "mean": 0.7927777777777777,
            "std": 0.20652623663775285,
            "num_values": 5
        }
    },
    "a Japanese": {
        "IOU Divergence": {
            "mean": 0.9622943722943724,
            "std": 0.018927404987091098,
            "num_values": 5
        },
        "SERP MS Divergence": {
            "mean": 0.9638095238095238,
            "std": 0.018220120447341902,
            "num_values": 5
        },
        "Pragmatic Divergence": {
            "mean": 0.9642105263157894,
            "std": 0.01804887178892869,
            "num_values": 5
        },
        "mean_rank": {
            "mean": 27.990000000000002,
            "std": 2.937243605831836,
            "num_values": 5
        },
        "diversity": {
            "mean": 0.16,
            "std": 0.020000000000000007,
            "num_values": 5
        }
    },
    "a girl": {
        "IOU Divergence": {
            "mean": 0.7076453201970443,
            "std": 0.025195017470448642,
            "num_values": 5
        },
        "SERP MS Divergence": {
            "mean": 0.5047619047619049,
            "std": 0.056101624666754814,
            "num_values": 5
        },
        "Pragmatic Divergence": {
            "mean": 0.5621052631578947,
            "std": 0.033848284612238995,
            "num_values": 5
        },
        "mean_rank": {
            "mean": 31.68,
            "std": 25.11705794873277,
            "num_values": 5
        },
        "diversity": {
            "mean": 0.6599999999999999,
            "std": 0.298998327754521,
            "num_values": 5
        }
    },
    "a boy": {
        "IOU Divergence": {
            "mean": 0.09787878787878787,
            "std": 0.1065426276041005,
            "num_values": 5
        },
        "SERP MS Divergence": {
            "mean": 0.02857142857142856,
            "std": 0.03938299643454348,
            "num_values": 5
        },
        "Pragmatic Divergence": {
            "mean": 0.13789473684210526,
            "std": 0.0820377590248367,
            "num_values": 5
        },
        "mean_rank": {
            "mean": 22.83157894736842,
            "std": 7.896940043451102,
            "num_values": 5
        },
        "diversity": {
            "mean": 0.9400000000000001,
            "std": 0.05830951894845301,
            "num_values": 5
        }
    },
    "a female": {
        "IOU Divergence": {
            "mean": 0.7076453201970443,
            "std": 0.025195017470448642,
            "num_values": 5
        },
        "SERP MS Divergence": {
            "mean": 0.5047619047619049,
            "std": 0.056101624666754814,
            "num_values": 5
        },
        "Pragmatic Divergence": {
            "mean": 0.5621052631578947,
            "std": 0.033848284612238995,
            "num_values": 5
        },
        "mean_rank": {
            "mean": 32.89,
            "std": 26.311792033231033,
            "num_values": 5
        },
        "diversity": {
            "mean": 0.6599999999999999,
            "std": 0.298998327754521,
            "num_values": 5
        }
    },
    "a male": {
        "IOU Divergence": {
            "mean": 0.10454545454545454,
            "std": 0.12824305436059893,
            "num_values": 5
        },
        "SERP MS Divergence": {
            "mean": 0.02857142857142856,
            "std": 0.03938299643454348,
            "num_values": 5
        },