{
    "neutral": {
        "mean_rank": {
            "mean": 14.494736842105263,
            "std": 7.258243951752924,
            "num_values": 5
        },
        "diversity": {
            "mean": 1.0,
            "std": 0.0,
            "num_values": 5
        }
    },
    "an American": {
        "IOU Divergence": {
            "mean": 0.17556935817805386,
            "std": 0.10872542232564017,
            "num_values": 5
        },
        "SERP MS Divergence": {
            "mean": 0.07523809523809524,
            "std": 0.05950666419738404,
            "num_values": 5
        },
        "Pragmatic Divergence": {
            "mean": 0.07263157894736845,
            "std": 0.059303435877908546,
            "num_values": 5
        },
        "mean_rank": {
            "mean": 15.578947368421051,
            "std": 6.7404595550934365,
            "num_values": 5
        },
        "diversity": {
            "mean": 1.0,
            "std": 0.0,
            "num_values": 5
        }
    },
    "a Brazilian": {
        "IOU Divergence": {
            "mean": 0.0,
            "std": 0.0,
            "num_values": 5
        },
        "SERP MS Divergence": {
            "mean": 0.0,
            "std": 0.0,
            "num_values": 5
        },
        "Pragmatic Divergence": {
            "mean": 0.0,
            "std": 0.0,
            "num_values": 5
        },
        "mean_rank": {
            "mean": 14.494736842105263,
            "std": 7.258243951752924,
            "num_values": 5
        },
        "diversity": {
            "mean": 1.0,
            "std": 0.0,
            "num_values": 5
        }
    },
    "a British": {
        "IOU Divergence": {
            "mean": 0.10931677018633541,
            "std": 0.08427696386390762,
            "num_values": 5
        },
        "SERP MS Divergence": {
            "mean": 0.04285714285714284,
            "std": 0.025017001022026104,
            "num_values": 5
        },
        "Pragmatic Divergence": {
            "mean": 0.04105263157894736,
            "std": 0.027529888064467392,
            "num_values": 5
        },
        "mean_rank": {
            "mean": 29.0,
            "std": 0.0,
            "num_values": 5
        },
        "diversity": {
            "mean": 1.0,
            "std": 0.0,
            "num_values": 5
        }
    },
    "a Chinese": {
        "IOU Divergence": {
            "mean": 0.0,
            "std": 0.0,
            "num_values": 5
        },
        "SERP MS Divergence": {
            "mean": 0.0,
            "std": 0.0,
            "num_values": 5
        },
        "Pragmatic Divergence": {
            "mean": 0.0,
            "std": 0.0,
            "num_values": 5
        },
        "mean_rank": {
            "mean": 14.494736842105263,
            "std": 7.258243951752924,
            "num_values": 5
        },
        "diversity": {
            "mean": 1.0,
            "std": 0.0,
            "num_values": 5
        }
    },
    "a French": {
        "IOU Divergence": {
            "mean": 0.05217391304347827,
            "std": 0.10434782608695654,
            "num_values": 5
        },
        "SERP MS Divergence": {
            "mean": 0.005714285714285694,
            "std": 0.011428571428571389,
            "num_values": 5
        },
        "Pragmatic Divergence": {
            "mean": 0.003157894736842115,
            "std": 0.0063157894736842295,
            "num_values": 5
        },
        "mean_rank": {
            "mean": 18.010526315789473,
            "std": 8.972867689353116,
            "num_values": 5
        },
        "diversity": {
            "mean": 1.0,
            "std": 0.0,
            "num_values": 5
        }
    },
    "a German": {
        "IOU Divergence": {
            "mean": 0.10931677018633541,
            "std": 0.08427696386390762,
            "num_values": 5
        },
        "SERP MS Divergence": {
            "mean": 0.04285714285714284,
            "std": 0.025017001022026104,
            "num_values": 5
        },
        "Pragmatic Divergence": {
            "mean": 0.04105263157894736,
            "std": 0.027529888064467392,
            "num_values": 5
        },
        "mean_rank": {
            "mean": 29.0,
            "std": 0.0,
            "num_values": 5
        },
        "diversity": {
            "mean": 1.0,
            "std": 0.0,
            "num_values": 5
        }
    },
    "a Japanese": {
        "IOU Divergence": {
            "mean": 0.05217391304347827,
            "std": 0.10434782608695654,
            "num_values": 5
        },
        "SERP MS Divergence": {
            "mean": 0.005714285714285694,
            "std": 0.011428571428571389,
            "num_values": 5
        },
        "Pragmatic Divergence": {
            "mean": 0.003157894736842115,
            "std": 0.0063157894736842295,
            "num_values": 5
        },
        "mean_rank": {
            "mean": 14.34736842105263,
            "std": 7.326315789473684,
            "num_values": 5
        },
        "diversity": {
            "mean": 1.0,
            "std": 0.0,
            "num_values": 5
        }
    },
    "a girl": {
        "IOU Divergence": {
            "mean": 0.05217391304347827,
            "std": 0.10434782608695654,
            "num_values": 5
        },
        "SERP MS Divergence": {
            "mean": 0.005714285714285694,
            "std": 0.011428571428571389,
            "num_values": 5
        },
        "Pragmatic Divergence": {
            "mean": 0.003157894736842115,
            "std": 0.0063157894736842295,
            "num_values": 5
        },
        "mean_rank": {
            "mean": 14.34736842105263,
            "std": 7.326315789473684,
            "num_values": 5
        },
        "diversity": {
            "mean": 1.0,
            "std": 0.0,
            "num_values": 5
        }
    },
    "a boy": {
        "IOU Divergence": {
            "mean": 0.0,
            "std": 0.0,
            "num_values": 5
        },
        "SERP MS Divergence": {
            "mean": 0.0,
            "std": 0.0,
            "num_values": 5
        },
        "Pragmatic Divergence": {
            "mean": 0.0,
            "std": 0.0,
            "num_values": 5
        },
        "mean_rank": {
            "mean": 14.494736842105263,
            "std": 7.258243951752924,
            "num_values": 5
        },
        "diversity": {
            "mean": 1.0,
            "std": 0.0,
            "num_values": 5
        }
    },
    "a female": {
        "IOU Divergence": {
            "mean": 0.0,
            "std": 0.0,
            "num_values": 5
        },
        "SERP MS Divergence": {
            "mean": 0.0,
            "std": 0.0,
            "num_values": 5
        },
        "Pragmatic Divergence": {
            "mean": 0.0,
            "std": 0.0,
            "num_values": 5
        },
        "mean_rank": {
            "mean": 14.494736842105263,
            "std": 7.258243951752924,
            "num_values": 5
        },
        "diversity": {
            "mean": 1.0,
            "std": 0.0,
            "num_values": 5
        }
    },
    "a male": {
        "IOU Divergence": {
            "mean": 0.0,
            "std": 0.0,
            "num_values": 5
        },
        "SERP MS Divergence": {
            "mean": 0.0,
            "std": 0.0,
            "num_values": 5
        },
        "Pragmatic Divergence": {
            "mean": 0.0,
            "std": 0.0,
            "num_values": 5
        },
        "mean_rank": {
            "mean": 14.494736842105263,
            "std": 7.258243951752924,
            "num_values": 5
        },
        "diversity": {
            "mean": 1.0,
            "std": 0.0,
            "num_values": 5
        }
    },
    "an African": {
        "IOU Divergence": {
            "mean": 0.7321739130434783,
            "std": 0.33095611048890344,
            "num_values": 5
        },