{
    "neutral": {
        "mean_rank": {
            "mean": 51.83421052631579,
            "std": 8.217148813672464,
            "num_values": 5
        },
        "diversity": {
            "mean": 1.0,
            "std": 0.0,
            "num_values": 5
        }
    },
    "an American": {
        "IOU Divergence": {
            "mean": 0.5553113553113553,
            "std": 0.07068173479245025,
            "num_values": 5
        },
        "SERP MS Divergence": {
            "mean": 0.2658145363408522,
            "std": 0.09478146699321757,
            "num_values": 5
        },
        "Pragmatic Divergence": {
            "mean": 0.30058479532163745,
            "std": 0.09566436431347204,
            "num_values": 5
        },
        "mean_rank": {
            "mean": 46.72900584795322,
            "std": 12.29235569903978,
            "num_values": 5
        },
        "diversity": {
            "mean": 0.8800000000000001,
            "std": 0.24,
            "num_values": 5
        }
    },
    "a Brazilian": {
        "IOU Divergence": {
            "mean": 0.5834712643678162,
            "std": 0.11582156745120606,
            "num_values": 5
        },
        "SERP MS Divergence": {
            "mean": 0.2939348370927318,
            "std": 0.04362353919649136,
            "num_values": 5
        },
        "Pragmatic Divergence": {
            "mean": 0.42187134502923984,
            "std": 0.05488184921143663,
            "num_values": 5
        },
        "mean_rank": {
            "mean": 30.061885104919163,
            "std": 10.046234002126695,
            "num_values": 5
        },
        "diversity": {
            "mean": 0.99,
            "std": 0.020000000000000018,
            "num_values": 5
        }
    },
    "a British": {
        "IOU Divergence": {
            "mean": 0.515920351789917,
            "std": 0.15981893923599572,
            "num_values": 5
        },
        "SERP MS Divergence": {
            "mean": 0.2656140350877193,
            "std": 0.13027562172069448,
            "num_values": 5
        },
        "Pragmatic Divergence": {
            "mean": 0.3162573099415205,
            "std": 0.13415841972860723,
            "num_values": 5
        },
        "mean_rank": {
            "mean": 73.21609710550885,
            "std": 7.47224744272928,
            "num_values": 5
        },
        "diversity": {
            "mean": 0.99,
            "std": 0.020000000000000018,
            "num_values": 5
        }
    },
    "a Chinese": {
        "IOU Divergence": {
            "mean": 0.6558416347381865,
            "std": 0.1934300146328926,
            "num_values": 5
        },
        "SERP MS Divergence": {
            "mean": 0.4383458646616541,
            "std": 0.2954502643860076,
            "num_values": 5
        },
        "Pragmatic Divergence": {
            "mean": 0.5155555555555555,
            "std": 0.2666139785848204,
            "num_values": 5
        },
        "mean_rank": {
            "mean": 55.78947368421052,
            "std": 28.09807674730616,
            "num_values": 5
        },
        "diversity": {
            "mean": 1.0,
            "std": 0.0,
            "num_values": 5
        }
    },
    "a French": {
        "IOU Divergence": {
            "mean": 0.6103703703703703,
            "std": 0.13582850479943223,
            "num_values": 5
        },
        "SERP MS Divergence": {
            "mean": 0.36751879699248124,
            "std": 0.1617093103951057,
            "num_values": 5
        },
        "Pragmatic Divergence": {
            "mean": 0.40584795321637424,
            "std": 0.14350691315515085,
            "num_values": 5
        },
        "mean_rank": {
            "mean": 79.91839181286551,
            "std": 28.5818776539979,
            "num_values": 5
        },
        "diversity": {
            "mean": 0.967251461988304,
            "std": 0.0441665674584777,
            "num_values": 5
        }
    },
    "a German": {
        "IOU Divergence": {
            "mean": 0.5971916971916972,
            "std": 0.05269352394034922,
            "num_values": 5
        },
        "SERP MS Divergence": {
            "mean": 0.34085213032581463,
            "std": 0.0693360105937782,
            "num_values": 5
        },
        "Pragmatic Divergence": {
            "mean": 0.41906432748538014,
            "std": 0.1039815416639199,
            "num_values": 5
        },
        "mean_rank": {
            "mean": 82.91416666666666,
            "std": 21.554960050479746,
            "num_values": 5
        },
        "diversity": {
            "mean": 1.0,
            "std": 0.0,
            "num_values": 5
        }
    },
    "a Japanese": {
        "IOU Divergence": {
            "mean": 0.9939393939393939,
            "std": 0.01212121212121211,
            "num_values": 5
        },
        "SERP MS Divergence": {
            "mean": 0.9895238095238096,
            "std": 0.02095238095238097,
            "num_values": 5
        },
        "Pragmatic Divergence": {
            "mean": 0.9894736842105264,
            "std": 0.021052631578947347,
            "num_values": 5
        },
        "mean_rank": {
            "mean": 141.30932330827068,
            "std": 43.81909386094208,
            "num_values": 5
        },
        "diversity": {
            "mean": 1.0,
            "std": 0.0,
            "num_values": 5
        }
    },
    "a girl": {
        "IOU Divergence": {
            "mean": 0.9894736842105264,
            "std": 0.021052631578947347,
            "num_values": 5
        },
        "SERP MS Divergence": {
            "mean": 0.9952380952380953,
            "std": 0.009523809523809533,
            "num_values": 5
        },
        "Pragmatic Divergence": {
            "mean": 0.9968421052631579,
            "std": 0.00631578947368423,
            "num_values": 5
        },
        "mean_rank": {
            "mean": 124.655,
            "std": 23.982964787532,
            "num_values": 5
        },
        "diversity": {
            "mean": 1.0,
            "std": 0.0,
            "num_values": 5
        }
    },
    "a boy": {
        "IOU Divergence": {
            "mean": 0.7439915966386554,
            "std": 0.09739232509981617,
            "num_values": 5
        },
        "SERP MS Divergence": {
            "mean": 0.5022556390977444,
            "std": 0.14344538784096073,
            "num_values": 5
        },
        "Pragmatic Divergence": {
            "mean": 0.548421052631579,
            "std": 0.10934415288771902,
            "num_values": 5
        },
        "mean_rank": {
            "mean": 26.20818713450293,
            "std": 3.5779182864804264,
            "num_values": 5
        },
        "diversity": {
            "mean": 1.0,
            "std": 0.0,
            "num_values": 5
        }
    },
    "a female": {
        "IOU Divergence": {
            "mean": 0.8542668059909438,
            "std": 0.11522433604998662,
            "num_values": 5
        },
        "SERP MS Divergence": {
            "mean": 0.7177944862155389,
            "std": 0.19747802184229712,
            "num_values": 5
        },
        "Pragmatic Divergence": {
            "mean": 0.743391812865497,
            "std": 0.16397035134178303,
            "num_values": 5
        },
        "mean_rank": {
            "mean": 58.9575,
            "std": 18.03973322973486,
            "num_values": 5
        },
        "diversity": {
            "mean": 0.99,
            "std": 0.020000000000000018,
            "num_values": 5
        }
    },
    "a male": {
        "IOU Divergence": {
            "mean": 0.5160219780219781,
            "std": 0.06383949200174749,
            "num_values": 5
        },
        "SERP MS Divergence": {
            "mean": 0.2543859649122807,
            "std": 0.12283442996189183,
            "num_values": 5
        },
        "Pragmatic Divergence": {
            "mean": 0.312046783625731,