{
    "neutral": {
        "mean_rank": {
            "mean": 46.307426900584794,
            "std": 1.9468798853338778,
            "num_values": 5
        },
        "diversity": {
            "mean": 1.0,
            "std": 0.0,
            "num_values": 5
        }
    },
    "an American": {
        "IOU Divergence": {
            "mean": 0.4492318840579711,
            "std": 0.07211934960960022,
            "num_values": 5
        },
        "SERP MS Divergence": {
            "mean": 0.16335839598997495,
            "std": 0.06457599579794547,
            "num_values": 5
        },
        "Pragmatic Divergence": {
            "mean": 0.23293429652562775,
            "std": 0.05183366057338179,
            "num_values": 5
        },
        "mean_rank": {
            "mean": 33.50355693154455,
            "std": 9.611692214113818,
            "num_values": 5
        },
        "diversity": {
            "mean": 0.99,
            "std": 0.020000000000000018,
            "num_values": 5
        }
    },
    "a Brazilian": {
        "IOU Divergence": {
            "mean": 0.559035409035409,
            "std": 0.03443427899532607,
            "num_values": 5
        },
        "SERP MS Divergence": {
            "mean": 0.24591478696741859,
            "std": 0.03479844956510425,
            "num_values": 5
        },
        "Pragmatic Divergence": {
            "mean": 0.34783625730994155,
            "std": 0.05345732995245365,
            "num_values": 5
        },
        "mean_rank": {
            "mean": 32.15029239766082,
            "std": 5.988795095915808,
            "num_values": 5
        },
        "diversity": {
            "mean": 0.99,
            "std": 0.020000000000000018,
            "num_values": 5
        }
    },
    "a British": {
        "IOU Divergence": {
            "mean": 0.5790519136036377,
            "std": 0.06524100087963652,
            "num_values": 5
        },
        "SERP MS Divergence": {
            "mean": 0.2903759398496241,
            "std": 0.08431229678060556,
            "num_values": 5
        },
        "Pragmatic Divergence": {
            "mean": 0.32871689026487794,
            "std": 0.10179525830540732,
            "num_values": 5
        },
        "mean_rank": {
            "mean": 68.27304093567253,
            "std": 11.543888756132686,
            "num_values": 5
        },
        "diversity": {
            "mean": 0.9894736842105264,
            "std": 0.02105263157894739,
            "num_values": 5
        }
    },
    "a Chinese": {
        "IOU Divergence": {
            "mean": 0.7417400018512366,
            "std": 0.14551698154445347,
            "num_values": 5
        },
        "SERP MS Divergence": {
            "mean": 0.5329323308270677,
            "std": 0.25261927606594853,
            "num_values": 5
        },
        "Pragmatic Divergence": {
            "mean": 0.5799312005503956,
            "std": 0.19191291644499925,
            "num_values": 5
        },
        "mean_rank": {
            "mean": 54.87157894736843,
            "std": 18.520042254189185,
            "num_values": 5
        },
        "diversity": {
            "mean": 1.0,
            "std": 0.0,
            "num_values": 5
        }
    },
    "a French": {
        "IOU Divergence": {
            "mean": 0.9566316316316316,
            "std": 0.0547911821848807,
            "num_values": 5
        },
        "SERP MS Divergence": {
            "mean": 0.93906432748538,
            "std": 0.07674546871062793,
            "num_values": 5
        },
        "Pragmatic Divergence": {
            "mean": 0.9448228414172688,
            "std": 0.06670233485817152,
            "num_values": 5
        },
        "mean_rank": {
            "mean": 151.70380952380953,
            "std": 26.723055542090787,
            "num_values": 5
        },
        "diversity": {
            "mean": 0.8114285714285714,
            "std": 0.20920646963890843,
            "num_values": 5
        }
    },
    "a German": {
        "IOU Divergence": {
            "mean": 0.6954410250072096,
            "std": 0.07209995124102483,
            "num_values": 5
        },
        "SERP MS Divergence": {
            "mean": 0.41904761904761906,
            "std": 0.12963912012951803,
            "num_values": 5
        },
        "Pragmatic Divergence": {
            "mean": 0.45742690058479535,
            "std": 0.1155579231236968,
            "num_values": 5
        },
        "mean_rank": {
            "mean": 83.09625386996903,
            "std": 5.147656333855634,
            "num_values": 5
        },
        "diversity": {
            "mean": 0.99,
            "std": 0.020000000000000018,
            "num_values": 5
        }
    },
    "a Japanese": {
        "IOU Divergence": {
            "mean": 0.9948717948717949,
            "std": 0.010256410256410265,
            "num_values": 5
        },
        "SERP MS Divergence": {
            "mean": 0.9942857142857143,
            "std": 0.011428571428571432,
            "num_values": 5
        },
        "Pragmatic Divergence": {
            "mean": 0.9947368421052631,
            "std": 0.010526315789473672,
            "num_values": 5
        },
        "mean_rank": {
            "mean": 99.8078947368421,
            "std": 19.860556965797553,
            "num_values": 5
        },
        "diversity": {
            "mean": 1.0,
            "std": 0.0,
            "num_values": 5
        }
    },
    "a girl": {
        "IOU Divergence": {
            "mean": 0.9947368421052631,
            "std": 0.010526315789473672,
            "num_values": 5
        },
        "SERP MS Divergence": {
            "mean": 0.9968421052631579,
            "std": 0.00631578947368423,
            "num_values": 5
        },
        "Pragmatic Divergence": {
            "mean": 0.9976608187134502,
            "std": 0.004678362573099415,
            "num_values": 5
        },
        "mean_rank": {
            "mean": 104.28142857142856,
            "std": 11.02669266010476,
            "num_values": 5
        },
        "diversity": {
            "mean": 1.0,
            "std": 0.0,
            "num_values": 5
        }
    },
    "a boy": {
        "IOU Divergence": {
            "mean": 0.7543084066471163,
            "std": 0.06081442381441619,
            "num_values": 5
        },
        "SERP MS Divergence": {
            "mean": 0.5675187969924813,
            "std": 0.08694345043241115,
            "num_values": 5
        },
        "Pragmatic Divergence": {
            "mean": 0.6338630890952872,
            "std": 0.07258413536509142,
            "num_values": 5
        },
        "mean_rank": {
            "mean": 43.00760233918128,
            "std": 16.50903062152696,
            "num_values": 5
        },
        "diversity": {
            "mean": 1.0,
            "std": 0.0,
            "num_values": 5
        }
    },
    "a female": {
        "IOU Divergence": {
            "mean": 0.9212269412269413,
            "std": 0.03158487973663759,
            "num_values": 5
        },
        "SERP MS Divergence": {
            "mean": 0.8608187134502924,
            "std": 0.09434254818589538,
            "num_values": 5
        },
        "Pragmatic Divergence": {
            "mean": 0.8622703818369454,
            "std": 0.10346223644150848,
            "num_values": 5
        },
        "mean_rank": {
            "mean": 82.61333333333333,
            "std": 27.448528396092765,
            "num_values": 5
        },
        "diversity": {
            "mean": 1.0,
            "std": 0.0,
            "num_values": 5
        }
    },
    "a male": {
        "IOU Divergence": {
            "mean": 0.5172831541218638,
            "std": 0.13951303099899848,
            "num_values": 5
        },
        "SERP MS Divergence": {
            "mean": 0.2560568086883877,
            "std": 0.1842265937521476,
            "num_values": 5
        },