{
    "neutral": {
        "mean_rank": {
            "mean": 22.66,
            "std": 6.835012801743679,
            "num_values": 5
        },
        "diversity": {
            "mean": 0.6700000000000002,
            "std": 0.1691153452528776,
            "num_values": 5
        }
    },
    "an American": {
        "IOU Divergence": {
            "mean": 0.1832581453634085,
            "std": 0.18891155292038464,
            "num_values": 5
        },
        "SERP MS Divergence": {
            "mean": 0.008571428571428563,
            "std": 0.012918723777381461,
            "num_values": 5
        },
        "Pragmatic Divergence": {
            "mean": 0.3189473684210526,
            "std": 0.16965338625604867,
            "num_values": 5
        },
        "mean_rank": {
            "mean": 30.439999999999998,
            "std": 10.99992727248685,
            "num_values": 5
        },
        "diversity": {
            "mean": 0.8099999999999999,
            "std": 0.19339079605813714,
            "num_values": 5
        }
    },
    "a Brazilian": {
        "IOU Divergence": {
            "mean": 0.33221052631578946,
            "std": 0.1165804773307919,
            "num_values": 5
        },
        "SERP MS Divergence": {
            "mean": 0.05809523809523809,
            "std": 0.05889380889043926,
            "num_values": 5
        },
        "Pragmatic Divergence": {
            "mean": 0.43157894736842106,
            "std": 0.11214355659296059,
            "num_values": 5
        },
        "mean_rank": {
            "mean": 30.037368421052633,
            "std": 10.228394755765851,
            "num_values": 5
        },
        "diversity": {
            "mean": 0.8533333333333333,
            "std": 0.1142122779934121,
            "num_values": 5
        }
    },
    "a British": {
        "IOU Divergence": {
            "mean": 0.40581419612379366,
            "std": 0.1368923410770004,
            "num_values": 5
        },
        "SERP MS Divergence": {
            "mean": 0.14571428571428577,
            "std": 0.04483277065119935,
            "num_values": 5
        },
        "Pragmatic Divergence": {
            "mean": 0.4557894736842106,
            "std": 0.04966368889299136,
            "num_values": 5
        },
        "mean_rank": {
            "mean": 38.534674922600615,
            "std": 8.64892656899385,
            "num_values": 5
        },
        "diversity": {
            "mean": 0.793312693498452,
            "std": 0.12022044565740282,
            "num_values": 5
        }
    },
    "a Chinese": {
        "IOU Divergence": {
            "mean": 0.39303387687827046,
            "std": 0.16766437775324902,
            "num_values": 5
        },
        "SERP MS Divergence": {
            "mean": 0.10190476190476191,
            "std": 0.09868063883419902,
            "num_values": 5
        },
        "Pragmatic Divergence": {
            "mean": 0.43052631578947365,
            "std": 0.043579455883125166,
            "num_values": 5
        },
        "mean_rank": {
            "mean": 35.94,
            "std": 13.798601378400638,
            "num_values": 5
        },
        "diversity": {
            "mean": 0.8357142857142856,
            "std": 0.13240321840838296,
            "num_values": 5
        }
    },
    "a French": {
        "IOU Divergence": {
            "mean": 0.3890359231411863,
            "std": 0.0634975896992673,
            "num_values": 5
        },
        "SERP MS Divergence": {
            "mean": 0.039999999999999994,
            "std": 0.04898979485566354,
            "num_values": 5
        },
        "Pragmatic Divergence": {
            "mean": 0.38842105263157894,
            "std": 0.11006923029195627,
            "num_values": 5
        },
        "mean_rank": {
            "mean": 34.09157894736842,
            "std": 8.497781590907064,
            "num_values": 5
        },
        "diversity": {
            "mean": 0.9294736842105262,
            "std": 0.11653349476293094,
            "num_values": 5
        }
    },
    "a German": {
        "IOU Divergence": {
            "mean": 0.3302987616099071,
            "std": 0.1681503392817323,
            "num_values": 5
        },
        "SERP MS Divergence": {
            "mean": 0.0657142857142857,
            "std": 0.05764855600160592,
            "num_values": 5
        },
        "Pragmatic Divergence": {
            "mean": 0.43157894736842106,
            "std": 0.10383238143711741,
            "num_values": 5
        },
        "mean_rank": {
            "mean": 29.501578947368422,
            "std": 10.542289012246274,
            "num_values": 5
        },
        "diversity": {
            "mean": 0.8,
            "std": 0.15165750888103102,
            "num_values": 5
        }
    },
    "a Japanese": {
        "IOU Divergence": {
            "mean": 0.45933014354066987,
            "std": 0.039105869362110184,
            "num_values": 5
        },
        "SERP MS Divergence": {
            "mean": 0.10761904761904764,
            "std": 0.0802264369091531,
            "num_values": 5
        },
        "Pragmatic Divergence": {
            "mean": 0.41578947368421054,
            "std": 0.04948488115176066,
            "num_values": 5
        },
        "mean_rank": {
            "mean": 37.522105263157904,
            "std": 6.034647331953428,
            "num_values": 5
        },
        "diversity": {
            "mean": 0.868421052631579,
            "std": 0.10703767426430452,
            "num_values": 5
        }
    },
    "a girl": {
        "IOU Divergence": {
            "mean": 0.45356346749226006,
            "std": 0.054127435468392875,
            "num_values": 5
        },
        "SERP MS Divergence": {
            "mean": 0.14857142857142863,
            "std": 0.09386631106920898,
            "num_values": 5
        },
        "Pragmatic Divergence": {
            "mean": 0.45473684210526316,
            "std": 0.06116142756351136,
            "num_values": 5
        },
        "mean_rank": {
            "mean": 37.232549019607845,
            "std": 12.83632798685365,
            "num_values": 5
        },
        "diversity": {
            "mean": 0.882483660130719,
            "std": 0.06991008059370914,
            "num_values": 5
        }
    },
    "a boy": {
        "IOU Divergence": {
            "mean": 0.46992481203007525,
            "std": 0.039864595790944535,
            "num_values": 5
        },
        "SERP MS Divergence": {
            "mean": 0.0704761904761905,
            "std": 0.07059192556269116,
            "num_values": 5
        },
        "Pragmatic Divergence": {
            "mean": 0.47789473684210526,
            "std": 0.05256838311235274,
            "num_values": 5
        },
        "mean_rank": {
            "mean": 19.336842105263155,
            "std": 3.4121503605648,
            "num_values": 5
        },
        "diversity": {
            "mean": 0.9800000000000001,
            "std": 0.024494897427831803,
            "num_values": 5
        }
    },
    "a female": {
        "IOU Divergence": {
            "mean": 0.438970588235294,
            "std": 0.07919174582692896,
            "num_values": 5
        },
        "SERP MS Divergence": {
            "mean": 0.10380952380952382,
            "std": 0.07078439686118876,
            "num_values": 5
        },
        "Pragmatic Divergence": {
            "mean": 0.45999999999999996,
            "std": 0.09883532289941477,
            "num_values": 5
        },
        "mean_rank": {
            "mean": 34.70017543859649,
            "std": 10.583413045991456,
            "num_values": 5
        },
        "diversity": {
            "mean": 0.8144444444444444,
            "std": 0.07417030785901614,
            "num_values": 5
        }
    },
    "a male": {
        "IOU Divergence": {
            "mean": 0.4737619047619047,
            "std": 0.055945876014983464,