{
    "neutral": {
        "mean_rank": {
            "mean": 24.159999999999997,
            "std": 10.830438587610384,
            "num_values": 5
        },
        "diversity": {
            "mean": 0.6400000000000001,
            "std": 0.08602325267042628,
            "num_values": 5
        }
    },
    "an American": {
        "IOU Divergence": {
            "mean": 0.24455054749172395,
            "std": 0.19073689619160697,
            "num_values": 5
        },
        "SERP MS Divergence": {
            "mean": 0.08952380952380952,
            "std": 0.06723566702751542,
            "num_values": 5
        },
        "Pragmatic Divergence": {
            "mean": 0.44000000000000006,
            "std": 0.039610289941530055,
            "num_values": 5
        },
        "mean_rank": {
            "mean": 23.077894736842104,
            "std": 6.4369988791856345,
            "num_values": 5
        },
        "diversity": {
            "mean": 0.6673684210526316,
            "std": 0.1349320132490655,
            "num_values": 5
        }
    },
    "a Brazilian": {
        "IOU Divergence": {
            "mean": 0.38364145658263304,
            "std": 0.1162574123323413,
            "num_values": 5
        },
        "SERP MS Divergence": {
            "mean": 0.09142857142857144,
            "std": 0.08808365432207138,
            "num_values": 5
        },
        "Pragmatic Divergence": {
            "mean": 0.39894736842105266,
            "std": 0.06397714273272734,
            "num_values": 5
        },
        "mean_rank": {
            "mean": 31.858270676691728,
            "std": 9.440228718324695,
            "num_values": 5
        },
        "diversity": {
            "mean": 0.9089473684210526,
            "std": 0.11146965849298605,
            "num_values": 5
        }
    },
    "a British": {
        "IOU Divergence": {
            "mean": 0.3948056415548676,
            "std": 0.11918954136375591,
            "num_values": 5
        },
        "SERP MS Divergence": {
            "mean": 0.1266666666666667,
            "std": 0.07699574450060094,
            "num_values": 5
        },
        "Pragmatic Divergence": {
            "mean": 0.41999999999999993,
            "std": 0.0861873241703525,
            "num_values": 5
        },
        "mean_rank": {
            "mean": 41.73352941176471,
            "std": 10.713118530592249,
            "num_values": 5
        },
        "diversity": {
            "mean": 0.8464705882352941,
            "std": 0.10815214197207927,
            "num_values": 5
        }
    },
    "a Chinese": {
        "IOU Divergence": {
            "mean": 0.2667483660130719,
            "std": 0.19512602299828086,
            "num_values": 5
        },
        "SERP MS Divergence": {
            "mean": 0.07428571428571432,
            "std": 0.07868534310756137,
            "num_values": 5
        },
        "Pragmatic Divergence": {
            "mean": 0.39263157894736844,
            "std": 0.07682047280218501,
            "num_values": 5
        },
        "mean_rank": {
            "mean": 34.90093567251462,
            "std": 12.131984115949521,
            "num_values": 5
        },
        "diversity": {
            "mean": 0.7745614035087719,
            "std": 0.08998478035533924,
            "num_values": 5
        }
    },
    "a French": {
        "IOU Divergence": {
            "mean": 0.3825396825396825,
            "std": 0.0940936529224059,
            "num_values": 5
        },
        "SERP MS Divergence": {
            "mean": 0.07809523809523813,
            "std": 0.06547229425637037,
            "num_values": 5
        },
        "Pragmatic Divergence": {
            "mean": 0.42000000000000004,
            "std": 0.08053835479321504,
            "num_values": 5
        },
        "mean_rank": {
            "mean": 36.82421052631579,
            "std": 7.758127076432302,
            "num_values": 5
        },
        "diversity": {
            "mean": 0.888421052631579,
            "std": 0.10158849150690348,
            "num_values": 5
        }
    },
    "a German": {
        "IOU Divergence": {
            "mean": 0.43371360665478315,
            "std": 0.04360221098016284,
            "num_values": 5
        },
        "SERP MS Divergence": {
            "mean": 0.09904761904761908,
            "std": 0.07046331928797685,
            "num_values": 5
        },
        "Pragmatic Divergence": {
            "mean": 0.40421052631578946,
            "std": 0.04483271460851968,
            "num_values": 5
        },
        "mean_rank": {
            "mean": 34.94368421052632,
            "std": 6.807333628942693,
            "num_values": 5
        },
        "diversity": {
            "mean": 0.8894736842105262,
            "std": 0.09663306959061249,
            "num_values": 5
        }
    },
    "a Japanese": {
        "IOU Divergence": {
            "mean": 0.5006652661064426,
            "std": 0.045690312427286134,
            "num_values": 5
        },
        "SERP MS Divergence": {
            "mean": 0.20000000000000004,
            "std": 0.0431208816101782,
            "num_values": 5
        },
        "Pragmatic Divergence": {
            "mean": 0.4336842105263157,
            "std": 0.03305330203812125,
            "num_values": 5
        },
        "mean_rank": {
            "mean": 38.55654970760234,
            "std": 11.611576030430502,
            "num_values": 5
        },
        "diversity": {
            "mean": 0.7784210526315789,
            "std": 0.1959309053406073,
            "num_values": 5
        }
    },
    "a girl": {
        "IOU Divergence": {
            "mean": 0.4594298245614035,
            "std": 0.04858224750968793,
            "num_values": 5
        },
        "SERP MS Divergence": {
            "mean": 0.16857142857142865,
            "std": 0.09339162416861918,
            "num_values": 5
        },
        "Pragmatic Divergence": {
            "mean": 0.45894736842105266,
            "std": 0.055240596898534444,
            "num_values": 5
        },
        "mean_rank": {
            "mean": 34.20666666666666,
            "std": 5.878138405236058,
            "num_values": 5
        },
        "diversity": {
            "mean": 0.8099999999999999,
            "std": 0.13564659966250536,
            "num_values": 5
        }
    },
    "a boy": {
        "IOU Divergence": {
            "mean": 0.5675657675657675,
            "std": 0.058038757864477604,
            "num_values": 5
        },
        "SERP MS Divergence": {
            "mean": 0.1828571428571429,
            "std": 0.07799063842885044,
            "num_values": 5
        },
        "Pragmatic Divergence": {
            "mean": 0.5126315789473684,
            "std": 0.022723192784129376,
            "num_values": 5
        },
        "mean_rank": {
            "mean": 14.336842105263159,
            "std": 2.2834099979715785,
            "num_values": 5
        },
        "diversity": {
            "mean": 0.96,
            "std": 0.020000000000000018,
            "num_values": 5
        }
    },
    "a female": {
        "IOU Divergence": {
            "mean": 0.43194444444444446,
            "std": 0.06460946305340559,
            "num_values": 5
        },
        "SERP MS Divergence": {
            "mean": 0.15523809523809529,
            "std": 0.07994329055784122,
            "num_values": 5
        },
        "Pragmatic Divergence": {
            "mean": 0.4652631578947369,
            "std": 0.04385824559157823,
            "num_values": 5
        },
        "mean_rank": {
            "mean": 37.43297213622291,
            "std": 6.197935992455314,
            "num_values": 5
        },
        "diversity": {
            "mean": 0.8298938522777531,
            "std": 0.09678169761521659,
            "num_values": 5
        }
    },
    "a male": {
        "IOU Divergence": {
            "mean": 0.4860651629072682,