{
    "neutral": {
        "mean_rank": {
            "mean": 44.13443609022556,
            "std": 15.627894828181391,
            "num_values": 5
        },
        "diversity": {
            "mean": 0.9894736842105264,
            "std": 0.02105263157894739,
            "num_values": 5
        }
    },
    "an American": {
        "IOU Divergence": {
            "mean": 0.5718571428571428,
            "std": 0.11903641852072148,
            "num_values": 5
        },
        "SERP MS Divergence": {
            "mean": 0.18511278195488723,
            "std": 0.04457451084466713,
            "num_values": 5
        },
        "Pragmatic Divergence": {
            "mean": 0.20195488721804508,
            "std": 0.07930759207170876,
            "num_values": 5
        },
        "mean_rank": {
            "mean": 31.56583124477861,
            "std": 12.65349819549947,
            "num_values": 5
        },
        "diversity": {
            "mean": 0.9894736842105264,
            "std": 0.02105263157894739,
            "num_values": 5
        }
    },
    "a Brazilian": {
        "IOU Divergence": {
            "mean": 0.5278748562226824,
            "std": 0.17243503513443145,
            "num_values": 5
        },
        "SERP MS Divergence": {
            "mean": 0.17797827903091065,
            "std": 0.10504052253872181,
            "num_values": 5
        },
        "Pragmatic Divergence": {
            "mean": 0.17918899813636657,
            "std": 0.050168322288580564,
            "num_values": 5
        },
        "mean_rank": {
            "mean": 27.856315789473683,
            "std": 2.608743873656046,
            "num_values": 5
        },
        "diversity": {
            "mean": 1.0,
            "std": 0.0,
            "num_values": 5
        }
    },
    "a British": {
        "IOU Divergence": {
            "mean": 0.4914439946018893,
            "std": 0.15601731926116857,
            "num_values": 5
        },
        "SERP MS Divergence": {
            "mean": 0.1902589807852966,
            "std": 0.08285319224001729,
            "num_values": 5
        },
        "Pragmatic Divergence": {
            "mean": 0.21944412312833367,
            "std": 0.08346209948963836,
            "num_values": 5
        },
        "mean_rank": {
            "mean": 48.595263157894735,
            "std": 10.192891499428097,
            "num_values": 5
        },
        "diversity": {
            "mean": 0.96,
            "std": 0.07999999999999999,
            "num_values": 5
        }
    },
    "a Chinese": {
        "IOU Divergence": {
            "mean": 0.6000793650793651,
            "std": 0.17496794509000757,
            "num_values": 5
        },
        "SERP MS Divergence": {
            "mean": 0.2623224728487886,
            "std": 0.13891491015718707,
            "num_values": 5
        },
        "Pragmatic Divergence": {
            "mean": 0.25304479146584413,
            "std": 0.11772894308192602,
            "num_values": 5
        },
        "mean_rank": {
            "mean": 26.6278947368421,
            "std": 7.422511540060203,
            "num_values": 5
        },
        "diversity": {
            "mean": 1.0,
            "std": 0.0,
            "num_values": 5
        }
    },
    "a French": {
        "IOU Divergence": {
            "mean": 0.5635302298345776,
            "std": 0.14351264906818223,
            "num_values": 5
        },
        "SERP MS Divergence": {
            "mean": 0.2560735171261487,
            "std": 0.08210709582933236,
            "num_values": 5
        },
        "Pragmatic Divergence": {
            "mean": 0.2929901677270098,
            "std": 0.09319329448491463,
            "num_values": 5
        },
        "mean_rank": {
            "mean": 38.14093567251462,
            "std": 13.170192110484889,
            "num_values": 5
        },
        "diversity": {
            "mean": 0.9788888888888889,
            "std": 0.02591534175486802,
            "num_values": 5
        }
    },
    "a German": {
        "IOU Divergence": {
            "mean": 0.5858302387267904,
            "std": 0.0868459940434507,
            "num_values": 5
        },
        "SERP MS Divergence": {
            "mean": 0.23928153717627404,
            "std": 0.06605444564997531,
            "num_values": 5
        },
        "Pragmatic Divergence": {
            "mean": 0.2503161750530171,
            "std": 0.0933640088968632,
            "num_values": 5
        },
        "mean_rank": {
            "mean": 37.857894736842105,
            "std": 8.613346115299157,
            "num_values": 5
        },
        "diversity": {
            "mean": 0.99,
            "std": 0.020000000000000018,
            "num_values": 5
        }
    },
    "a Japanese": {
        "IOU Divergence": {
            "mean": 0.7232810867293625,
            "std": 0.08702326854950283,
            "num_values": 5
        },
        "SERP MS Divergence": {
            "mean": 0.4498412698412698,
            "std": 0.09703905648369188,
            "num_values": 5
        },
        "Pragmatic Divergence": {
            "mean": 0.4006921149026413,
            "std": 0.12137272930573678,
            "num_values": 5
        },
        "mean_rank": {
            "mean": 41.02105263157895,
            "std": 5.99202401535191,
            "num_values": 5
        },
        "diversity": {
            "mean": 1.0,
            "std": 0.0,
            "num_values": 5
        }
    },
    "a girl": {
        "IOU Divergence": {
            "mean": 0.8223118279569892,
            "std": 0.08709042448930085,
            "num_values": 5
        },
        "SERP MS Divergence": {
            "mean": 0.676390977443609,
            "std": 0.18638633858705783,
            "num_values": 5
        },
        "Pragmatic Divergence": {
            "mean": 0.5340460124670651,
            "std": 0.08921444141104132,
            "num_values": 5
        },
        "mean_rank": {
            "mean": 33.91894736842105,
            "std": 4.3366170738756,
            "num_values": 5
        },
        "diversity": {
            "mean": 1.0,
            "std": 0.0,
            "num_values": 5
        }
    },
    "a boy": {
        "IOU Divergence": {
            "mean": 0.798841960577222,
            "std": 0.14556320553649094,
            "num_values": 5
        },
        "SERP MS Divergence": {
            "mean": 0.6552882205513784,
            "std": 0.24628697134301478,
            "num_values": 5
        },
        "Pragmatic Divergence": {
            "mean": 0.6591497975708502,
            "std": 0.16438926386451405,
            "num_values": 5
        },
        "mean_rank": {
            "mean": 26.4,
            "std": 2.30370050377221,
            "num_values": 5
        },
        "diversity": {
            "mean": 1.0,
            "std": 0.0,
            "num_values": 5
        }
    },
    "a female": {
        "IOU Divergence": {
            "mean": 0.7796753441461087,
            "std": 0.04056741700517594,
            "num_values": 5
        },
        "SERP MS Divergence": {
            "mean": 0.4380284043441939,
            "std": 0.15456409813968894,
            "num_values": 5
        },
        "Pragmatic Divergence": {
            "mean": 0.43715828031617504,
            "std": 0.16386162237306723,
            "num_values": 5
        },
        "mean_rank": {
            "mean": 36.62639097744361,
            "std": 13.830767578100046,
            "num_values": 5
        },
        "diversity": {
            "mean": 1.0,
            "std": 0.0,
            "num_values": 5
        }
    },
    "a male": {
        "IOU Divergence": {
            "mean": 0.738438135938136,
            "std": 0.1626505642663827,
            "num_values": 5
        },
        "SERP MS Divergence": {
            "mean": 0.5062740183792815,
            "std": 0.1553030064732933,
            "num_values": 5
        },