{
    "neutral": {
        "mean_rank": {
            "mean": 27.568421052631578,
            "std": 5.110566968237683,
            "num_values": 5
        },
        "diversity": {
            "mean": 1.0,
            "std": 0.0,
            "num_values": 5
        }
    },
    "an American": {
        "IOU Divergence": {
            "mean": 0.39794871794871794,
            "std": 0.057344249224592254,
            "num_values": 5
        },
        "SERP MS Divergence": {
            "mean": 0.2504761904761906,
            "std": 0.049542121156723615,
            "num_values": 5
        },
        "Pragmatic Divergence": {
            "mean": 0.28842105263157897,
            "std": 0.044085034929204035,
            "num_values": 5
        },
        "mean_rank": {
            "mean": 52.92631578947369,
            "std": 4.386531893177286,
            "num_values": 5
        },
        "diversity": {
            "mean": 1.0,
            "std": 0.0,
            "num_values": 5
        }
    },
    "a Brazilian": {
        "IOU Divergence": {
            "mean": 1.0,
            "std": 0.0,
            "num_values": 5
        },
        "SERP MS Divergence": {
            "mean": 1.0,
            "std": 0.0,
            "num_values": 5
        },
        "Pragmatic Divergence": {
            "mean": 1.0,
            "std": 0.0,
            "num_values": 5
        },
        "mean_rank": {
            "mean": 217.91252525252526,
            "std": 23.119599041744557,
            "num_values": 5
        },
        "diversity": {
            "mean": 0.5701010101010102,
            "std": 0.2150719253367447,
            "num_values": 5
        }
    },
    "a British": {
        "IOU Divergence": {
            "mean": 0.9391891891891891,
            "std": 0.01127626627959075,
            "num_values": 5
        },
        "SERP MS Divergence": {
            "mean": 0.837142857142857,
            "std": 0.008192690730516802,
            "num_values": 5
        },
        "Pragmatic Divergence": {
            "mean": 0.8326315789473684,
            "std": 0.008421052631578923,
            "num_values": 5
        },
        "mean_rank": {
            "mean": 96.32397660818714,
            "std": 8.451387735319782,
            "num_values": 5
        },
        "diversity": {
            "mean": 0.9894736842105264,
            "std": 0.02105263157894739,
            "num_values": 5
        }
    },
    "a Chinese": {
        "IOU Divergence": {
            "mean": 0.8338518012202224,
            "std": 0.1625678545629993,
            "num_values": 5
        },
        "SERP MS Divergence": {
            "mean": 0.7714285714285715,
            "std": 0.25055041449592863,
            "num_values": 5
        },
        "Pragmatic Divergence": {
            "mean": 0.7926315789473684,
            "std": 0.23202349675645226,
            "num_values": 5
        },
        "mean_rank": {
            "mean": 48.46321637426901,
            "std": 31.148382053296903,
            "num_values": 5
        },
        "diversity": {
            "mean": 0.9400000000000001,
            "std": 0.04898979485566355,
            "num_values": 5
        }
    },
    "a French": {
        "IOU Divergence": {
            "mean": 1.0,
            "std": 0.0,
            "num_values": 5
        },
        "SERP MS Divergence": {
            "mean": 1.0,
            "std": 0.0,
            "num_values": 5
        },
        "Pragmatic Divergence": {
            "mean": 1.0,
            "std": 0.0,
            "num_values": 5
        },
        "mean_rank": {
            "mean": 186.8857142857143,
            "std": 6.563597818767581,
            "num_values": 5
        },
        "diversity": {
            "mean": 1.0,
            "std": 0.0,
            "num_values": 5
        }
    },
    "a German": {
        "IOU Divergence": {
            "mean": 1.0,
            "std": 0.0,
            "num_values": 5
        },
        "SERP MS Divergence": {
            "mean": 1.0,
            "std": 0.0,
            "num_values": 5
        },
        "Pragmatic Divergence": {
            "mean": 1.0,
            "std": 0.0,
            "num_values": 5
        },
        "mean_rank": {
            "mean": 208.50092539039912,
            "std": 28.212096138176225,
            "num_values": 5
        },
        "diversity": {
            "mean": 0.9751879699248119,
            "std": 0.030964301175900755,
            "num_values": 5
        }
    },
    "a Japanese": {
        "IOU Divergence": {
            "mean": 0.9762608225108226,
            "std": 0.021644396635997952,
            "num_values": 5
        },
        "SERP MS Divergence": {
            "mean": 0.9638095238095238,
            "std": 0.034680269440063104,
            "num_values": 5
        },
        "Pragmatic Divergence": {
            "mean": 0.9642105263157894,
            "std": 0.03449677812247146,
            "num_values": 5
        },
        "mean_rank": {
            "mean": 134.50691729323307,
            "std": 26.025504723780806,
            "num_values": 5
        },
        "diversity": {
            "mean": 0.8009774436090226,
            "std": 0.17684261674520682,
            "num_values": 5
        }
    },
    "a girl": {
        "IOU Divergence": {
            "mean": 0.22510822510822512,
            "std": 0.09385057744016799,
            "num_values": 5
        },
        "SERP MS Divergence": {
            "mean": 0.04476190476190474,
            "std": 0.021210530906019123,
            "num_values": 5
        },
        "Pragmatic Divergence": {
            "mean": 0.07473684210526314,
            "std": 0.038876179605514496,
            "num_values": 5
        },
        "mean_rank": {
            "mean": 21.631578947368418,
            "std": 0.631578947368422,
            "num_values": 5
        },
        "diversity": {
            "mean": 1.0,
            "std": 0.0,
            "num_values": 5
        }
    },
    "a boy": {
        "IOU Divergence": {
            "mean": 0.10434782608695654,
            "std": 0.1277994648408615,
            "num_values": 5
        },
        "SERP MS Divergence": {
            "mean": 0.03809523809523809,
            "std": 0.05003400204405218,
            "num_values": 5
        },
        "Pragmatic Divergence": {
            "mean": 0.049473684210526316,
            "std": 0.05321778804111385,
            "num_values": 5
        },
        "mean_rank": {
            "mean": 28.2,
            "std": 2.5277189085985077,
            "num_values": 5
        },
        "diversity": {
            "mean": 1.0,
            "std": 0.0,
            "num_values": 5
        }
    },
    "a female": {
        "IOU Divergence": {
            "mean": 0.1948051948051948,
            "std": 0.0769540642191826,
            "num_values": 5
        },
        "SERP MS Divergence": {
            "mean": 0.04761904761904758,
            "std": 0.04597149861389399,
            "num_values": 5
        },
        "Pragmatic Divergence": {
            "mean": 0.07263157894736842,
            "std": 0.053611922434723576,
            "num_values": 5
        },
        "mean_rank": {
            "mean": 30.442105263157895,
            "std": 8.838946804309794,
            "num_values": 5
        },
        "diversity": {
            "mean": 1.0,
            "std": 0.0,
            "num_values": 5
        }
    },
    "a male": {
        "IOU Divergence": {
            "mean": 0.10758516845473368,
            "std": 0.10228219172836843,
            "num_values": 5
        },
        "SERP MS Divergence": {
            "mean": 0.030476190476190455,
            "std": 0.036959253165585224,
            "num_values": 5
        },
        "Pragmatic Divergence": {
            "mean": 0.04842105263157896,
            "std": 0.05340484586932977,
            "num_values": 5
        },
        "mean_rank": {
            "mean": 30.968421052631577,
            "std": 4.963199754246651,