{
    "neutral": {
        "mean_rank": {
            "mean": 9.842105263157894,
            "std": 0.21052631578947398,
            "num_values": 5
        },
        "diversity": {
            "mean": 0.95,
            "std": 0.0,
            "num_values": 5
        }
    },
    "an American": {
        "IOU Divergence": {
            "mean": 0.0,
            "std": 0.0,
            "num_values": 5
        },
        "SERP MS Divergence": {
            "mean": 0.0,
            "std": 0.0,
            "num_values": 5
        },
        "Pragmatic Divergence": {
            "mean": 0.0052631578947368585,
            "std": 0.0,
            "num_values": 5
        },
        "mean_rank": {
            "mean": 9.842105263157894,
            "std": 0.21052631578947398,
            "num_values": 5
        },
        "diversity": {
            "mean": 0.95,
            "std": 0.0,
            "num_values": 5
        }
    },
    "a Brazilian": {
        "IOU Divergence": {
            "mean": 0.0,
            "std": 0.0,
            "num_values": 5
        },
        "SERP MS Divergence": {
            "mean": 0.0,
            "std": 0.0,
            "num_values": 5
        },
        "Pragmatic Divergence": {
            "mean": 0.0052631578947368585,
            "std": 0.0,
            "num_values": 5
        },
        "mean_rank": {
            "mean": 9.736842105263158,
            "std": 0.25784102555612437,
            "num_values": 5
        },
        "diversity": {
            "mean": 0.95,
            "std": 0.0,
            "num_values": 5
        }
    },
    "a British": {
        "IOU Divergence": {
            "mean": 0.010000000000000009,
            "std": 0.020000000000000018,
            "num_values": 5
        },
        "SERP MS Divergence": {
            "mean": 0.0,
            "std": 0.0,
            "num_values": 5
        },
        "Pragmatic Divergence": {
            "mean": 0.0052631578947368585,
            "std": 0.0,
            "num_values": 5
        },
        "mean_rank": {
            "mean": 10.421052631578947,
            "std": 1.492362829342929,
            "num_values": 5
        },
        "diversity": {
            "mean": 0.96,
            "std": 0.020000000000000018,
            "num_values": 5
        }
    },
    "a Chinese": {
        "IOU Divergence": {
            "mean": 0.010000000000000009,
            "std": 0.020000000000000018,
            "num_values": 5
        },
        "SERP MS Divergence": {
            "mean": 0.0,
            "std": 0.0,
            "num_values": 5
        },
        "Pragmatic Divergence": {
            "mean": 0.0052631578947368585,
            "std": 0.0,
            "num_values": 5
        },
        "mean_rank": {
            "mean": 10.526315789473683,
            "std": 1.4355980733669322,
            "num_values": 5
        },
        "diversity": {
            "mean": 0.96,
            "std": 0.020000000000000018,
            "num_values": 5
        }
    },
    "a French": {
        "IOU Divergence": {
            "mean": 0.0,
            "std": 0.0,
            "num_values": 5
        },
        "SERP MS Divergence": {
            "mean": 0.0,
            "std": 0.0,
            "num_values": 5
        },
        "Pragmatic Divergence": {
            "mean": 0.0052631578947368585,
            "std": 0.0,
            "num_values": 5
        },
        "mean_rank": {
            "mean": 9.631578947368421,
            "std": 0.25784102555612437,
            "num_values": 5
        },
        "diversity": {
            "mean": 0.95,
            "std": 0.0,
            "num_values": 5
        }
    },
    "a German": {
        "IOU Divergence": {
            "mean": 0.010000000000000009,
            "std": 0.020000000000000018,
            "num_values": 5
        },
        "SERP MS Divergence": {
            "mean": 0.0,
            "std": 0.0,
            "num_values": 5
        },
        "Pragmatic Divergence": {
            "mean": 0.0052631578947368585,
            "std": 0.0,
            "num_values": 5
        },
        "mean_rank": {
            "mean": 10.526315789473683,
            "std": 1.4355980733669322,
            "num_values": 5
        },
        "diversity": {
            "mean": 0.96,
            "std": 0.020000000000000018,
            "num_values": 5
        }
    },
    "a Japanese": {
        "IOU Divergence": {
            "mean": 0.0,
            "std": 0.0,
            "num_values": 5
        },
        "SERP MS Divergence": {
            "mean": 0.0,
            "std": 0.0,
            "num_values": 5
        },
        "Pragmatic Divergence": {
            "mean": 0.0052631578947368585,
            "std": 0.0,
            "num_values": 5
        },
        "mean_rank": {
            "mean": 9.842105263157894,
            "std": 0.21052631578947398,
            "num_values": 5
        },
        "diversity": {
            "mean": 0.95,
            "std": 0.0,
            "num_values": 5
        }
    },
    "a girl": {
        "IOU Divergence": {
            "mean": 0.0,
            "std": 0.0,
            "num_values": 5
        },
        "SERP MS Divergence": {
            "mean": 0.0,
            "std": 0.0,
            "num_values": 5
        },
        "Pragmatic Divergence": {
            "mean": 0.0052631578947368585,
            "std": 0.0,
            "num_values": 5
        },
        "mean_rank": {
            "mean": 9.631578947368421,
            "std": 0.25784102555612437,
            "num_values": 5
        },
        "diversity": {
            "mean": 0.95,
            "std": 0.0,
            "num_values": 5
        }
    },
    "a boy": {
        "IOU Divergence": {
            "mean": 0.010000000000000009,
            "std": 0.020000000000000018,
            "num_values": 5
        },
        "SERP MS Divergence": {
            "mean": 0.0,
            "std": 0.0,
            "num_values": 5
        },
        "Pragmatic Divergence": {
            "mean": 0.0052631578947368585,
            "std": 0.0,
            "num_values": 5
        },
        "mean_rank": {
            "mean": 10.526315789473683,
            "std": 1.4355980733669322,
            "num_values": 5
        },
        "diversity": {
            "mean": 0.96,
            "std": 0.020000000000000018,
            "num_values": 5
        }
    },
    "a female": {
        "IOU Divergence": {
            "mean": 0.010000000000000009,
            "std": 0.020000000000000018,
            "num_values": 5
        },
        "SERP MS Divergence": {
            "mean": 0.0,
            "std": 0.0,
            "num_values": 5
        },
        "Pragmatic Divergence": {
            "mean": 0.0052631578947368585,
            "std": 0.0,
            "num_values": 5
        },
        "mean_rank": {
            "mean": 10.421052631578947,
            "std": 1.492362829342929,
            "num_values": 5
        },
        "diversity": {
            "mean": 0.96,
            "std": 0.020000000000000018,
            "num_values": 5
        }
    },
    "a male": {
        "IOU Divergence": {
            "mean": 0.020000000000000018,
            "std": 0.024494897427831803,
            "num_values": 5
        },
        "SERP MS Divergence": {
            "mean": 0.0,
            "std": 0.0,
            "num_values": 5
        },
        "Pragmatic Divergence": {
            "mean": 0.0052631578947368585,
            "std": 0.0,
            "num_values": 5
        },
        "mean_rank": {
            "mean": 10.536842105263158,
            "std": 1.4315015458951754,
            "num_values": 5
        },
        "diversity": {
            "mean": 0.97,
            "std": 0.024494897427831803,
            "num_values": 5
        }
    },
    "an African": {
        "IOU Divergence": {
            "mean": 0.010000000000000009,
            "std": 0.020000000000000018,
            "num_values": 5
        },
        "SERP MS Divergence": {
            "mean": 0.0,