{
    "neutral": {
        "mean_rank": {
            "mean": 19.8093567251462,
            "std": 6.465466609046285,
            "num_values": 5
        },
        "diversity": {
            "mean": 0.9194736842105262,
            "std": 0.08700304067026952,
            "num_values": 5
        }
    },
    "an American": {
        "IOU Divergence": {
            "mean": 0.435099715099715,
            "std": 0.18421262475130984,
            "num_values": 5
        },
        "SERP MS Divergence": {
            "mean": 0.33573934837092734,
            "std": 0.21716143927785428,
            "num_values": 5
        },
        "Pragmatic Divergence": {
            "mean": 0.4753216374269006,
            "std": 0.21445662002538643,
            "num_values": 5
        },
        "mean_rank": {
            "mean": 32.338421052631574,
            "std": 6.510359441336679,
            "num_values": 5
        },
        "diversity": {
            "mean": 0.9094736842105263,
            "std": 0.08578463015064587,
            "num_values": 5
        }
    },
    "a Brazilian": {
        "IOU Divergence": {
            "mean": 0.4716800697395664,
            "std": 0.10083258785080476,
            "num_values": 5
        },
        "SERP MS Divergence": {
            "mean": 0.4609523809523809,
            "std": 0.16505066905653265,
            "num_values": 5
        },
        "Pragmatic Divergence": {
            "mean": 0.6273684210526317,
            "std": 0.10575673753773815,
            "num_values": 5
        },
        "mean_rank": {
            "mean": 29.94222222222222,
            "std": 6.370919270064486,
            "num_values": 5
        },
        "diversity": {
            "mean": 0.7833333333333334,
            "std": 0.17184546603716624,
            "num_values": 5
        }
    },
    "a British": {
        "IOU Divergence": {
            "mean": 0.5899048758259284,
            "std": 0.15200914553899017,
            "num_values": 5
        },
        "SERP MS Divergence": {
            "mean": 0.5961904761904762,
            "std": 0.16987123307865992,
            "num_values": 5
        },
        "Pragmatic Divergence": {
            "mean": 0.709356725146199,
            "std": 0.08029220599424275,
            "num_values": 5
        },
        "mean_rank": {
            "mean": 31.37030701754386,
            "std": 6.47101841477889,
            "num_values": 5
        },
        "diversity": {
            "mean": 0.6353947368421052,
            "std": 0.2360265197081467,
            "num_values": 5
        }
    },
    "a Chinese": {
        "IOU Divergence": {
            "mean": 0.4700129844579973,
            "std": 0.12207898372102319,
            "num_values": 5
        },
        "SERP MS Divergence": {
            "mean": 0.451328320802005,
            "std": 0.18172934923157938,
            "num_values": 5
        },
        "Pragmatic Divergence": {
            "mean": 0.6658479532163742,
            "std": 0.11891844139855372,
            "num_values": 5
        },
        "mean_rank": {
            "mean": 32.770760233918125,
            "std": 6.677815034753842,
            "num_values": 5
        },
        "diversity": {
            "mean": 0.812046783625731,
            "std": 0.0964466315513117,
            "num_values": 5
        }
    },
    "a French": {
        "IOU Divergence": {
            "mean": 0.5538503565677478,
            "std": 0.1485316119904995,
            "num_values": 5
        },
        "SERP MS Divergence": {
            "mean": 0.5423057644110276,
            "std": 0.15717026778240295,
            "num_values": 5
        },
        "Pragmatic Divergence": {
            "mean": 0.6764912280701754,
            "std": 0.06855677048039192,
            "num_values": 5
        },
        "mean_rank": {
            "mean": 32.589391124871,
            "std": 6.092847930989273,
            "num_values": 5
        },
        "diversity": {
            "mean": 0.6586893704850361,
            "std": 0.22001655345814236,
            "num_values": 5
        }
    },
    "a German": {
        "IOU Divergence": {
            "mean": 0.4504849050731403,
            "std": 0.1331319463348089,
            "num_values": 5
        },
        "SERP MS Divergence": {
            "mean": 0.3700751879699249,
            "std": 0.15574351870243733,
            "num_values": 5
        },
        "Pragmatic Divergence": {
            "mean": 0.5142690058479532,
            "std": 0.1180925195150752,
            "num_values": 5
        },
        "mean_rank": {
            "mean": 36.90931888544891,
            "std": 9.150320876029753,
            "num_values": 5
        },
        "diversity": {
            "mean": 0.8889473684210525,
            "std": 0.10189886898972453,
            "num_values": 5
        }
    },
    "a Japanese": {
        "IOU Divergence": {
            "mean": 0.8948275862068964,
            "std": 0.12906873980836484,
            "num_values": 5
        },
        "SERP MS Divergence": {
            "mean": 0.8590476190476191,
            "std": 0.18006297714122538,
            "num_values": 5
        },
        "Pragmatic Divergence": {
            "mean": 0.8926315789473683,
            "std": 0.14187505720159438,
            "num_values": 5
        },
        "mean_rank": {
            "mean": 103.71051268992446,
            "std": 51.33548772674865,
            "num_values": 5
        },
        "diversity": {
            "mean": 0.8605614973262032,
            "std": 0.16665048488270817,
            "num_values": 5
        }
    },
    "a girl": {
        "IOU Divergence": {
            "mean": 0.47582125603864733,
            "std": 0.16081102502200956,
            "num_values": 5
        },
        "SERP MS Divergence": {
            "mean": 0.44125313283208023,
            "std": 0.21156959542418682,
            "num_values": 5
        },
        "Pragmatic Divergence": {
            "mean": 0.6184795321637426,
            "std": 0.13615893846301358,
            "num_values": 5
        },
        "mean_rank": {
            "mean": 36.77925696594427,
            "std": 5.211166195080434,
            "num_values": 5
        },
        "diversity": {
            "mean": 0.791547987616099,
            "std": 0.08763882911408702,
            "num_values": 5
        }
    },
    "a boy": {
        "IOU Divergence": {
            "mean": 0.4548842461885941,
            "std": 0.034554902280568615,
            "num_values": 5
        },
        "SERP MS Divergence": {
            "mean": 0.35378446115288226,
            "std": 0.11983898427524389,
            "num_values": 5
        },
        "Pragmatic Divergence": {
            "mean": 0.5560233918128656,
            "std": 0.10731553437629915,
            "num_values": 5
        },
        "mean_rank": {
            "mean": 31.838533834586467,
            "std": 6.713240758046237,
            "num_values": 5
        },
        "diversity": {
            "mean": 0.898235294117647,
            "std": 0.08268002273324282,
            "num_values": 5
        }
    },
    "a female": {
        "IOU Divergence": {
            "mean": 0.46227703455964325,
            "std": 0.13390894228155079,
            "num_values": 5
        },
        "SERP MS Divergence": {
            "mean": 0.39994987468671683,
            "std": 0.1866470004634891,
            "num_values": 5
        },
        "Pragmatic Divergence": {
            "mean": 0.6555555555555556,
            "std": 0.1337287662443677,
            "num_values": 5
        },
        "mean_rank": {
            "mean": 35.410526315789475,
            "std": 8.382188608745103,
            "num_values": 5
        },
        "diversity": {
            "mean": 0.8078947368421053,
            "std": 0.10967087503537541,
            "num_values": 5
        }
    },
    "a male": {
        "IOU Divergence": {
            "mean": 0.44852173913043475,
            "std": 0.06925233987707498,