{
    "neutral": {
        "mean_rank": {
            "mean": 37.98947368421052,
            "std": 9.81250262452106,
            "num_values": 5
        },
        "diversity": {
            "mean": 0.89,
            "std": 0.12000000000000001,
            "num_values": 5
        }
    },
    "an American": {
        "IOU Divergence": {
            "mean": 0.6998722860791826,
            "std": 0.04294683244567931,
            "num_values": 5
        },
        "SERP MS Divergence": {
            "mean": 0.47238095238095246,
            "std": 0.027503864910845055,
            "num_values": 5
        },
        "Pragmatic Divergence": {
            "mean": 0.47473684210526307,
            "std": 0.02521926010675986,
            "num_values": 5
        },
        "mean_rank": {
            "mean": 51.4140350877193,
            "std": 7.20004445798661,
            "num_values": 5
        },
        "diversity": {
            "mean": 0.9800000000000001,
            "std": 0.024494897427831803,
            "num_values": 5
        }
    },
    "a Brazilian": {
        "IOU Divergence": {
            "mean": 1.0,
            "std": 0.0,
            "num_values": 5
        },
        "SERP MS Divergence": {
            "mean": 1.0,
            "std": 0.0,
            "num_values": 5
        },
        "Pragmatic Divergence": {
            "mean": 1.0,
            "std": 0.0,
            "num_values": 5
        },
        "mean_rank": {
            "mean": 291.8688888888889,
            "std": 85.53511397932891,
            "num_values": 5
        },
        "diversity": {
            "mean": 0.6122222222222222,
            "std": 0.29009151387062854,
            "num_values": 5
        }
    },
    "a British": {
        "IOU Divergence": {
            "mean": 0.8337221398261443,
            "std": 0.011145654781815135,
            "num_values": 5
        },
        "SERP MS Divergence": {
            "mean": 0.6733333333333332,
            "std": 0.030505937862946583,
            "num_values": 5
        },
        "Pragmatic Divergence": {
            "mean": 0.7189473684210526,
            "std": 0.024596466201153556,
            "num_values": 5
        },
        "mean_rank": {
            "mean": 80.6872721018232,
            "std": 6.834705414535651,
            "num_values": 5
        },
        "diversity": {
            "mean": 0.9167836257309941,
            "std": 0.0389412214385953,
            "num_values": 5
        }
    },
    "a Chinese": {
        "IOU Divergence": {
            "mean": 0.9477307060755337,
            "std": 0.02053830113387608,
            "num_values": 5
        },
        "SERP MS Divergence": {
            "mean": 0.9247619047619049,
            "std": 0.02221315007560112,
            "num_values": 5
        },
        "Pragmatic Divergence": {
            "mean": 0.9263157894736842,
            "std": 0.019972279958958214,
            "num_values": 5
        },
        "mean_rank": {
            "mean": 107.5,
            "std": 32.62966441752045,
            "num_values": 5
        },
        "diversity": {
            "mean": 0.67,
            "std": 0.18867962264113208,
            "num_values": 5
        }
    },
    "a French": {
        "IOU Divergence": {
            "mean": 0.9215384615384614,
            "std": 0.09612614985731266,
            "num_values": 5
        },
        "SERP MS Divergence": {
            "mean": 0.862857142857143,
            "std": 0.16968424724815304,
            "num_values": 5
        },
        "Pragmatic Divergence": {
            "mean": 0.9010526315789473,
            "std": 0.1213680102243469,
            "num_values": 5
        },
        "mean_rank": {
            "mean": 138.40320512820512,
            "std": 44.01123689144988,
            "num_values": 5
        },
        "diversity": {
            "mean": 0.773306342780027,
            "std": 0.19744659558888675,
            "num_values": 5
        }
    },
    "a German": {
        "IOU Divergence": {
            "mean": 0.8627325482164192,
            "std": 0.06928012360650183,
            "num_values": 5
        },
        "SERP MS Divergence": {
            "mean": 0.7333333333333333,
            "std": 0.13612719142367538,
            "num_values": 5
        },
        "Pragmatic Divergence": {
            "mean": 0.78,
            "std": 0.11206448479988032,
            "num_values": 5
        },
        "mean_rank": {
            "mean": 113.89333333333335,
            "std": 30.62324026690259,
            "num_values": 5
        },
        "diversity": {
            "mean": 0.7384210526315789,
            "std": 0.27214445406459475,
            "num_values": 5
        }
    },
    "a Japanese": {
        "IOU Divergence": {
            "mean": 0.9597943722943724,
            "std": 0.021088350362634397,
            "num_values": 5
        },
        "SERP MS Divergence": {
            "mean": 0.9638095238095238,
            "std": 0.018220120447341902,
            "num_values": 5
        },
        "Pragmatic Divergence": {
            "mean": 0.9642105263157894,
            "std": 0.01804887178892869,
            "num_values": 5
        },
        "mean_rank": {
            "mean": 26.7,
            "std": 0.9,
            "num_values": 5
        },
        "diversity": {
            "mean": 0.15,
            "std": 0.0,
            "num_values": 5
        }
    },
    "a girl": {
        "IOU Divergence": {
            "mean": 0.6656684539293235,
            "std": 0.09627118351787561,
            "num_values": 5
        },
        "SERP MS Divergence": {
            "mean": 0.4628571428571429,
            "std": 0.045315722869982165,
            "num_values": 5
        },
        "Pragmatic Divergence": {
            "mean": 0.5473684210526316,
            "std": 0.06110705378399994,
            "num_values": 5
        },
        "mean_rank": {
            "mean": 37.13000000000001,
            "std": 21.517797285038263,
            "num_values": 5
        },
        "diversity": {
            "mean": 0.76,
            "std": 0.23958297101421877,
            "num_values": 5
        }
    },
    "a boy": {
        "IOU Divergence": {
            "mean": 0.15095238095238095,
            "std": 0.1147372034273981,
            "num_values": 5
        },
        "SERP MS Divergence": {
            "mean": 0.03238095238095236,
            "std": 0.017918940687835005,
            "num_values": 5
        },
        "Pragmatic Divergence": {
            "mean": 0.1431578947368421,
            "std": 0.11304890712281145,
            "num_values": 5
        },
        "mean_rank": {
            "mean": 20.589473684210525,
            "std": 1.5864383705650555,
            "num_values": 5
        },
        "diversity": {
            "mean": 0.96,
            "std": 0.058309518948453015,
            "num_values": 5
        }
    },
    "a female": {
        "IOU Divergence": {
            "mean": 0.6676627559236256,
            "std": 0.09769191858017358,
            "num_values": 5
        },
        "SERP MS Divergence": {
            "mean": 0.4628571428571429,
            "std": 0.045315722869982165,
            "num_values": 5
        },
        "Pragmatic Divergence": {
            "mean": 0.5473684210526316,
            "std": 0.06110705378399994,
            "num_values": 5
        },
        "mean_rank": {
            "mean": 38.75,
            "std": 23.5047229296582,
            "num_values": 5
        },
        "diversity": {
            "mean": 0.77,
            "std": 0.24819347291981714,
            "num_values": 5
        }
    },
    "a male": {
        "IOU Divergence": {
            "mean": 0.18350421508316245,
            "std": 0.13642864063815724,
            "num_values": 5
        },
        "SERP MS Divergence": {
            "mean": 0.03904761904761902,
            "std": 0.025269522212231596,
            "num_values": 5
        },