{
    "neutral": {
        "mean_rank": {
            "mean": 10.336842105263159,
            "std": 0.2796911632755038,
            "num_values": 5
        },
        "diversity": {
            "mean": 1.0,
            "std": 0.0,
            "num_values": 5
        }
    },
    "an American": {
        "IOU Divergence": {
            "mean": 0.09177489177489176,
            "std": 0.08132999872427618,
            "num_values": 5
        },
        "SERP MS Divergence": {
            "mean": 0.0161904761904762,
            "std": 0.01333333333333334,
            "num_values": 5
        },
        "Pragmatic Divergence": {
            "mean": 0.012631578947368393,
            "std": 0.010313641022244939,
            "num_values": 5
        },
        "mean_rank": {
            "mean": 10.600000000000001,
            "std": 0.40577547931360786,
            "num_values": 5
        },
        "diversity": {
            "mean": 1.0,
            "std": 0.0,
            "num_values": 5
        }
    },
    "a Brazilian": {
        "IOU Divergence": {
            "mean": 0.4163925729442971,
            "std": 0.3400000951910579,
            "num_values": 5
        },
        "SERP MS Divergence": {
            "mean": 0.3352380952380952,
            "std": 0.2750485424071033,
            "num_values": 5
        },
        "Pragmatic Divergence": {
            "mean": 0.3831578947368421,
            "std": 0.31463649165927415,
            "num_values": 5
        },
        "mean_rank": {
            "mean": 34.28338345864662,
            "std": 19.445533452090267,
            "num_values": 5
        },
        "diversity": {
            "mean": 0.9800000000000001,
            "std": 0.03999999999999999,
            "num_values": 5
        }
    },
    "a British": {
        "IOU Divergence": {
            "mean": 0.6899043837656185,
            "std": 0.06611442701305001,
            "num_values": 5
        },
        "SERP MS Divergence": {
            "mean": 0.5647619047619048,
            "std": 0.09285592184789412,
            "num_values": 5
        },
        "Pragmatic Divergence": {
            "mean": 0.651578947368421,
            "std": 0.07702213949442828,
            "num_values": 5
        },
        "mean_rank": {
            "mean": 50.07280701754386,
            "std": 16.355812394690712,
            "num_values": 5
        },
        "diversity": {
            "mean": 0.9788888888888888,
            "std": 0.025915341754868017,
            "num_values": 5
        }
    },
    "a Chinese": {
        "IOU Divergence": {
            "mean": 0.5686256272463169,
            "std": 0.2465106875226668,
            "num_values": 5
        },
        "SERP MS Divergence": {
            "mean": 0.4523809523809524,
            "std": 0.25058661335684074,
            "num_values": 5
        },
        "Pragmatic Divergence": {
            "mean": 0.5263157894736843,
            "std": 0.27507742551452824,
            "num_values": 5
        },
        "mean_rank": {
            "mean": 37.763976608187136,
            "std": 19.166781216977625,
            "num_values": 5
        },
        "diversity": {
            "mean": 0.9566666666666667,
            "std": 0.06463573143221771,
            "num_values": 5
        }
    },
    "a French": {
        "IOU Divergence": {
            "mean": 0.7047328200164685,
            "std": 0.07094922966295082,
            "num_values": 5
        },
        "SERP MS Divergence": {
            "mean": 0.5599999999999999,
            "std": 0.11303281485285628,
            "num_values": 5
        },
        "Pragmatic Divergence": {
            "mean": 0.6526315789473685,
            "std": 0.0853216173859345,
            "num_values": 5
        },
        "mean_rank": {
            "mean": 47.09964912280701,
            "std": 12.884295541132968,
            "num_values": 5
        },
        "diversity": {
            "mean": 0.99,
            "std": 0.020000000000000018,
            "num_values": 5
        }
    },
    "a German": {
        "IOU Divergence": {
            "mean": 0.6857354364932229,
            "std": 0.06417848666830386,
            "num_values": 5
        },
        "SERP MS Divergence": {
            "mean": 0.5323809523809524,
            "std": 0.0970494415455771,
            "num_values": 5
        },
        "Pragmatic Divergence": {
            "mean": 0.6326315789473684,
            "std": 0.07025083668826773,
            "num_values": 5
        },
        "mean_rank": {
            "mean": 41.084922600619194,
            "std": 11.057978939731978,
            "num_values": 5
        },
        "diversity": {
            "mean": 0.99,
            "std": 0.020000000000000018,
            "num_values": 5
        }
    },
    "a Japanese": {
        "IOU Divergence": {
            "mean": 0.7138625408703273,
            "std": 0.06953478432017104,
            "num_values": 5
        },
        "SERP MS Divergence": {
            "mean": 0.5761904761904761,
            "std": 0.12106856062530057,
            "num_values": 5
        },
        "Pragmatic Divergence": {
            "mean": 0.6610526315789473,
            "std": 0.08885856669644329,
            "num_values": 5
        },
        "mean_rank": {
            "mean": 47.80842105263158,
            "std": 15.404493570405513,
            "num_values": 5
        },
        "diversity": {
            "mean": 0.9794736842105263,
            "std": 0.025153269779681117,
            "num_values": 5
        }
    },
    "a girl": {
        "IOU Divergence": {
            "mean": 0.6887002652519895,
            "std": 0.017881683062308487,
            "num_values": 5
        },
        "SERP MS Divergence": {
            "mean": 0.5304761904761903,
            "std": 0.0286665084634141,
            "num_values": 5
        },
        "Pragmatic Divergence": {
            "mean": 0.5852631578947368,
            "std": 0.023864808523693992,
            "num_values": 5
        },
        "mean_rank": {
            "mean": 41.790701754385964,
            "std": 5.156131952023626,
            "num_values": 5
        },
        "diversity": {
            "mean": 0.9594736842105263,
            "std": 0.020288773965680424,
            "num_values": 5
        }
    },
    "a boy": {
        "IOU Divergence": {
            "mean": 0.14718614718614714,
            "std": 0.04241540680144029,
            "num_values": 5
        },
        "SERP MS Divergence": {
            "mean": 0.026666666666666682,
            "std": 0.002332847374079209,
            "num_values": 5
        },
        "Pragmatic Divergence": {
            "mean": 0.021052631578947323,
            "std": 0.0,
            "num_values": 5
        },
        "mean_rank": {
            "mean": 10.789473684210527,
            "std": 0.3706698286665056,
            "num_values": 5
        },
        "diversity": {
            "mean": 1.0,
            "std": 0.0,
            "num_values": 5
        }
    },
    "a female": {
        "IOU Divergence": {
            "mean": 0.6968994853866934,
            "std": 0.013229050249936312,
            "num_values": 5
        },
        "SERP MS Divergence": {
            "mean": 0.5571428571428572,
            "std": 0.048468611999997996,
            "num_values": 5
        },
        "Pragmatic Divergence": {
            "mean": 0.6221052631578947,
            "std": 0.043832974344541115,
            "num_values": 5
        },
        "mean_rank": {
            "mean": 44.26601503759399,
            "std": 10.976653778877953,
            "num_values": 5
        },
        "diversity": {
            "mean": 0.9589473684210527,
            "std": 0.050306539559362186,
            "num_values": 5
        }
    },
    "a male": {
        "IOU Divergence": {
            "mean": 0.22934102934102932,
            "std": 0.18570715341531455,
            "num_values": 5
        },