{
    "neutral": {
        "mean_rank": {
            "mean": 12.86315789473684,
            "std": 2.248446678347957,
            "num_values": 5
        },
        "diversity": {
            "mean": 1.0,
            "std": 0.0,
            "num_values": 5
        }
    },
    "an American": {
        "IOU Divergence": {
            "mean": 0.5973980042945561,
            "std": 0.07651277406490355,
            "num_values": 5
        },
        "SERP MS Divergence": {
            "mean": 0.35904761904761917,
            "std": 0.02898118867562463,
            "num_values": 5
        },
        "Pragmatic Divergence": {
            "mean": 0.36631578947368415,
            "std": 0.0168421052631579,
            "num_values": 5
        },
        "mean_rank": {
            "mean": 37.01052631578948,
            "std": 1.5069184862160656,
            "num_values": 5
        },
        "diversity": {
            "mean": 1.0,
            "std": 0.0,
            "num_values": 5
        }
    },
    "a Brazilian": {
        "IOU Divergence": {
            "mean": 0.7959523809523809,
            "std": 0.21093088141543873,
            "num_values": 5
        },
        "SERP MS Divergence": {
            "mean": 0.6133333333333333,
            "std": 0.26655439813578935,
            "num_values": 5
        },
        "Pragmatic Divergence": {
            "mean": 0.6242105263157895,
            "std": 0.228268200131196,
            "num_values": 5
        },
        "mean_rank": {
            "mean": 65.58947368421053,
            "std": 26.486465471738494,
            "num_values": 5
        },
        "diversity": {
            "mean": 1.0,
            "std": 0.0,
            "num_values": 5
        }
    },
    "a British": {
        "IOU Divergence": {
            "mean": 0.8991432609079668,
            "std": 0.01542961779725821,
            "num_values": 5
        },
        "SERP MS Divergence": {
            "mean": 0.7438095238095238,
            "std": 0.014876666049345956,
            "num_values": 5
        },
        "Pragmatic Divergence": {
            "mean": 0.7378947368421052,
            "std": 0.013062814364200892,
            "num_values": 5
        },
        "mean_rank": {
            "mean": 82.06052631578947,
            "std": 8.288417309465348,
            "num_values": 5
        },
        "diversity": {
            "mean": 0.9894736842105264,
            "std": 0.02105263157894739,
            "num_values": 5
        }
    },
    "a Chinese": {
        "IOU Divergence": {
            "mean": 0.9176517176517176,
            "std": 0.03709946781423752,
            "num_values": 5
        },
        "SERP MS Divergence": {
            "mean": 0.9628571428571429,
            "std": 0.02200803811103113,
            "num_values": 5
        },
        "Pragmatic Divergence": {
            "mean": 0.9789473684210526,
            "std": 0.01450952500220023,
            "num_values": 5
        },
        "mean_rank": {
            "mean": 90.26,
            "std": 17.304144012345713,
            "num_values": 5
        },
        "diversity": {
            "mean": 1.0,
            "std": 0.0,
            "num_values": 5
        }
    },
    "a French": {
        "IOU Divergence": {
            "mean": 0.9733036707452726,
            "std": 0.03272645258898027,
            "num_values": 5
        },
        "SERP MS Divergence": {
            "mean": 0.9314285714285713,
            "std": 0.08398250546685185,
            "num_values": 5
        },
        "Pragmatic Divergence": {
            "mean": 0.9284210526315789,
            "std": 0.08766594868908216,
            "num_values": 5
        },
        "mean_rank": {
            "mean": 181.56399711399712,
            "std": 21.712820113608178,
            "num_values": 5
        },
        "diversity": {
            "mean": 0.9633333333333333,
            "std": 0.04521553322083513,
            "num_values": 5
        }
    },
    "a German": {
        "IOU Divergence": {
            "mean": 1.0,
            "std": 0.0,
            "num_values": 5
        },
        "SERP MS Divergence": {
            "mean": 1.0,
            "std": 0.0,
            "num_values": 5
        },
        "Pragmatic Divergence": {
            "mean": 1.0,
            "std": 0.0,
            "num_values": 5
        },
        "mean_rank": {
            "mean": 189.0520435446906,
            "std": 24.389525318786507,
            "num_values": 5
        },
        "diversity": {
            "mean": 0.9882352941176471,
            "std": 0.02352941176470589,
            "num_values": 5
        }
    },
    "a Japanese": {
        "IOU Divergence": {
            "mean": 0.837037037037037,
            "std": 0.20501262967552658,
            "num_values": 5
        },
        "SERP MS Divergence": {
            "mean": 0.7028571428571428,
            "std": 0.3667173743539584,
            "num_values": 5
        },
        "Pragmatic Divergence": {
            "mean": 0.7315789473684211,
            "std": 0.3299626437346928,
            "num_values": 5
        },
        "mean_rank": {
            "mean": 96.71721804511279,
            "std": 50.09527243949203,
            "num_values": 5
        },
        "diversity": {
            "mean": 0.8528571428571429,
            "std": 0.1643540230659389,
            "num_values": 5
        }
    },
    "a girl": {
        "IOU Divergence": {
            "mean": 0.26625258799171847,
            "std": 0.06969080648049795,
            "num_values": 5
        },
        "SERP MS Divergence": {
            "mean": 0.0657142857142857,
            "std": 0.0342592490449618,
            "num_values": 5
        },
        "Pragmatic Divergence": {
            "mean": 0.10526315789473684,
            "std": 0.04301645629832113,
            "num_values": 5
        },
        "mean_rank": {
            "mean": 14.163742690058479,
            "std": 2.1120682737243657,
            "num_values": 5
        },
        "diversity": {
            "mean": 1.0,
            "std": 0.0,
            "num_values": 5
        }
    },
    "a boy": {
        "IOU Divergence": {
            "mean": 0.26655952742909267,
            "std": 0.1257298933072448,
            "num_values": 5
        },
        "SERP MS Divergence": {
            "mean": 0.06285714285714283,
            "std": 0.0420991163910483,
            "num_values": 5
        },
        "Pragmatic Divergence": {
            "mean": 0.12631578947368421,
            "std": 0.0704555811818169,
            "num_values": 5
        },
        "mean_rank": {
            "mean": 15.50526315789474,
            "std": 4.18222064567209,
            "num_values": 5
        },
        "diversity": {
            "mean": 1.0,
            "std": 0.0,
            "num_values": 5
        }
    },
    "a female": {
        "IOU Divergence": {
            "mean": 0.30434782608695654,
            "std": 0.03549985134468374,
            "num_values": 5
        },
        "SERP MS Divergence": {
            "mean": 0.05809523809523807,
            "std": 0.018418171053155966,
            "num_values": 5
        },
        "Pragmatic Divergence": {
            "mean": 0.1231578947368421,
            "std": 0.047263040675039274,
            "num_values": 5
        },
        "mean_rank": {
            "mean": 13.86315789473684,
            "std": 2.247214342061961,
            "num_values": 5
        },
        "diversity": {
            "mean": 1.0,
            "std": 0.0,
            "num_values": 5
        }
    },
    "a male": {
        "IOU Divergence": {
            "mean": 0.27781493868450396,
            "std": 0.15322349883542644,
            "num_values": 5
        },
        "SERP MS Divergence": {
            "mean": 0.07333333333333332,
            "std": 0.04201284761926244,
            "num_values": 5
        },
        "Pragmatic Divergence": {
            "mean": 0.12421052631578948,
            "std": 0.0730499013595683,