{
    "neutral": {
        "mean_rank": {
            "mean": 13.052631578947366,
            "std": 1.7763568394002505e-15,
            "num_values": 5
        },
        "diversity": {
            "mean": 1.0,
            "std": 0.0,
            "num_values": 5
        }
    },
    "an American": {
        "IOU Divergence": {
            "mean": 0.2817136886102404,
            "std": 0.34905461483139305,
            "num_values": 5
        },
        "SERP MS Divergence": {
            "mean": 0.2161904761904762,
            "std": 0.26703376093381537,
            "num_values": 5
        },
        "Pragmatic Divergence": {
            "mean": 0.2442105263157895,
            "std": 0.299391811951683,
            "num_values": 5
        },
        "mean_rank": {
            "mean": 19.53684210526316,
            "std": 8.397493360333316,
            "num_values": 5
        },
        "diversity": {
            "mean": 1.0,
            "std": 0.0,
            "num_values": 5
        }
    },
    "a Brazilian": {
        "IOU Divergence": {
            "mean": 0.8067371373836891,
            "std": 0.10078719822220952,
            "num_values": 5
        },
        "SERP MS Divergence": {
            "mean": 0.7085714285714287,
            "std": 0.19046190422615028,
            "num_values": 5
        },
        "Pragmatic Divergence": {
            "mean": 0.7578947368421053,
            "std": 0.16276693396462244,
            "num_values": 5
        },
        "mean_rank": {
            "mean": 41.758947368421055,
            "std": 7.116301094967683,
            "num_values": 5
        },
        "diversity": {
            "mean": 0.9800000000000001,
            "std": 0.024494897427831803,
            "num_values": 5
        }
    },
    "a British": {
        "IOU Divergence": {
            "mean": 0.7914938862307284,
            "std": 0.11398192450824027,
            "num_values": 5
        },
        "SERP MS Divergence": {
            "mean": 0.6923809523809524,
            "std": 0.13284263446981096,
            "num_values": 5
        },
        "Pragmatic Divergence": {
            "mean": 0.6989473684210527,
            "std": 0.1329153188855966,
            "num_values": 5
        },
        "mean_rank": {
            "mean": 81.49000000000001,
            "std": 39.920175350316285,
            "num_values": 5
        },
        "diversity": {
            "mean": 1.0,
            "std": 0.0,
            "num_values": 5
        }
    },
    "a Chinese": {
        "IOU Divergence": {
            "mean": 0.7767281105990783,
            "std": 0.06728899644408089,
            "num_values": 5
        },
        "SERP MS Divergence": {
            "mean": 0.6828571428571429,
            "std": 0.13243232987252337,
            "num_values": 5
        },
        "Pragmatic Divergence": {
            "mean": 0.7389473684210526,
            "std": 0.12524104183356502,
            "num_values": 5
        },
        "mean_rank": {
            "mean": 33.89,
            "std": 3.4003529228596245,
            "num_values": 5
        },
        "diversity": {
            "mean": 1.0,
            "std": 0.0,
            "num_values": 5
        }
    },
    "a French": {
        "IOU Divergence": {
            "mean": 0.8905658905658906,
            "std": 0.0699203419335428,
            "num_values": 5
        },
        "SERP MS Divergence": {
            "mean": 0.8161904761904761,
            "std": 0.11651009902408967,
            "num_values": 5
        },
        "Pragmatic Divergence": {
            "mean": 0.82,
            "std": 0.11614300097681426,
            "num_values": 5
        },
        "mean_rank": {
            "mean": 68.39000000000001,
            "std": 26.2002748077191,
            "num_values": 5
        },
        "diversity": {
            "mean": 1.0,
            "std": 0.0,
            "num_values": 5
        }
    },
    "a German": {
        "IOU Divergence": {
            "mean": 0.8173271716465564,
            "std": 0.07668846226816446,
            "num_values": 5
        },
        "SERP MS Divergence": {
            "mean": 0.7514285714285714,
            "std": 0.08936155509135162,
            "num_values": 5
        },
        "Pragmatic Divergence": {
            "mean": 0.7905263157894736,
            "std": 0.0609618199392432,
            "num_values": 5
        },
        "mean_rank": {
            "mean": 48.38631578947368,
            "std": 17.700212950813757,
            "num_values": 5
        },
        "diversity": {
            "mean": 1.0,
            "std": 0.0,
            "num_values": 5
        }
    },
    "a Japanese": {
        "IOU Divergence": {
            "mean": 0.8925813292536553,
            "std": 0.10108067814132897,
            "num_values": 5
        },
        "SERP MS Divergence": {
            "mean": 0.821904761904762,
            "std": 0.13836099223529585,
            "num_values": 5
        },
        "Pragmatic Divergence": {
            "mean": 0.8242105263157894,
            "std": 0.13548313057484354,
            "num_values": 5
        },
        "mean_rank": {
            "mean": 72.6,
            "std": 27.557594234620698,
            "num_values": 5
        },
        "diversity": {
            "mean": 1.0,
            "std": 0.0,
            "num_values": 5
        }
    },
    "a girl": {
        "IOU Divergence": {
            "mean": 0.8135175282234105,
            "std": 0.05016818205638415,
            "num_values": 5
        },
        "SERP MS Divergence": {
            "mean": 0.7476190476190477,
            "std": 0.08340812969832884,
            "num_values": 5
        },
        "Pragmatic Divergence": {
            "mean": 0.8031578947368422,
            "std": 0.06329809001420171,
            "num_values": 5
        },
        "mean_rank": {
            "mean": 43.69,
            "std": 14.433966883708718,
            "num_values": 5
        },
        "diversity": {
            "mean": 0.99,
            "std": 0.020000000000000018,
            "num_values": 5
        }
    },
    "a boy": {
        "IOU Divergence": {
            "mean": 0.8315887315887316,
            "std": 0.15915747347019987,
            "num_values": 5
        },
        "SERP MS Divergence": {
            "mean": 0.6295238095238095,
            "std": 0.2556286989874802,
            "num_values": 5
        },
        "Pragmatic Divergence": {
            "mean": 0.62,
            "std": 0.2618366833609504,
            "num_values": 5
        },
        "mean_rank": {
            "mean": 44.8421052631579,
            "std": 15.919012483466224,
            "num_values": 5
        },
        "diversity": {
            "mean": 0.9894736842105264,
            "std": 0.02105263157894739,
            "num_values": 5
        }
    },
    "a female": {
        "IOU Divergence": {
            "mean": 0.8179877356347944,
            "std": 0.12863083820529062,
            "num_values": 5
        },
        "SERP MS Divergence": {
            "mean": 0.7276190476190477,
            "std": 0.16135480826321802,
            "num_values": 5
        },
        "Pragmatic Divergence": {
            "mean": 0.7715789473684211,
            "std": 0.09252386081408728,
            "num_values": 5
        },
        "mean_rank": {
            "mean": 56.029999999999994,
            "std": 26.07708956152891,
            "num_values": 5
        },
        "diversity": {
            "mean": 1.0,
            "std": 0.0,
            "num_values": 5
        }
    },
    "a male": {
        "IOU Divergence": {
            "mean": 0.7245632798573975,
            "std": 0.16306294506919364,
            "num_values": 5
        },
        "SERP MS Divergence": {
            "mean": 0.5361904761904762,
            "std": 0.12094113183534586,
            "num_values": 5
        },
        "Pragmatic Divergence": {
            "mean": 0.5368421052631579,
            "std": 0.12061706535268396,