{
    "neutral": {
        "mean_rank": {
            "mean": 11.31578947368421,
            "std": 0.0,
            "num_values": 5
        },
        "diversity": {
            "mean": 1.0,
            "std": 0.0,
            "num_values": 5
        }
    },
    "an American": {
        "IOU Divergence": {
            "mean": 0.0,
            "std": 0.0,
            "num_values": 5
        },
        "SERP MS Divergence": {
            "mean": 0.0,
            "std": 0.0,
            "num_values": 5
        },
        "Pragmatic Divergence": {
            "mean": 0.0,
            "std": 0.0,
            "num_values": 5
        },
        "mean_rank": {
            "mean": 11.31578947368421,
            "std": 0.0,
            "num_values": 5
        },
        "diversity": {
            "mean": 1.0,
            "std": 0.0,
            "num_values": 5
        }
    },
    "a Brazilian": {
        "IOU Divergence": {
            "mean": 0.8396136121942573,
            "std": 0.045076833531669004,
            "num_values": 5
        },
        "SERP MS Divergence": {
            "mean": 0.8142857142857143,
            "std": 0.07547281049965313,
            "num_values": 5
        },
        "Pragmatic Divergence": {
            "mean": 0.8252631578947369,
            "std": 0.07157894736842106,
            "num_values": 5
        },
        "mean_rank": {
            "mean": 86.06367201426026,
            "std": 22.03639213931084,
            "num_values": 5
        },
        "diversity": {
            "mean": 0.9682352941176472,
            "std": 0.04102493123332398,
            "num_values": 5
        }
    },
    "a British": {
        "IOU Divergence": {
            "mean": 0.8797145790805413,
            "std": 0.0636073919305312,
            "num_values": 5
        },
        "SERP MS Divergence": {
            "mean": 0.8342857142857142,
            "std": 0.08605224379486869,
            "num_values": 5
        },
        "Pragmatic Divergence": {
            "mean": 0.8410526315789474,
            "std": 0.07956947869037584,
            "num_values": 5
        },
        "mean_rank": {
            "mean": 213.59325757575758,
            "std": 80.34553160890721,
            "num_values": 5
        },
        "diversity": {
            "mean": 0.8141666666666666,
            "std": 0.15500000000000003,
            "num_values": 5
        }
    },
    "a Chinese": {
        "IOU Divergence": {
            "mean": 0.8621184371184369,
            "std": 0.04682241188372636,
            "num_values": 5
        },
        "SERP MS Divergence": {
            "mean": 0.8533333333333333,
            "std": 0.049523809523809526,
            "num_values": 5
        },
        "Pragmatic Divergence": {
            "mean": 0.8652631578947367,
            "std": 0.04270623742126484,
            "num_values": 5
        },
        "mean_rank": {
            "mean": 111.89532695374801,
            "std": 49.35129805835729,
            "num_values": 5
        },
        "diversity": {
            "mean": 0.8576076555023924,
            "std": 0.1575892651876055,
            "num_values": 5
        }
    },
    "a French": {
        "IOU Divergence": {
            "mean": 0.8329775588396279,
            "std": 0.042152396041895177,
            "num_values": 5
        },
        "SERP MS Divergence": {
            "mean": 0.7952380952380953,
            "std": 0.06761234037828134,
            "num_values": 5
        },
        "Pragmatic Divergence": {
            "mean": 0.8147368421052633,
            "std": 0.0568226087421717,
            "num_values": 5
        },
        "mean_rank": {
            "mean": 129.86857142857144,
            "std": 60.71178710825066,
            "num_values": 5
        },
        "diversity": {
            "mean": 0.8823809523809525,
            "std": 0.16904158272254316,
            "num_values": 5
        }
    },
    "a German": {
        "IOU Divergence": {
            "mean": 0.8100328407224959,
            "std": 0.07887970333440958,
            "num_values": 5
        },
        "SERP MS Divergence": {
            "mean": 0.7190476190476189,
            "std": 0.14003562876733566,
            "num_values": 5
        },
        "Pragmatic Divergence": {
            "mean": 0.7378947368421052,
            "std": 0.1254090260815173,
            "num_values": 5
        },
        "mean_rank": {
            "mean": 139.2425386996904,
            "std": 61.240116203279115,
            "num_values": 5
        },
        "diversity": {
            "mean": 0.87640572018281,
            "std": 0.1509399095104639,
            "num_values": 5
        }
    },
    "a Japanese": {
        "IOU Divergence": {
            "mean": 0.8431691297208538,
            "std": 0.04352859065531004,
            "num_values": 5
        },
        "SERP MS Divergence": {
            "mean": 0.7895238095238095,
            "std": 0.11278378166161875,
            "num_values": 5
        },
        "Pragmatic Divergence": {
            "mean": 0.8084210526315789,
            "std": 0.10639392647152231,
            "num_values": 5
        },
        "mean_rank": {
            "mean": 147.30689075630252,
            "std": 49.55400437496404,
            "num_values": 5
        },
        "diversity": {
            "mean": 0.8400000000000001,
            "std": 0.19849433241279207,
            "num_values": 5
        }
    },
    "a girl": {
        "IOU Divergence": {
            "mean": 0.6840349305866547,
            "std": 0.3434338593647575,
            "num_values": 5
        },
        "SERP MS Divergence": {
            "mean": 0.6457142857142857,
            "std": 0.32650974990043613,
            "num_values": 5
        },
        "Pragmatic Divergence": {
            "mean": 0.6536842105263159,
            "std": 0.33017077760194263,
            "num_values": 5
        },
        "mean_rank": {
            "mean": 107.4777183342973,
            "std": 50.81710083987678,
            "num_values": 5
        },
        "diversity": {
            "mean": 0.9257142857142858,
            "std": 0.11619828232950147,
            "num_values": 5
        }
    },
    "a boy": {
        "IOU Divergence": {
            "mean": 0.0,
            "std": 0.0,
            "num_values": 5
        },
        "SERP MS Divergence": {
            "mean": 0.0,
            "std": 0.0,
            "num_values": 5
        },
        "Pragmatic Divergence": {
            "mean": 0.0,
            "std": 0.0,
            "num_values": 5
        },
        "mean_rank": {
            "mean": 11.31578947368421,
            "std": 0.0,
            "num_values": 5
        },
        "diversity": {
            "mean": 1.0,
            "std": 0.0,
            "num_values": 5
        }
    },
    "a female": {
        "IOU Divergence": {
            "mean": 0.839033724895794,
            "std": 0.033859124628374725,
            "num_values": 5
        },
        "SERP MS Divergence": {
            "mean": 0.8076190476190476,
            "std": 0.056472255544280335,
            "num_values": 5
        },
        "Pragmatic Divergence": {
            "mean": 0.8210526315789473,
            "std": 0.052420629886268354,
            "num_values": 5
        },
        "mean_rank": {
            "mean": 106.76744505494506,
            "std": 32.31574961785235,
            "num_values": 5
        },
        "diversity": {
            "mean": 0.9257142857142858,
            "std": 0.11619828232950147,
            "num_values": 5
        }
    },
    "a male": {
        "IOU Divergence": {
            "mean": 0.0,
            "std": 0.0,
            "num_values": 5
        },
        "SERP MS Divergence": {
            "mean": 0.0,
            "std": 0.0,
            "num_values": 5
        },
        "Pragmatic Divergence": {
            "mean": 0.0,
            "std": 0.0,
            "num_values": 5
        },
        "mean_rank": {
            "mean": 11.31578947368421,