{
    "neutral": {
        "mean_rank": {
            "mean": 17.568421052631578,
            "std": 9.243543827616916,
            "num_values": 5
        },
        "diversity": {
            "mean": 1.0,
            "std": 0.0,
            "num_values": 5
        }
    },
    "an American": {
        "IOU Divergence": {
            "mean": 0.27899159663865547,
            "std": 0.35087027497680373,
            "num_values": 5
        },
        "SERP MS Divergence": {
            "mean": 0.17619047619047615,
            "std": 0.2369496248499948,
            "num_values": 5
        },
        "Pragmatic Divergence": {
            "mean": 0.1936842105263158,
            "std": 0.25138728660581866,
            "num_values": 5
        },
        "mean_rank": {
            "mean": 20.56842105263158,
            "std": 10.091953954811665,
            "num_values": 5
        },
        "diversity": {
            "mean": 1.0,
            "std": 0.0,
            "num_values": 5
        }
    },
    "a Brazilian": {
        "IOU Divergence": {
            "mean": 0.8087246087246088,
            "std": 0.12251436607551285,
            "num_values": 5
        },
        "SERP MS Divergence": {
            "mean": 0.7095238095238094,
            "std": 0.17452234781431664,
            "num_values": 5
        },
        "Pragmatic Divergence": {
            "mean": 0.7610526315789474,
            "std": 0.12386213406383587,
            "num_values": 5
        },
        "mean_rank": {
            "mean": 71.99643274853801,
            "std": 55.965639975959135,
            "num_values": 5
        },
        "diversity": {
            "mean": 0.9888888888888889,
            "std": 0.022222222222222233,
            "num_values": 5
        }
    },
    "a British": {
        "IOU Divergence": {
            "mean": 0.7714285714285715,
            "std": 0.13602720816272093,
            "num_values": 5
        },
        "SERP MS Divergence": {
            "mean": 0.6657142857142858,
            "std": 0.17718893409958458,
            "num_values": 5
        },
        "Pragmatic Divergence": {
            "mean": 0.6694736842105264,
            "std": 0.17545824451380743,
            "num_values": 5
        },
        "mean_rank": {
            "mean": 85.52894736842106,
            "std": 105.34439102401991,
            "num_values": 5
        },
        "diversity": {
            "mean": 1.0,
            "std": 0.0,
            "num_values": 5
        }
    },
    "a Chinese": {
        "IOU Divergence": {
            "mean": 0.823025425712807,
            "std": 0.03456438967687134,
            "num_values": 5
        },
        "SERP MS Divergence": {
            "mean": 0.7361904761904762,
            "std": 0.07787425179717956,
            "num_values": 5
        },
        "Pragmatic Divergence": {
            "mean": 0.7621052631578947,
            "std": 0.08183491252874442,
            "num_values": 5
        },
        "mean_rank": {
            "mean": 50.91368421052631,
            "std": 13.402298393039398,
            "num_values": 5
        },
        "diversity": {
            "mean": 0.9689473684210526,
            "std": 0.04185451653067588,
            "num_values": 5
        }
    },
    "a French": {
        "IOU Divergence": {
            "mean": 0.908074638105598,
            "std": 0.07172767957951677,
            "num_values": 5
        },
        "SERP MS Divergence": {
            "mean": 0.8590476190476192,
            "std": 0.1240144823669183,
            "num_values": 5
        },
        "Pragmatic Divergence": {
            "mean": 0.8726315789473684,
            "std": 0.11314687828871814,
            "num_values": 5
        },
        "mean_rank": {
            "mean": 44.76105263157895,
            "std": 9.334255768293605,
            "num_values": 5
        },
        "diversity": {
            "mean": 1.0,
            "std": 0.0,
            "num_values": 5
        }
    },
    "a German": {
        "IOU Divergence": {
            "mean": 0.8176497695852534,
            "std": 0.07356599814562208,
            "num_values": 5
        },
        "SERP MS Divergence": {
            "mean": 0.7000000000000001,
            "std": 0.12555545522039618,
            "num_values": 5
        },
        "Pragmatic Divergence": {
            "mean": 0.7336842105263159,
            "std": 0.1219236398784864,
            "num_values": 5
        },
        "mean_rank": {
            "mean": 48.79315789473684,
            "std": 15.930165517256944,
            "num_values": 5
        },
        "diversity": {
            "mean": 1.0,
            "std": 0.0,
            "num_values": 5
        }
    },
    "a Japanese": {
        "IOU Divergence": {
            "mean": 0.8750971250971251,
            "std": 0.09290034579155163,
            "num_values": 5
        },
        "SERP MS Divergence": {
            "mean": 0.8,
            "std": 0.1290467404644139,
            "num_values": 5
        },
        "Pragmatic Divergence": {
            "mean": 0.8252631578947369,
            "std": 0.10971633028038215,
            "num_values": 5
        },
        "mean_rank": {
            "mean": 70.32000000000001,
            "std": 39.98965616256284,
            "num_values": 5
        },
        "diversity": {
            "mean": 1.0,
            "std": 0.0,
            "num_values": 5
        }
    },
    "a girl": {
        "IOU Divergence": {
            "mean": 0.7448134092346617,
            "std": 0.049692228891172655,
            "num_values": 5
        },
        "SERP MS Divergence": {
            "mean": 0.6447619047619048,
            "std": 0.10684508887109886,
            "num_values": 5
        },
        "Pragmatic Divergence": {
            "mean": 0.7273684210526314,
            "std": 0.09557523758160982,
            "num_values": 5
        },
        "mean_rank": {
            "mean": 38.631052631578946,
            "std": 16.674530348014898,
            "num_values": 5
        },
        "diversity": {
            "mean": 0.99,
            "std": 0.020000000000000018,
            "num_values": 5
        }
    },
    "a boy": {
        "IOU Divergence": {
            "mean": 0.876143978079462,
            "std": 0.08325262026615485,
            "num_values": 5
        },
        "SERP MS Divergence": {
            "mean": 0.7647619047619048,
            "std": 0.08558720738537509,
            "num_values": 5
        },
        "Pragmatic Divergence": {
            "mean": 0.7842105263157894,
            "std": 0.04880851839734582,
            "num_values": 5
        },
        "mean_rank": {
            "mean": 51.29847953216374,
            "std": 3.438194124527154,
            "num_values": 5
        },
        "diversity": {
            "mean": 1.0,
            "std": 0.0,
            "num_values": 5
        }
    },
    "a female": {
        "IOU Divergence": {
            "mean": 0.7069950738916255,
            "std": 0.0915006033133513,
            "num_values": 5
        },
        "SERP MS Divergence": {
            "mean": 0.5714285714285715,
            "std": 0.09209085526577958,
            "num_values": 5
        },
        "Pragmatic Divergence": {
            "mean": 0.6610526315789473,
            "std": 0.045226423281980684,
            "num_values": 5
        },
        "mean_rank": {
            "mean": 41.520526315789475,
            "std": 8.240477153169675,
            "num_values": 5
        },
        "diversity": {
            "mean": 1.0,
            "std": 0.0,
            "num_values": 5
        }
    },
    "a male": {
        "IOU Divergence": {
            "mean": 0.813804067759443,
            "std": 0.10317986330859058,
            "num_values": 5
        },
        "SERP MS Divergence": {
            "mean": 0.6123809523809524,
            "std": 0.10726870915471493,
            "num_values": 5
        },
        "Pragmatic Divergence": {
            "mean": 0.6305263157894737,