{
    "neutral": {
        "mean_rank": {
            "mean": 37.83526315789474,
            "std": 6.832961015012963,
            "num_values": 5
        },
        "diversity": {
            "mean": 0.9789473684210526,
            "std": 0.025784102555612427,
            "num_values": 5
        }
    },
    "an American": {
        "IOU Divergence": {
            "mean": 0.3721904761904762,
            "std": 0.21530442639913597,
            "num_values": 5
        },
        "SERP MS Divergence": {
            "mean": 0.11408521303258146,
            "std": 0.06483983919981312,
            "num_values": 5
        },
        "Pragmatic Divergence": {
            "mean": 0.1494903926482874,
            "std": 0.09447116197253877,
            "num_values": 5
        },
        "mean_rank": {
            "mean": 28.162631578947366,
            "std": 5.458727642887523,
            "num_values": 5
        },
        "diversity": {
            "mean": 0.9894736842105264,
            "std": 0.02105263157894739,
            "num_values": 5
        }
    },
    "a Brazilian": {
        "IOU Divergence": {
            "mean": 0.5296677814938685,
            "std": 0.11882965147483747,
            "num_values": 5
        },
        "SERP MS Divergence": {
            "mean": 0.20399331662489564,
            "std": 0.10890659705982236,
            "num_values": 5
        },
        "Pragmatic Divergence": {
            "mean": 0.2481035923141186,
            "std": 0.1085307941104297,
            "num_values": 5
        },
        "mean_rank": {
            "mean": 34.980000000000004,
            "std": 10.798685105141274,
            "num_values": 5
        },
        "diversity": {
            "mean": 0.9875,
            "std": 0.024999999999999998,
            "num_values": 5
        }
    },
    "a British": {
        "IOU Divergence": {
            "mean": 0.5469356730226295,
            "std": 0.12537432886180389,
            "num_values": 5
        },
        "SERP MS Divergence": {
            "mean": 0.2425396825396826,
            "std": 0.11874086613160946,
            "num_values": 5
        },
        "Pragmatic Divergence": {
            "mean": 0.2745446950710109,
            "std": 0.098492405664033,
            "num_values": 5
        },
        "mean_rank": {
            "mean": 46.319181286549714,
            "std": 8.758292490155494,
            "num_values": 5
        },
        "diversity": {
            "mean": 1.0,
            "std": 0.0,
            "num_values": 5
        }
    },
    "a Chinese": {
        "IOU Divergence": {
            "mean": 0.5135629625904226,
            "std": 0.1474311843625598,
            "num_values": 5
        },
        "SERP MS Divergence": {
            "mean": 0.19680868838763577,
            "std": 0.10050098785304623,
            "num_values": 5
        },
        "Pragmatic Divergence": {
            "mean": 0.23805346700083546,
            "std": 0.1101550883534897,
            "num_values": 5
        },
        "mean_rank": {
            "mean": 28.711052631578944,
            "std": 5.223471532194411,
            "num_values": 5
        },
        "diversity": {
            "mean": 0.9894736842105264,
            "std": 0.02105263157894739,
            "num_values": 5
        }
    },
    "a French": {
        "IOU Divergence": {
            "mean": 0.5464145050351947,
            "std": 0.18804792508541385,
            "num_values": 5
        },
        "SERP MS Divergence": {
            "mean": 0.2377777777777778,
            "std": 0.11971810076893928,
            "num_values": 5
        },
        "Pragmatic Divergence": {
            "mean": 0.26237259816207187,
            "std": 0.09243849531474083,
            "num_values": 5
        },
        "mean_rank": {
            "mean": 49.989999999999995,
            "std": 11.680042808140731,
            "num_values": 5
        },
        "diversity": {
            "mean": 1.0,
            "std": 0.0,
            "num_values": 5
        }
    },
    "a German": {
        "IOU Divergence": {
            "mean": 0.5032269579495965,
            "std": 0.17575600799974483,
            "num_values": 5
        },
        "SERP MS Divergence": {
            "mean": 0.24930659983291567,
            "std": 0.1251735941006155,
            "num_values": 5
        },
        "Pragmatic Divergence": {
            "mean": 0.27055137844611526,
            "std": 0.11657111335993454,
            "num_values": 5
        },
        "mean_rank": {
            "mean": 49.008421052631576,
            "std": 11.152012774368023,
            "num_values": 5
        },
        "diversity": {
            "mean": 0.99,
            "std": 0.020000000000000018,
            "num_values": 5
        }
    },
    "a Japanese": {
        "IOU Divergence": {
            "mean": 0.7154022988505747,
            "std": 0.06942604856094835,
            "num_values": 5
        },
        "SERP MS Divergence": {
            "mean": 0.3798162071846282,
            "std": 0.05660755094779016,
            "num_values": 5
        },
        "Pragmatic Divergence": {
            "mean": 0.37936507936507935,
            "std": 0.06148750499269366,
            "num_values": 5
        },
        "mean_rank": {
            "mean": 33.959999999999994,
            "std": 2.8164516683231056,
            "num_values": 5
        },
        "diversity": {
            "mean": 1.0,
            "std": 0.0,
            "num_values": 5
        }
    },
    "a girl": {
        "IOU Divergence": {
            "mean": 0.8121925133689839,
            "std": 0.06945237476206531,
            "num_values": 5
        },
        "SERP MS Divergence": {
            "mean": 0.6564912280701755,
            "std": 0.19816455414669912,
            "num_values": 5
        },
        "Pragmatic Divergence": {
            "mean": 0.5077694235588973,
            "std": 0.17383172301077382,
            "num_values": 5
        },
        "mean_rank": {
            "mean": 33.34842105263158,
            "std": 2.9971494305658615,
            "num_values": 5
        },
        "diversity": {
            "mean": 1.0,
            "std": 0.0,
            "num_values": 5
        }
    },
    "a boy": {
        "IOU Divergence": {
            "mean": 0.7750925925925927,
            "std": 0.10567261215764225,
            "num_values": 5
        },
        "SERP MS Divergence": {
            "mean": 0.61734335839599,
            "std": 0.20743762411794808,
            "num_values": 5
        },
        "Pragmatic Divergence": {
            "mean": 0.6240517961570594,
            "std": 0.11884606896131042,
            "num_values": 5
        },
        "mean_rank": {
            "mean": 27.284210526315793,
            "std": 1.8047643932756035,
            "num_values": 5
        },
        "diversity": {
            "mean": 1.0,
            "std": 0.0,
            "num_values": 5
        }
    },
    "a female": {
        "IOU Divergence": {
            "mean": 0.7341758098223616,
            "std": 0.08441021996844122,
            "num_values": 5
        },
        "SERP MS Divergence": {
            "mean": 0.42858813700918963,
            "std": 0.22611387763533855,
            "num_values": 5
        },
        "Pragmatic Divergence": {
            "mean": 0.45593149540517963,
            "std": 0.23595278141827536,
            "num_values": 5
        },
        "mean_rank": {
            "mean": 46.50238095238095,
            "std": 21.07555509768929,
            "num_values": 5
        },
        "diversity": {
            "mean": 1.0,
            "std": 0.0,
            "num_values": 5
        }
    },
    "a male": {
        "IOU Divergence": {
            "mean": 0.6505652054039152,
            "std": 0.17138948571045506,
            "num_values": 5
        },
        "SERP MS Divergence": {
            "mean": 0.39088554720133667,
            "std": 0.1534463899526774,
            "num_values": 5
        },