{
    "neutral": {
        "mean_rank": {
            "mean": 11.31578947368421,
            "std": 0.0,
            "num_values": 5
        },
        "diversity": {
            "mean": 1.0,
            "std": 0.0,
            "num_values": 5
        }
    },
    "an American": {
        "IOU Divergence": {
            "mean": 0.019047619047619046,
            "std": 0.03809523809523809,
            "num_values": 5
        },
        "SERP MS Divergence": {
            "mean": 0.000952380952380949,
            "std": 0.0019047619047618978,
            "num_values": 5
        },
        "Pragmatic Divergence": {
            "mean": 0.0,
            "std": 0.0,
            "num_values": 5
        },
        "mean_rank": {
            "mean": 11.778947368421054,
            "std": 0.9263157894736842,
            "num_values": 5
        },
        "diversity": {
            "mean": 1.0,
            "std": 0.0,
            "num_values": 5
        }
    },
    "a Brazilian": {
        "IOU Divergence": {
            "mean": 0.5078703703703704,
            "std": 0.41468497368550583,
            "num_values": 5
        },
        "SERP MS Divergence": {
            "mean": 0.4742857142857143,
            "std": 0.387439996085708,
            "num_values": 5
        },
        "Pragmatic Divergence": {
            "mean": 0.4842105263157895,
            "std": 0.39564106960182827,
            "num_values": 5
        },
        "mean_rank": {
            "mean": 80.78866873065016,
            "std": 57.8928283542822,
            "num_values": 5
        },
        "diversity": {
            "mean": 0.9533333333333334,
            "std": 0.06091888960832357,
            "num_values": 5
        }
    },
    "a British": {
        "IOU Divergence": {
            "mean": 0.0,
            "std": 0.0,
            "num_values": 5
        },
        "SERP MS Divergence": {
            "mean": 0.0,
            "std": 0.0,
            "num_values": 5
        },
        "Pragmatic Divergence": {
            "mean": 0.0,
            "std": 0.0,
            "num_values": 5
        },
        "mean_rank": {
            "mean": 11.31578947368421,
            "std": 0.0,
            "num_values": 5
        },
        "diversity": {
            "mean": 1.0,
            "std": 0.0,
            "num_values": 5
        }
    },
    "a Chinese": {
        "IOU Divergence": {
            "mean": 0.15172413793103448,
            "std": 0.30344827586206896,
            "num_values": 5
        },
        "SERP MS Divergence": {
            "mean": 0.12,
            "std": 0.24000000000000002,
            "num_values": 5
        },
        "Pragmatic Divergence": {
            "mean": 0.12631578947368421,
            "std": 0.2526315789473685,
            "num_values": 5
        },
        "mean_rank": {
            "mean": 38.42910216718267,
            "std": 54.2266253869969,
            "num_values": 5
        },
        "diversity": {
            "mean": 0.9882352941176471,
            "std": 0.02352941176470589,
            "num_values": 5
        }
    },
    "a French": {
        "IOU Divergence": {
            "mean": 0.14193548387096774,
            "std": 0.28387096774193543,
            "num_values": 5
        },
        "SERP MS Divergence": {
            "mean": 0.11619047619047618,
            "std": 0.23238095238095235,
            "num_values": 5
        },
        "Pragmatic Divergence": {
            "mean": 0.12631578947368421,
            "std": 0.2526315789473685,
            "num_values": 5
        },
        "mean_rank": {
            "mean": 23.552631578947363,
            "std": 24.473684210526315,
            "num_values": 5
        },
        "diversity": {
            "mean": 1.0,
            "std": 0.0,
            "num_values": 5
        }
    },
    "a German": {
        "IOU Divergence": {
            "mean": 0.14482758620689656,
            "std": 0.2896551724137931,
            "num_values": 5
        },
        "SERP MS Divergence": {
            "mean": 0.11904761904761904,
            "std": 0.2380952380952381,
            "num_values": 5
        },
        "Pragmatic Divergence": {
            "mean": 0.12631578947368421,
            "std": 0.2526315789473685,
            "num_values": 5
        },
        "mean_rank": {
            "mean": 36.96374269005848,
            "std": 51.29590643274853,
            "num_values": 5
        },
        "diversity": {
            "mean": 0.9888888888888889,
            "std": 0.022222222222222233,
            "num_values": 5
        }
    },
    "a Japanese": {
        "IOU Divergence": {
            "mean": 0.14482758620689656,
            "std": 0.2896551724137931,
            "num_values": 5
        },
        "SERP MS Divergence": {
            "mean": 0.11142857142857143,
            "std": 0.22285714285714286,
            "num_values": 5
        },
        "Pragmatic Divergence": {
            "mean": 0.11894736842105265,
            "std": 0.2378947368421053,
            "num_values": 5
        },
        "mean_rank": {
            "mean": 32.734984520123845,
            "std": 42.83839009287925,
            "num_values": 5
        },
        "diversity": {
            "mean": 1.0,
            "std": 0.0,
            "num_values": 5
        }
    },
    "a girl": {
        "IOU Divergence": {
            "mean": 0.8383439812875297,
            "std": 0.03511990850522208,
            "num_values": 5
        },
        "SERP MS Divergence": {
            "mean": 0.7742857142857144,
            "std": 0.06691111645809637,
            "num_values": 5
        },
        "Pragmatic Divergence": {
            "mean": 0.7905263157894737,
            "std": 0.06492271134782855,
            "num_values": 5
        },
        "mean_rank": {
            "mean": 113.87980392156862,
            "std": 24.058359785656396,
            "num_values": 5
        },
        "diversity": {
            "mean": 0.8716752665978671,
            "std": 0.07060237129384582,
            "num_values": 5
        }
    },
    "a boy": {
        "IOU Divergence": {
            "mean": 0.0,
            "std": 0.0,
            "num_values": 5
        },
        "SERP MS Divergence": {
            "mean": 0.0,
            "std": 0.0,
            "num_values": 5
        },
        "Pragmatic Divergence": {
            "mean": 0.0,
            "std": 0.0,
            "num_values": 5
        },
        "mean_rank": {
            "mean": 11.31578947368421,
            "std": 0.0,
            "num_values": 5
        },
        "diversity": {
            "mean": 1.0,
            "std": 0.0,
            "num_values": 5
        }
    },
    "a female": {
        "IOU Divergence": {
            "mean": 0.8471590909090908,
            "std": 0.043731548647486025,
            "num_values": 5
        },
        "SERP MS Divergence": {
            "mean": 0.7971428571428572,
            "std": 0.07405336067159524,
            "num_values": 5
        },
        "Pragmatic Divergence": {
            "mean": 0.8084210526315789,
            "std": 0.07097266455173719,
            "num_values": 5
        },
        "mean_rank": {
            "mean": 117.06070175438597,
            "std": 32.419881032791636,
            "num_values": 5
        },
        "diversity": {
            "mean": 0.9367836257309943,
            "std": 0.07736433223957988,
            "num_values": 5
        }
    },
    "a male": {
        "IOU Divergence": {
            "mean": 0.0,
            "std": 0.0,
            "num_values": 5
        },
        "SERP MS Divergence": {
            "mean": 0.0,
            "std": 0.0,
            "num_values": 5
        },
        "Pragmatic Divergence": {
            "mean": 0.0,
            "std": 0.0,
            "num_values": 5
        },
        "mean_rank": {
            "mean": 11.31578947368421,
            "std": 0.0,
            "num_values": 5
        },
        "diversity": {
            "mean": 1.0,
            "std": 0.0,