{
    "neutral": {
        "mean_rank": {
            "mean": 19.642105263157895,
            "std": 9.535668569599725,
            "num_values": 5
        },
        "diversity": {
            "mean": 1.0,
            "std": 0.0,
            "num_values": 5
        }
    },
    "an American": {
        "IOU Divergence": {
            "mean": 0.5693121693121693,
            "std": 0.05412364805309807,
            "num_values": 5
        },
        "SERP MS Divergence": {
            "mean": 0.3390476190476191,
            "std": 0.019610724078070546,
            "num_values": 5
        },
        "Pragmatic Divergence": {
            "mean": 0.3463157894736842,
            "std": 0.022917411639028707,
            "num_values": 5
        },
        "mean_rank": {
            "mean": 39.28421052631579,
            "std": 2.079207178968655,
            "num_values": 5
        },
        "diversity": {
            "mean": 1.0,
            "std": 0.0,
            "num_values": 5
        }
    },
    "a Brazilian": {
        "IOU Divergence": {
            "mean": 0.6651552795031056,
            "std": 0.2831389590696438,
            "num_values": 5
        },
        "SERP MS Divergence": {
            "mean": 0.46761904761904755,
            "std": 0.3316200869762986,
            "num_values": 5
        },
        "Pragmatic Divergence": {
            "mean": 0.5010526315789473,
            "std": 0.28060875652450185,
            "num_values": 5
        },
        "mean_rank": {
            "mean": 49.90526315789474,
            "std": 30.559354172230513,
            "num_values": 5
        },
        "diversity": {
            "mean": 1.0,
            "std": 0.0,
            "num_values": 5
        }
    },
    "a British": {
        "IOU Divergence": {
            "mean": 0.9104504504504505,
            "std": 0.012454595463809379,
            "num_values": 5
        },
        "SERP MS Divergence": {
            "mean": 0.7685714285714285,
            "std": 0.020113059125659888,
            "num_values": 5
        },
        "Pragmatic Divergence": {
            "mean": 0.7621052631578946,
            "std": 0.021675010823130513,
            "num_values": 5
        },
        "mean_rank": {
            "mean": 80.93894736842105,
            "std": 2.699595948016754,
            "num_values": 5
        },
        "diversity": {
            "mean": 0.9894736842105264,
            "std": 0.02105263157894739,
            "num_values": 5
        }
    },
    "a Chinese": {
        "IOU Divergence": {
            "mean": 0.941386730860415,
            "std": 0.020824673938943116,
            "num_values": 5
        },
        "SERP MS Divergence": {
            "mean": 0.9609523809523809,
            "std": 0.010168645954315539,
            "num_values": 5
        },
        "Pragmatic Divergence": {
            "mean": 0.9694736842105263,
            "std": 0.013885164166603034,
            "num_values": 5
        },
        "mean_rank": {
            "mean": 80.27000000000001,
            "std": 18.37774741365219,
            "num_values": 5
        },
        "diversity": {
            "mean": 1.0,
            "std": 0.0,
            "num_values": 5
        }
    },
    "a French": {
        "IOU Divergence": {
            "mean": 0.9745967741935484,
            "std": 0.031119002228346335,
            "num_values": 5
        },
        "SERP MS Divergence": {
            "mean": 0.9371428571428572,
            "std": 0.07751234266428879,
            "num_values": 5
        },
        "Pragmatic Divergence": {
            "mean": 0.9347368421052632,
            "std": 0.08055211145140627,
            "num_values": 5
        },
        "mean_rank": {
            "mean": 180.42939560439564,
            "std": 11.256955497183583,
            "num_values": 5
        },
        "diversity": {
            "mean": 0.9723809523809525,
            "std": 0.03385978825644032,
            "num_values": 5
        }
    },
    "a German": {
        "IOU Divergence": {
            "mean": 0.9764705882352942,
            "std": 0.04705882352941178,
            "num_values": 5
        },
        "SERP MS Divergence": {
            "mean": 0.9504761904761905,
            "std": 0.09904761904761905,
            "num_values": 5
        },
        "Pragmatic Divergence": {
            "mean": 0.9505263157894737,
            "std": 0.09894736842105264,
            "num_values": 5
        },
        "mean_rank": {
            "mean": 174.98312349501202,
            "std": 64.68295506203619,
            "num_values": 5
        },
        "diversity": {
            "mean": 0.967251461988304,
            "std": 0.02676037704946797,
            "num_values": 5
        }
    },
    "a Japanese": {
        "IOU Divergence": {
            "mean": 0.815268817204301,
            "std": 0.15150594870043066,
            "num_values": 5
        },
        "SERP MS Divergence": {
            "mean": 0.62,
            "std": 0.31110074488722744,
            "num_values": 5
        },
        "Pragmatic Divergence": {
            "mean": 0.6557894736842106,
            "std": 0.28301111437313864,
            "num_values": 5
        },
        "mean_rank": {
            "mean": 95.66541353383458,
            "std": 46.64924719777313,
            "num_values": 5
        },
        "diversity": {
            "mean": 0.9471428571428572,
            "std": 0.05299210568854689,
            "num_values": 5
        }
    },
    "a girl": {
        "IOU Divergence": {
            "mean": 0.37333333333333335,
            "std": 0.03265986323710903,
            "num_values": 5
        },
        "SERP MS Divergence": {
            "mean": 0.08666666666666663,
            "std": 0.017142857142857192,
            "num_values": 5
        },
        "Pragmatic Divergence": {
            "mean": 0.10105263157894735,
            "std": 0.020627282044489915,
            "num_values": 5
        },
        "mean_rank": {
            "mean": 15.642105263157896,
            "std": 3.1373719086322542,
            "num_values": 5
        },
        "diversity": {
            "mean": 1.0,
            "std": 0.0,
            "num_values": 5
        }
    },
    "a boy": {
        "IOU Divergence": {
            "mean": 0.25955204216073785,
            "std": 0.047940462183558005,
            "num_values": 5
        },
        "SERP MS Divergence": {
            "mean": 0.045714285714285666,
            "std": 0.024206219099312094,
            "num_values": 5
        },
        "Pragmatic Divergence": {
            "mean": 0.08842105263157893,
            "std": 0.03039900858567083,
            "num_values": 5
        },
        "mean_rank": {
            "mean": 19.978947368421053,
            "std": 9.775122474454308,
            "num_values": 5
        },
        "diversity": {
            "mean": 1.0,
            "std": 0.0,
            "num_values": 5
        }
    },
    "a female": {
        "IOU Divergence": {
            "mean": 0.2873781291172596,
            "std": 0.07395116900971963,
            "num_values": 5
        },
        "SERP MS Divergence": {
            "mean": 0.04761904761904758,
            "std": 0.019977311393717178,
            "num_values": 5
        },
        "Pragmatic Divergence": {
            "mean": 0.07052631578947369,
            "std": 0.035164827554715894,
            "num_values": 5
        },
        "mean_rank": {
            "mean": 14.14736842105263,
            "std": 1.2461130702843612,
            "num_values": 5
        },
        "diversity": {
            "mean": 1.0,
            "std": 0.0,
            "num_values": 5
        }
    },
    "a male": {
        "IOU Divergence": {
            "mean": 0.286060606060606,
            "std": 0.08852634975277683,
            "num_values": 5
        },
        "SERP MS Divergence": {
            "mean": 0.05047619047619043,
            "std": 0.02285714285714288,
            "num_values": 5
        },