{
    "neutral": {
        "mean_rank": {
            "mean": 29.114210526315787,
            "std": 5.572387802116299,
            "num_values": 5
        },
        "diversity": {
            "mean": 0.9894736842105264,
            "std": 0.02105263157894739,
            "num_values": 5
        }
    },
    "an American": {
        "IOU Divergence": {
            "mean": 0.48011063011063015,
            "std": 0.1654539115515256,
            "num_values": 5
        },
        "SERP MS Divergence": {
            "mean": 0.22822055137844616,
            "std": 0.11043695203541254,
            "num_values": 5
        },
        "Pragmatic Divergence": {
            "mean": 0.27052631578947367,
            "std": 0.11511148901114572,
            "num_values": 5
        },
        "mean_rank": {
            "mean": 28.991093117408905,
            "std": 15.471006193875057,
            "num_values": 5
        },
        "diversity": {
            "mean": 1.0,
            "std": 0.0,
            "num_values": 5
        }
    },
    "a Brazilian": {
        "IOU Divergence": {
            "mean": 0.507089947089947,
            "std": 0.09872204892488068,
            "num_values": 5
        },
        "SERP MS Divergence": {
            "mean": 0.2628571428571429,
            "std": 0.09870021670726176,
            "num_values": 5
        },
        "Pragmatic Divergence": {
            "mean": 0.33204678362573103,
            "std": 0.11705165925335101,
            "num_values": 5
        },
        "mean_rank": {
            "mean": 38.94,
            "std": 6.98944919145994,
            "num_values": 5
        },
        "diversity": {
            "mean": 0.99,
            "std": 0.020000000000000018,
            "num_values": 5
        }
    },
    "a British": {
        "IOU Divergence": {
            "mean": 0.6958784893267652,
            "std": 0.08633685411217201,
            "num_values": 5
        },
        "SERP MS Divergence": {
            "mean": 0.5588972431077694,
            "std": 0.12676413252301882,
            "num_values": 5
        },
        "Pragmatic Divergence": {
            "mean": 0.6021052631578947,
            "std": 0.1055659064112218,
            "num_values": 5
        },
        "mean_rank": {
            "mean": 72.91543859649123,
            "std": 12.446275035741113,
            "num_values": 5
        },
        "diversity": {
            "mean": 0.8678947368421053,
            "std": 0.16908094407995694,
            "num_values": 5
        }
    },
    "a Chinese": {
        "IOU Divergence": {
            "mean": 0.6158730158730159,
            "std": 0.03664379292184119,
            "num_values": 5
        },
        "SERP MS Divergence": {
            "mean": 0.4413032581453634,
            "std": 0.08083324955474033,
            "num_values": 5
        },
        "Pragmatic Divergence": {
            "mean": 0.5280701754385964,
            "std": 0.10798052026521113,
            "num_values": 5
        },
        "mean_rank": {
            "mean": 41.04128654970761,
            "std": 9.362637246603324,
            "num_values": 5
        },
        "diversity": {
            "mean": 0.9783625730994151,
            "std": 0.026516453915215534,
            "num_values": 5
        }
    },
    "a French": {
        "IOU Divergence": {
            "mean": 0.9612903225806452,
            "std": 0.0774193548387097,
            "num_values": 5
        },
        "SERP MS Divergence": {
            "mean": 0.9371428571428572,
            "std": 0.12571428571428572,
            "num_values": 5
        },
        "Pragmatic Divergence": {
            "mean": 0.9368421052631579,
            "std": 0.1263157894736842,
            "num_values": 5
        },
        "mean_rank": {
            "mean": 150.11666666666667,
            "std": 27.6375147620444,
            "num_values": 5
        },
        "diversity": {
            "mean": 0.9055555555555556,
            "std": 0.09875771574795099,
            "num_values": 5
        }
    },
    "a German": {
        "IOU Divergence": {
            "mean": 0.6094438128920887,
            "std": 0.05589133984146385,
            "num_values": 5
        },
        "SERP MS Divergence": {
            "mean": 0.35548872180451124,
            "std": 0.0867023906218528,
            "num_values": 5
        },
        "Pragmatic Divergence": {
            "mean": 0.4314619883040936,
            "std": 0.08474844439274092,
            "num_values": 5
        },
        "mean_rank": {
            "mean": 71.5242105263158,
            "std": 18.572517256148043,
            "num_values": 5
        },
        "diversity": {
            "mean": 0.9800000000000001,
            "std": 0.039999999999999994,
            "num_values": 5
        }
    },
    "a Japanese": {
        "IOU Divergence": {
            "mean": 0.6658470695970695,
            "std": 0.07904497582292765,
            "num_values": 5
        },
        "SERP MS Divergence": {
            "mean": 0.4418045112781955,
            "std": 0.10183650402014756,
            "num_values": 5
        },
        "Pragmatic Divergence": {
            "mean": 0.5521637426900586,
            "std": 0.07650088463108294,
            "num_values": 5
        },
        "mean_rank": {
            "mean": 48.01684210526315,
            "std": 7.099751585525884,
            "num_values": 5
        },
        "diversity": {
            "mean": 1.0,
            "std": 0.0,
            "num_values": 5
        }
    },
    "a girl": {
        "IOU Divergence": {
            "mean": 0.8392316913687882,
            "std": 0.12324534220336951,
            "num_values": 5
        },
        "SERP MS Divergence": {
            "mean": 0.6915789473684211,
            "std": 0.25011630261869783,
            "num_values": 5
        },
        "Pragmatic Divergence": {
            "mean": 0.7143859649122808,
            "std": 0.23451199469120423,
            "num_values": 5
        },
        "mean_rank": {
            "mean": 49.77012383900929,
            "std": 18.577928883828545,
            "num_values": 5
        },
        "diversity": {
            "mean": 1.0,
            "std": 0.0,
            "num_values": 5
        }
    },
    "a boy": {
        "IOU Divergence": {
            "mean": 0.6889197874181189,
            "std": 0.07792071551178213,
            "num_values": 5
        },
        "SERP MS Divergence": {
            "mean": 0.4966416040100251,
            "std": 0.06105678797001277,
            "num_values": 5
        },
        "Pragmatic Divergence": {
            "mean": 0.5633918128654971,
            "std": 0.04862403424931934,
            "num_values": 5
        },
        "mean_rank": {
            "mean": 28.284210526315785,
            "std": 3.3495524156283256,
            "num_values": 5
        },
        "diversity": {
            "mean": 1.0,
            "std": 0.0,
            "num_values": 5
        }
    },
    "a female": {
        "IOU Divergence": {
            "mean": 0.6884897828863347,
            "std": 0.09128183856456998,
            "num_values": 5
        },
        "SERP MS Divergence": {
            "mean": 0.4669172932330826,
            "std": 0.17628895239767645,
            "num_values": 5
        },
        "Pragmatic Divergence": {
            "mean": 0.4913450292397661,
            "std": 0.18072064096308157,
            "num_values": 5
        },
        "mean_rank": {
            "mean": 47.43151702786378,
            "std": 19.949944666029285,
            "num_values": 5
        },
        "diversity": {
            "mean": 1.0,
            "std": 0.0,
            "num_values": 5
        }
    },
    "a male": {
        "IOU Divergence": {
            "mean": 0.5643711843711844,
            "std": 0.09316002154136802,
            "num_values": 5
        },
        "SERP MS Divergence": {
            "mean": 0.32847117794486214,
            "std": 0.11177749304289787,