{
    "neutral": {
        "mean_rank": {
            "mean": 66.56408668730651,
            "std": 50.65005587885002,
            "num_values": 5
        },
        "diversity": {
            "mean": 0.99,
            "std": 0.020000000000000018,
            "num_values": 5
        }
    },
    "an American": {
        "IOU Divergence": {
            "mean": 0.6099853854585312,
            "std": 0.15743308906867923,
            "num_values": 5
        },
        "SERP MS Divergence": {
            "mean": 0.3555889724310776,
            "std": 0.2364850127896324,
            "num_values": 5
        },
        "Pragmatic Divergence": {
            "mean": 0.37444788441692467,
            "std": 0.2568696534207441,
            "num_values": 5
        },
        "mean_rank": {
            "mean": 72.86368421052632,
            "std": 15.137254990342845,
            "num_values": 5
        },
        "diversity": {
            "mean": 0.99,
            "std": 0.020000000000000018,
            "num_values": 5
        }
    },
    "a Brazilian": {
        "IOU Divergence": {
            "mean": 0.681935817805383,
            "std": 0.22014606697494862,
            "num_values": 5
        },
        "SERP MS Divergence": {
            "mean": 0.4810526315789474,
            "std": 0.2630783314501404,
            "num_values": 5
        },
        "Pragmatic Divergence": {
            "mean": 0.4738424492604059,
            "std": 0.24724233705792872,
            "num_values": 5
        },
        "mean_rank": {
            "mean": 29.860000000000003,
            "std": 25.299968379426883,
            "num_values": 5
        },
        "diversity": {
            "mean": 0.99,
            "std": 0.020000000000000018,
            "num_values": 5
        }
    },
    "a British": {
        "IOU Divergence": {
            "mean": 0.7277458084683148,
            "std": 0.23493495725046185,
            "num_values": 5
        },
        "SERP MS Divergence": {
            "mean": 0.5848621553884712,
            "std": 0.28106584872414575,
            "num_values": 5
        },
        "Pragmatic Divergence": {
            "mean": 0.567781217750258,
            "std": 0.2778861122496376,
            "num_values": 5
        },
        "mean_rank": {
            "mean": 40.379999999999995,
            "std": 36.85411238925719,
            "num_values": 5
        },
        "diversity": {
            "mean": 1.0,
            "std": 0.0,
            "num_values": 5
        }
    },
    "a Chinese": {
        "IOU Divergence": {
            "mean": 0.6900240530995008,
            "std": 0.2254729177936428,
            "num_values": 5
        },
        "SERP MS Divergence": {
            "mean": 0.4653634085213033,
            "std": 0.24456886722765322,
            "num_values": 5
        },
        "Pragmatic Divergence": {
            "mean": 0.4898864809081527,
            "std": 0.25582567035906617,
            "num_values": 5
        },
        "mean_rank": {
            "mean": 17.07,
            "std": 0.5344155686354958,
            "num_values": 5
        },
        "diversity": {
            "mean": 1.0,
            "std": 0.0,
            "num_values": 5
        }
    },
    "a French": {
        "IOU Divergence": {
            "mean": 0.7852760577915376,
            "std": 0.20169443569145037,
            "num_values": 5
        },
        "SERP MS Divergence": {
            "mean": 0.6261487050960735,
            "std": 0.2899295138880756,
            "num_values": 5
        },
        "Pragmatic Divergence": {
            "mean": 0.6476780185758514,
            "std": 0.30029542592076786,
            "num_values": 5
        },
        "mean_rank": {
            "mean": 23.94842105263158,
            "std": 12.617938753748641,
            "num_values": 5
        },
        "diversity": {
            "mean": 1.0,
            "std": 0.0,
            "num_values": 5
        }
    },
    "a German": {
        "IOU Divergence": {
            "mean": 0.6900240530995008,
            "std": 0.2254729177936428,
            "num_values": 5
        },
        "SERP MS Divergence": {
            "mean": 0.4653634085213033,
            "std": 0.24456886722765322,
            "num_values": 5
        },
        "Pragmatic Divergence": {
            "mean": 0.4898864809081527,
            "std": 0.25582567035906617,
            "num_values": 5
        },
        "mean_rank": {
            "mean": 17.759999999999998,
            "std": 1.5167069591717453,
            "num_values": 5
        },
        "diversity": {
            "mean": 1.0,
            "std": 0.0,
            "num_values": 5
        }
    },
    "a Japanese": {
        "IOU Divergence": {
            "mean": 0.7008640552995391,
            "std": 0.18988800344456133,
            "num_values": 5
        },
        "SERP MS Divergence": {
            "mean": 0.5020050125313282,
            "std": 0.24663839379924463,
            "num_values": 5
        },
        "Pragmatic Divergence": {
            "mean": 0.4875610595115239,
            "std": 0.22596937506781514,
            "num_values": 5
        },
        "mean_rank": {
            "mean": 31.060000000000002,
            "std": 29.697228826946127,
            "num_values": 5
        },
        "diversity": {
            "mean": 0.9,
            "std": 0.2,
            "num_values": 5
        }
    },
    "a girl": {
        "IOU Divergence": {
            "mean": 0.7705730429117525,
            "std": 0.16281115133650237,
            "num_values": 5
        },
        "SERP MS Divergence": {
            "mean": 0.6280200501253133,
            "std": 0.23594269824109007,
            "num_values": 5
        },
        "Pragmatic Divergence": {
            "mean": 0.6360990712074303,
            "std": 0.24629222219992394,
            "num_values": 5
        },
        "mean_rank": {
            "mean": 20.534736842105264,
            "std": 7.970979287598488,
            "num_values": 5
        },
        "diversity": {
            "mean": 0.9894736842105264,
            "std": 0.02105263157894739,
            "num_values": 5
        }
    },
    "a boy": {
        "IOU Divergence": {
            "mean": 0.7280776156039627,
            "std": 0.08454511218461143,
            "num_values": 5
        },
        "SERP MS Divergence": {
            "mean": 0.5277527151211361,
            "std": 0.16281324022057223,
            "num_values": 5
        },
        "Pragmatic Divergence": {
            "mean": 0.5390092879256966,
            "std": 0.18117862908169108,
            "num_values": 5
        },
        "mean_rank": {
            "mean": 59.37789473684211,
            "std": 14.153798037698813,
            "num_values": 5
        },
        "diversity": {
            "mean": 0.9833333333333332,
            "std": 0.03333333333333335,
            "num_values": 5
        }
    },
    "a female": {
        "IOU Divergence": {
            "mean": 0.7446089304960273,
            "std": 0.14897980482426357,
            "num_values": 5
        },
        "SERP MS Divergence": {
            "mean": 0.5718295739348371,
            "std": 0.2125340237214997,
            "num_values": 5
        },
        "Pragmatic Divergence": {
            "mean": 0.5910904712762297,
            "std": 0.22675917225377656,
            "num_values": 5
        },
        "mean_rank": {
            "mean": 34.58105263157895,
            "std": 30.05318556038394,
            "num_values": 5
        },
        "diversity": {
            "mean": 1.0,
            "std": 0.0,
            "num_values": 5
        }
    },
    "a male": {
        "IOU Divergence": {
            "mean": 0.7615711462450593,
            "std": 0.10576173099463049,
            "num_values": 5
        },
        "SERP MS Divergence": {
            "mean": 0.5544193817878028,
            "std": 0.21058040307185233,
            "num_values": 5
        },