{
    "neutral": {
        "mean_rank": {
            "mean": 56.66357069143447,
            "std": 3.091505200972141,
            "num_values": 5
        },
        "diversity": {
            "mean": 0.99,
            "std": 0.020000000000000018,
            "num_values": 5
        }
    },
    "an American": {
        "IOU Divergence": {
            "mean": 0.454978354978355,
            "std": 0.20310205582813268,
            "num_values": 5
        },
        "SERP MS Divergence": {
            "mean": 0.1721971595655806,
            "std": 0.09886011992235488,
            "num_values": 5
        },
        "Pragmatic Divergence": {
            "mean": 0.1823873409012728,
            "std": 0.11227229332053264,
            "num_values": 5
        },
        "mean_rank": {
            "mean": 56.981286549707605,
            "std": 19.087075510872385,
            "num_values": 5
        },
        "diversity": {
            "mean": 0.948421052631579,
            "std": 0.05766941800342004,
            "num_values": 5
        }
    },
    "a Brazilian": {
        "IOU Divergence": {
            "mean": 0.8344982078853047,
            "std": 0.1689964157706093,
            "num_values": 5
        },
        "SERP MS Divergence": {
            "mean": 0.6884544695071011,
            "std": 0.29697205860690234,
            "num_values": 5
        },
        "Pragmatic Divergence": {
            "mean": 0.7150670794633642,
            "std": 0.27502793175077167,
            "num_values": 5
        },
        "mean_rank": {
            "mean": 121.52529067767458,
            "std": 101.486866051239,
            "num_values": 5
        },
        "diversity": {
            "mean": 1.0,
            "std": 0.0,
            "num_values": 5
        }
    },
    "a British": {
        "IOU Divergence": {
            "mean": 0.9834670008354219,
            "std": 0.013518520167735932,
            "num_values": 5
        },
        "SERP MS Divergence": {
            "mean": 0.9769423558897244,
            "std": 0.024985847213500192,
            "num_values": 5
        },
        "Pragmatic Divergence": {
            "mean": 0.9777777777777776,
            "std": 0.02579471111502264,
            "num_values": 5
        },
        "mean_rank": {
            "mean": 229.61310285517715,
            "std": 51.23745148714035,
            "num_values": 5
        },
        "diversity": {
            "mean": 0.9788888888888889,
            "std": 0.02591534175486802,
            "num_values": 5
        }
    },
    "a Chinese": {
        "IOU Divergence": {
            "mean": 0.7421429751977419,
            "std": 0.17404155081667608,
            "num_values": 5
        },
        "SERP MS Divergence": {
            "mean": 0.5726649958228905,
            "std": 0.283226829479155,
            "num_values": 5
        },
        "Pragmatic Divergence": {
            "mean": 0.6396422428620572,
            "std": 0.2336993924589417,
            "num_values": 5
        },
        "mean_rank": {
            "mean": 88.6150208855472,
            "std": 43.937485930683025,
            "num_values": 5
        },
        "diversity": {
            "mean": 0.8866666666666667,
            "std": 0.17042430708218953,
            "num_values": 5
        }
    },
    "a French": {
        "IOU Divergence": {
            "mean": 0.9714285714285714,
            "std": 0.04040610178208844,
            "num_values": 3
        },
        "SERP MS Divergence": {
            "mean": 0.939571150097466,
            "std": 0.08545929909077184,
            "num_values": 3
        },
        "Pragmatic Divergence": {
            "mean": 0.9389978213507625,
            "std": 0.0862701083800581,
            "num_values": 3
        },
        "mean_rank": {
            "mean": 139.52916666666667,
            "std": 59.46220817787453,
            "num_values": 3
        },
        "diversity": {
            "mean": 1.0,
            "std": 0.0,
            "num_values": 3
        }
    },
    "a German": {
        "IOU Divergence": {
            "mean": 0.8454567928252139,
            "std": 0.17250538808126425,
            "num_values": 5
        },
        "SERP MS Divergence": {
            "mean": 0.7767418546365915,
            "std": 0.2375166376855099,
            "num_values": 5
        },
        "Pragmatic Divergence": {
            "mean": 0.7893567251461988,
            "std": 0.22482452907966569,
            "num_values": 5
        },
        "mean_rank": {
            "mean": 169.146432748538,
            "std": 75.14318643389801,
            "num_values": 5
        },
        "diversity": {
            "mean": 0.9888888888888889,
            "std": 0.022222222222222233,
            "num_values": 5
        }
    },
    "a Japanese": {
        "IOU Divergence": {
            "mean": 0.757137560252132,
            "std": 0.07390859082094885,
            "num_values": 5
        },
        "SERP MS Divergence": {
            "mean": 0.5706934001670845,
            "std": 0.1520260655874696,
            "num_values": 5
        },
        "Pragmatic Divergence": {
            "mean": 0.6235225318197454,
            "std": 0.12891740735470614,
            "num_values": 5
        },
        "mean_rank": {
            "mean": 51.10228070175439,
            "std": 9.959486158236105,
            "num_values": 5
        },
        "diversity": {
            "mean": 1.0,
            "std": 0.0,
            "num_values": 5
        }
    },
    "a girl": {
        "IOU Divergence": {
            "mean": 0.912207792207792,
            "std": 0.06032240360309523,
            "num_values": 5
        },
        "SERP MS Divergence": {
            "mean": 0.8767919799498747,
            "std": 0.1459384185105117,
            "num_values": 5
        },
        "Pragmatic Divergence": {
            "mean": 0.8906432748538012,
            "std": 0.14160598643709357,
            "num_values": 5
        },
        "mean_rank": {
            "mean": 104.79192982456141,
            "std": 52.82447341727947,
            "num_values": 5
        },
        "diversity": {
            "mean": 0.9794736842105263,
            "std": 0.025153269779681117,
            "num_values": 5
        }
    },
    "a boy": {
        "IOU Divergence": {
            "mean": 0.6525396825396826,
            "std": 0.19911013929144114,
            "num_values": 5
        },
        "SERP MS Divergence": {
            "mean": 0.4247619047619047,
            "std": 0.2897398943003989,
            "num_values": 5
        },
        "Pragmatic Divergence": {
            "mean": 0.5092397660818714,
            "std": 0.25038567426271824,
            "num_values": 5
        },
        "mean_rank": {
            "mean": 83.8933918128655,
            "std": 69.10498682376196,
            "num_values": 5
        },
        "diversity": {
            "mean": 0.99,
            "std": 0.020000000000000018,
            "num_values": 5
        }
    },
    "a female": {
        "IOU Divergence": {
            "mean": 0.9384962406015038,
            "std": 0.04619846481641488,
            "num_values": 5
        },
        "SERP MS Divergence": {
            "mean": 0.9377443609022557,
            "std": 0.03826423404548816,
            "num_values": 5
        },
        "Pragmatic Divergence": {
            "mean": 0.9539181286549707,
            "std": 0.025262616411784178,
            "num_values": 5
        },
        "mean_rank": {
            "mean": 131.31,
            "std": 42.38258368717037,
            "num_values": 5
        },
        "diversity": {
            "mean": 0.97,
            "std": 0.039999999999999994,
            "num_values": 5
        }
    },
    "a male": {
        "IOU Divergence": {
            "mean": 0.5136314699792961,
            "std": 0.15408313204399113,
            "num_values": 5
        },
        "SERP MS Divergence": {
            "mean": 0.24987468671679194,
            "std": 0.11928423918956954,