{
    "neutral": {
        "mean_rank": {
            "mean": 31.36842105263158,
            "std": 6.972522246790933,
            "num_values": 5
        },
        "diversity": {
            "mean": 1.0,
            "std": 0.0,
            "num_values": 5
        }
    },
    "an American": {
        "IOU Divergence": {
            "mean": 0.36805152979066025,
            "std": 0.0976295767212319,
            "num_values": 5
        },
        "SERP MS Divergence": {
            "mean": 0.22857142857142865,
            "std": 0.03026714015632515,
            "num_values": 5
        },
        "Pragmatic Divergence": {
            "mean": 0.26842105263157895,
            "std": 0.014122534594735515,
            "num_values": 5
        },
        "mean_rank": {
            "mean": 51.2,
            "std": 1.4372950895745922,
            "num_values": 5
        },
        "diversity": {
            "mean": 1.0,
            "std": 0.0,
            "num_values": 5
        }
    },
    "a Brazilian": {
        "IOU Divergence": {
            "mean": 1.0,
            "std": 0.0,
            "num_values": 5
        },
        "SERP MS Divergence": {
            "mean": 1.0,
            "std": 0.0,
            "num_values": 5
        },
        "Pragmatic Divergence": {
            "mean": 1.0,
            "std": 0.0,
            "num_values": 5
        },
        "mean_rank": {
            "mean": 208.11324175824174,
            "std": 26.958568705540927,
            "num_values": 5
        },
        "diversity": {
            "mean": 0.3668681318681319,
            "std": 0.09443704395576198,
            "num_values": 5
        }
    },
    "a British": {
        "IOU Divergence": {
            "mean": 0.9394894894894895,
            "std": 0.01143115093734192,
            "num_values": 5
        },
        "SERP MS Divergence": {
            "mean": 0.8314285714285713,
            "std": 0.0064593618886907315,
            "num_values": 5
        },
        "Pragmatic Divergence": {
            "mean": 0.8252631578947369,
            "std": 0.005156820511122496,
            "num_values": 5
        },
        "mean_rank": {
            "mean": 85.28376332989336,
            "std": 7.80772274986929,
            "num_values": 5
        },
        "diversity": {
            "mean": 1.0,
            "std": 0.0,
            "num_values": 5
        }
    },
    "a Chinese": {
        "IOU Divergence": {
            "mean": 0.9843381843381843,
            "std": 0.012797829758546141,
            "num_values": 5
        },
        "SERP MS Divergence": {
            "mean": 0.9828571428571429,
            "std": 0.015238095238095233,
            "num_values": 5
        },
        "Pragmatic Divergence": {
            "mean": 0.9842105263157895,
            "std": 0.01450952500220023,
            "num_values": 5
        },
        "mean_rank": {
            "mean": 105.64315789473683,
            "std": 24.312690255897724,
            "num_values": 5
        },
        "diversity": {
            "mean": 0.96,
            "std": 0.03741657386773941,
            "num_values": 5
        }
    },
    "a French": {
        "IOU Divergence": {
            "mean": 1.0,
            "std": 0.0,
            "num_values": 5
        },
        "SERP MS Divergence": {
            "mean": 1.0,
            "std": 0.0,
            "num_values": 5
        },
        "Pragmatic Divergence": {
            "mean": 1.0,
            "std": 0.0,
            "num_values": 5
        },
        "mean_rank": {
            "mean": 192.79214285714286,
            "std": 8.150695600714705,
            "num_values": 5
        },
        "diversity": {
            "mean": 1.0,
            "std": 0.0,
            "num_values": 5
        }
    },
    "a German": {
        "IOU Divergence": {
            "mean": 1.0,
            "std": 0.0,
            "num_values": 5
        },
        "SERP MS Divergence": {
            "mean": 1.0,
            "std": 0.0,
            "num_values": 5
        },
        "Pragmatic Divergence": {
            "mean": 1.0,
            "std": 0.0,
            "num_values": 5
        },
        "mean_rank": {
            "mean": 212.58498168498167,
            "std": 12.750331908852754,
            "num_values": 5
        },
        "diversity": {
            "mean": 1.0,
            "std": 0.0,
            "num_values": 5
        }
    },
    "a Japanese": {
        "IOU Divergence": {
            "mean": 0.9876893939393939,
            "std": 0.015080325179844223,
            "num_values": 5
        },
        "SERP MS Divergence": {
            "mean": 0.9885714285714287,
            "std": 0.014317425122259916,
            "num_values": 5
        },
        "Pragmatic Divergence": {
            "mean": 0.9894736842105264,
            "std": 0.013314853305972114,
            "num_values": 5
        },
        "mean_rank": {
            "mean": 145.1095238095238,
            "std": 20.901148619285074,
            "num_values": 5
        },
        "diversity": {
            "mean": 0.7657142857142858,
            "std": 0.17769371595344163,
            "num_values": 5
        }
    },
    "a girl": {
        "IOU Divergence": {
            "mean": 0.18874458874458874,
            "std": 0.1313223281431246,
            "num_values": 5
        },
        "SERP MS Divergence": {
            "mean": 0.039999999999999994,
            "std": 0.03138525153006491,
            "num_values": 5
        },
        "Pragmatic Divergence": {
            "mean": 0.06947368421052633,
            "std": 0.03575850052939584,
            "num_values": 5
        },
        "mean_rank": {
            "mean": 27.126315789473686,
            "std": 6.497440365400753,
            "num_values": 5
        },
        "diversity": {
            "mean": 1.0,
            "std": 0.0,
            "num_values": 5
        }
    },
    "a boy": {
        "IOU Divergence": {
            "mean": 0.0554112554112554,
            "std": 0.07317938219607077,
            "num_values": 5
        },
        "SERP MS Divergence": {
            "mean": 0.005714285714285694,
            "std": 0.009233675918888214,
            "num_values": 5
        },
        "Pragmatic Divergence": {
            "mean": 0.0336842105263158,
            "std": 0.029322922688808636,
            "num_values": 5
        },
        "mean_rank": {
            "mean": 30.378947368421052,
            "std": 2.7304378511011316,
            "num_values": 5
        },
        "diversity": {
            "mean": 1.0,
            "std": 0.0,
            "num_values": 5
        }
    },
    "a female": {
        "IOU Divergence": {
            "mean": 0.1948051948051948,
            "std": 0.0769540642191826,
            "num_values": 5
        },
        "SERP MS Divergence": {
            "mean": 0.039999999999999994,
            "std": 0.022049213148171883,
            "num_values": 5
        },
        "Pragmatic Divergence": {
            "mean": 0.062105263157894754,
            "std": 0.029661058533906028,
            "num_values": 5
        },
        "mean_rank": {
            "mean": 29.336842105263155,
            "std": 5.205643645292373,
            "num_values": 5
        },
        "diversity": {
            "mean": 1.0,
            "std": 0.0,
            "num_values": 5
        }
    },
    "a male": {
        "IOU Divergence": {
            "mean": 0.1281385281385281,
            "std": 0.07231381131712933,
            "num_values": 5
        },
        "SERP MS Divergence": {
            "mean": 0.020952380952380924,
            "std": 0.02204921314817186,
            "num_values": 5
        },
        "Pragmatic Divergence": {
            "mean": 0.058947368421052616,
            "std": 0.02586990679461999,
            "num_values": 5
        },
        "mean_rank": {
            "mean": 30.36842105263158,
            "std": 2.712441837205289,
            "num_values": 5
        },