{
    "neutral": {
        "mean_rank": {
            "mean": 17.121740626074992,
            "std": 2.6158224393704876,
            "num_values": 5
        },
        "diversity": {
            "mean": 0.9100000000000001,
            "std": 0.06633249580710798,
            "num_values": 5
        }
    },
    "an American": {
        "IOU Divergence": {
            "mean": 0.6982266009852217,
            "std": 0.04246222871630623,
            "num_values": 5
        },
        "SERP MS Divergence": {
            "mean": 0.46571428571428586,
            "std": 0.02972283149395663,
            "num_values": 5
        },
        "Pragmatic Divergence": {
            "mean": 0.4652631578947369,
            "std": 0.02367836185095157,
            "num_values": 5
        },
        "mean_rank": {
            "mean": 56.17894736842105,
            "std": 7.965618640909818,
            "num_values": 5
        },
        "diversity": {
            "mean": 0.99,
            "std": 0.020000000000000018,
            "num_values": 5
        }
    },
    "a Brazilian": {
        "IOU Divergence": {
            "mean": 1.0,
            "std": 0.0,
            "num_values": 5
        },
        "SERP MS Divergence": {
            "mean": 1.0,
            "std": 0.0,
            "num_values": 5
        },
        "Pragmatic Divergence": {
            "mean": 1.0,
            "std": 0.0,
            "num_values": 5
        },
        "mean_rank": {
            "mean": 267.22444444444443,
            "std": 57.0431703099709,
            "num_values": 5
        },
        "diversity": {
            "mean": 0.8333333333333333,
            "std": 0.16865480854231357,
            "num_values": 5
        }
    },
    "a British": {
        "IOU Divergence": {
            "mean": 0.8506493506493508,
            "std": 0.0216531370067934,
            "num_values": 5
        },
        "SERP MS Divergence": {
            "mean": 0.6933333333333332,
            "std": 0.028981188675624686,
            "num_values": 5
        },
        "Pragmatic Divergence": {
            "mean": 0.7242105263157894,
            "std": 0.017801615289776602,
            "num_values": 5
        },
        "mean_rank": {
            "mean": 65.10416666666667,
            "std": 10.268977087913806,
            "num_values": 5
        },
        "diversity": {
            "mean": 0.9073099415204678,
            "std": 0.03599889042972388,
            "num_values": 5
        }
    },
    "a Chinese": {
        "IOU Divergence": {
            "mean": 0.9607584711303876,
            "std": 0.028291596343483192,
            "num_values": 5
        },
        "SERP MS Divergence": {
            "mean": 0.9438095238095239,
            "std": 0.03465410552125764,
            "num_values": 5
        },
        "Pragmatic Divergence": {
            "mean": 0.9442105263157895,
            "std": 0.033386845320323585,
            "num_values": 5
        },
        "mean_rank": {
            "mean": 123.60368421052631,
            "std": 27.133750620116665,
            "num_values": 5
        },
        "diversity": {
            "mean": 0.68,
            "std": 0.14352700094407325,
            "num_values": 5
        }
    },
    "a French": {
        "IOU Divergence": {
            "mean": 0.9636363636363636,
            "std": 0.07272727272727275,
            "num_values": 5
        },
        "SERP MS Divergence": {
            "mean": 0.9390476190476191,
            "std": 0.12190476190476192,
            "num_values": 5
        },
        "Pragmatic Divergence": {
            "mean": 0.9484210526315788,
            "std": 0.10315789473684212,
            "num_values": 5
        },
        "mean_rank": {
            "mean": 122.05333333333333,
            "std": 38.152591873510595,
            "num_values": 5
        },
        "diversity": {
            "mean": 0.643515037593985,
            "std": 0.24218806959652842,
            "num_values": 5
        }
    },
    "a German": {
        "IOU Divergence": {
            "mean": 0.962962962962963,
            "std": 0.07407407407407404,
            "num_values": 5
        },
        "SERP MS Divergence": {
            "mean": 0.9323809523809523,
            "std": 0.13523809523809524,
            "num_values": 5
        },
        "Pragmatic Divergence": {
            "mean": 0.9452631578947368,
            "std": 0.1094736842105263,
            "num_values": 5
        },
        "mean_rank": {
            "mean": 130.27666666666667,
            "std": 52.59968389333735,
            "num_values": 5
        },
        "diversity": {
            "mean": 0.6577777777777778,
            "std": 0.3005879013196524,
            "num_values": 5
        }
    },
    "a Japanese": {
        "IOU Divergence": {
            "mean": 0.9618181818181819,
            "std": 0.01919882916540262,
            "num_values": 5
        },
        "SERP MS Divergence": {
            "mean": 0.9638095238095238,
            "std": 0.018220120447341902,
            "num_values": 5
        },
        "Pragmatic Divergence": {
            "mean": 0.9642105263157894,
            "std": 0.01804887178892869,
            "num_values": 5
        },
        "mean_rank": {
            "mean": 27.990000000000002,
            "std": 2.937243605831836,
            "num_values": 5
        },
        "diversity": {
            "mean": 0.16,
            "std": 0.020000000000000007,
            "num_values": 5
        }
    },
    "a girl": {
        "IOU Divergence": {
            "mean": 0.7101904761904763,
            "std": 0.02718809930400011,
            "num_values": 5
        },
        "SERP MS Divergence": {
            "mean": 0.501904761904762,
            "std": 0.05829007142133087,
            "num_values": 5
        },
        "Pragmatic Divergence": {
            "mean": 0.5652631578947369,
            "std": 0.031332370665552015,
            "num_values": 5
        },
        "mean_rank": {
            "mean": 29.660000000000004,
            "std": 23.041601506839754,
            "num_values": 5
        },
        "diversity": {
            "mean": 0.6399999999999999,
            "std": 0.28,
            "num_values": 5
        }
    },
    "a boy": {
        "IOU Divergence": {
            "mean": 0.18883116883116885,
            "std": 0.12156855448122142,
            "num_values": 5
        },
        "SERP MS Divergence": {
            "mean": 0.046666666666666676,
            "std": 0.030772370326482883,
            "num_values": 5
        },
        "Pragmatic Divergence": {
            "mean": 0.16631578947368425,
            "std": 0.08555505589985726,
            "num_values": 5
        },
        "mean_rank": {
            "mean": 17.867836257309943,
            "std": 2.437561590603479,
            "num_values": 5
        },
        "diversity": {
            "mean": 0.97,
            "std": 0.024494897427831803,
            "num_values": 5
        }
    },
    "a female": {
        "IOU Divergence": {
            "mean": 0.7181481481481482,
            "std": 0.03077418974494959,
            "num_values": 5
        },
        "SERP MS Divergence": {
            "mean": 0.501904761904762,
            "std": 0.05829007142133087,
            "num_values": 5
        },
        "Pragmatic Divergence": {
            "mean": 0.5694736842105264,
            "std": 0.0314735081846864,
            "num_values": 5
        },
        "mean_rank": {
            "mean": 37.019999999999996,
            "std": 29.18065455057511,
            "num_values": 5
        },
        "diversity": {
            "mean": 0.6799999999999999,
            "std": 0.3124099870362662,
            "num_values": 5
        }
    },
    "a male": {
        "IOU Divergence": {
            "mean": 0.10095238095238095,
            "std": 0.09328472981322576,
            "num_values": 5
        },
        "SERP MS Divergence": {
            "mean": 0.03047619047619048,