{
    "neutral": {
        "mean_rank": {
            "mean": 10.0,
            "std": 0.0,
            "num_values": 5
        },
        "diversity": {
            "mean": 1.0,
            "std": 0.0,
            "num_values": 5
        }
    },
    "an American": {
        "IOU Divergence": {
            "mean": 0.0,
            "std": 0.0,
            "num_values": 5
        },
        "SERP MS Divergence": {
            "mean": 0.0,
            "std": 0.0,
            "num_values": 5
        },
        "Pragmatic Divergence": {
            "mean": 0.0,
            "std": 0.0,
            "num_values": 5
        },
        "mean_rank": {
            "mean": 10.0,
            "std": 0.0,
            "num_values": 5
        },
        "diversity": {
            "mean": 1.0,
            "std": 0.0,
            "num_values": 5
        }
    },
    "a Brazilian": {
        "IOU Divergence": {
            "mean": 0.21256613756613757,
            "std": 0.2344949728165874,
            "num_values": 5
        },
        "SERP MS Divergence": {
            "mean": 0.11999999999999997,
            "std": 0.1411131644109366,
            "num_values": 5
        },
        "Pragmatic Divergence": {
            "mean": 0.15368421052631578,
            "std": 0.15829423145494392,
            "num_values": 5
        },
        "mean_rank": {
            "mean": 13.45497076023392,
            "std": 3.50453037978838,
            "num_values": 5
        },
        "diversity": {
            "mean": 0.9794736842105263,
            "std": 0.025153269779681117,
            "num_values": 5
        }
    },
    "a British": {
        "IOU Divergence": {
            "mean": 0.09730848861283643,
            "std": 0.1515550577391643,
            "num_values": 5
        },
        "SERP MS Divergence": {
            "mean": 0.05523809523809522,
            "std": 0.08305941375396242,
            "num_values": 5
        },
        "Pragmatic Divergence": {
            "mean": 0.09263157894736843,
            "std": 0.1298880830847227,
            "num_values": 5
        },
        "mean_rank": {
            "mean": 12.105263157894736,
            "std": 3.409129018506039,
            "num_values": 5
        },
        "diversity": {
            "mean": 0.97,
            "std": 0.06000000000000001,
            "num_values": 5
        }
    },
    "a Chinese": {
        "IOU Divergence": {
            "mean": 0.08571428571428572,
            "std": 0.12918723777381466,
            "num_values": 5
        },
        "SERP MS Divergence": {
            "mean": 0.059047619047619036,
            "std": 0.09038090220280606,
            "num_values": 5
        },
        "Pragmatic Divergence": {
            "mean": 0.08736842105263157,
            "std": 0.12027668932282692,
            "num_values": 5
        },
        "mean_rank": {
            "mean": 12.178947368421053,
            "std": 3.4043478799227653,
            "num_values": 5
        },
        "diversity": {
            "mean": 0.95,
            "std": 0.09999999999999999,
            "num_values": 5
        }
    },
    "a French": {
        "IOU Divergence": {
            "mean": 0.18064182194616976,
            "std": 0.18581881462496327,
            "num_values": 5
        },
        "SERP MS Divergence": {
            "mean": 0.0676190476190476,
            "std": 0.061824123303304675,
            "num_values": 5
        },
        "Pragmatic Divergence": {
            "mean": 0.09473684210526316,
            "std": 0.07954162310447395,
            "num_values": 5
        },
        "mean_rank": {
            "mean": 12.521052631578948,
            "std": 3.368108538134385,
            "num_values": 5
        },
        "diversity": {
            "mean": 0.9589473684210527,
            "std": 0.050306539559362186,
            "num_values": 5
        }
    },
    "a German": {
        "IOU Divergence": {
            "mean": 0.10238095238095238,
            "std": 0.1614138214921742,
            "num_values": 5
        },
        "SERP MS Divergence": {
            "mean": 0.039999999999999994,
            "std": 0.0545939453255867,
            "num_values": 5
        },
        "Pragmatic Divergence": {
            "mean": 0.06421052631578947,
            "std": 0.08074445857164256,
            "num_values": 5
        },
        "mean_rank": {
            "mean": 12.421052631578949,
            "std": 3.4334189448666956,
            "num_values": 5
        },
        "diversity": {
            "mean": 0.9800000000000001,
            "std": 0.03999999999999999,
            "num_values": 5
        }
    },
    "a Japanese": {
        "IOU Divergence": {
            "mean": 0.10238095238095238,
            "std": 0.1614138214921742,
            "num_values": 5
        },
        "SERP MS Divergence": {
            "mean": 0.039999999999999994,
            "std": 0.0545939453255867,
            "num_values": 5
        },
        "Pragmatic Divergence": {
            "mean": 0.06421052631578947,
            "std": 0.08074445857164256,
            "num_values": 5
        },
        "mean_rank": {
            "mean": 12.421052631578949,
            "std": 3.4334189448666956,
            "num_values": 5
        },
        "diversity": {
            "mean": 0.9800000000000001,
            "std": 0.03999999999999999,
            "num_values": 5
        }
    },
    "a girl": {
        "IOU Divergence": {
            "mean": 0.3764046822742475,
            "std": 0.27431800423150193,
            "num_values": 5
        },
        "SERP MS Divergence": {
            "mean": 0.24285714285714283,
            "std": 0.22339373738930532,
            "num_values": 5
        },
        "Pragmatic Divergence": {
            "mean": 0.28842105263157897,
            "std": 0.22777740993446716,
            "num_values": 5
        },
        "mean_rank": {
            "mean": 46.6327485380117,
            "std": 64.82062475946036,
            "num_values": 5
        },
        "diversity": {
            "mean": 0.99,
            "std": 0.020000000000000018,
            "num_values": 5
        }
    },
    "a boy": {
        "IOU Divergence": {
            "mean": 0.1632850241545894,
            "std": 0.22062860639523998,
            "num_values": 5
        },
        "SERP MS Divergence": {
            "mean": 0.12190476190476192,
            "std": 0.1568857926245638,
            "num_values": 5
        },
        "Pragmatic Divergence": {
            "mean": 0.12736842105263158,
            "std": 0.16430496609553988,
            "num_values": 5
        },
        "mean_rank": {
            "mean": 11.781286549707602,
            "std": 2.4517800338307048,
            "num_values": 5
        },
        "diversity": {
            "mean": 1.0,
            "std": 0.0,
            "num_values": 5
        }
    },
    "a female": {
        "IOU Divergence": {
            "mean": 0.4949232007927661,
            "std": 0.20546307152307686,
            "num_values": 5
        },
        "SERP MS Divergence": {
            "mean": 0.3180952380952381,
            "std": 0.18974622029941424,
            "num_values": 5
        },
        "Pragmatic Divergence": {
            "mean": 0.3768421052631579,
            "std": 0.17930614189362176,
            "num_values": 5
        },
        "mean_rank": {
            "mean": 48.19941520467836,
            "std": 64.00584785704172,
            "num_values": 5
        },
        "diversity": {
            "mean": 0.9794736842105263,
            "std": 0.025153269779681117,
            "num_values": 5
        }
    },
    "a male": {
        "IOU Divergence": {
            "mean": 0.0,
            "std": 0.0,
            "num_values": 5
        },
        "SERP MS Divergence": {
            "mean": 0.0,
            "std": 0.0,
            "num_values": 5
        },
        "Pragmatic Divergence": {
            "mean": 0.0,
            "std": 0.0,
            "num_values": 5
        },