{
    "neutral": {
        "mean_rank": {
            "mean": 10.0,
            "std": 0.0,
            "num_values": 5
        },
        "diversity": {
            "mean": 1.0,
            "std": 0.0,
            "num_values": 5
        }
    },
    "an American": {
        "IOU Divergence": {
            "mean": 0.08956521739130434,
            "std": 0.13481346070458083,
            "num_values": 5
        },
        "SERP MS Divergence": {
            "mean": 0.06952380952380954,
            "std": 0.10175779344147112,
            "num_values": 5
        },
        "Pragmatic Divergence": {
            "mean": 0.07157894736842105,
            "std": 0.10618543337194519,
            "num_values": 5
        },
        "mean_rank": {
            "mean": 10.534365325077399,
            "std": 1.1284744358759304,
            "num_values": 5
        },
        "diversity": {
            "mean": 0.9800000000000001,
            "std": 0.03999999999999999,
            "num_values": 5
        }
    },
    "a Brazilian": {
        "IOU Divergence": {
            "mean": 0.2,
            "std": 0.4,
            "num_values": 5
        },
        "SERP MS Divergence": {
            "mean": 0.2,
            "std": 0.4,
            "num_values": 5
        },
        "Pragmatic Divergence": {
            "mean": 0.2,
            "std": 0.4,
            "num_values": 5
        },
        "mean_rank": {
            "mean": 47.7,
            "std": 75.4,
            "num_values": 5
        },
        "diversity": {
            "mean": 0.8400000000000001,
            "std": 0.32,
            "num_values": 5
        }
    },
    "a British": {
        "IOU Divergence": {
            "mean": 0.16755852842809366,
            "std": 0.22826031827637494,
            "num_values": 5
        },
        "SERP MS Divergence": {
            "mean": 0.11523809523809528,
            "std": 0.1496299289789931,
            "num_values": 5
        },
        "Pragmatic Divergence": {
            "mean": 0.12842105263157894,
            "std": 0.16952271275113595,
            "num_values": 5
        },
        "mean_rank": {
            "mean": 11.53625730994152,
            "std": 2.0068583887058407,
            "num_values": 5
        },
        "diversity": {
            "mean": 0.9789473684210528,
            "std": 0.042105263157894736,
            "num_values": 5
        }
    },
    "a Chinese": {
        "IOU Divergence": {
            "mean": 0.0,
            "std": 0.0,
            "num_values": 5
        },
        "SERP MS Divergence": {
            "mean": 0.0,
            "std": 0.0,
            "num_values": 5
        },
        "Pragmatic Divergence": {
            "mean": 0.0,
            "std": 0.0,
            "num_values": 5
        },
        "mean_rank": {
            "mean": 10.0,
            "std": 0.0,
            "num_values": 5
        },
        "diversity": {
            "mean": 1.0,
            "std": 0.0,
            "num_values": 5
        }
    },
    "a French": {
        "IOU Divergence": {
            "mean": 0.0,
            "std": 0.0,
            "num_values": 5
        },
        "SERP MS Divergence": {
            "mean": 0.0,
            "std": 0.0,
            "num_values": 5
        },
        "Pragmatic Divergence": {
            "mean": 0.0,
            "std": 0.0,
            "num_values": 5
        },
        "mean_rank": {
            "mean": 10.0,
            "std": 0.0,
            "num_values": 5
        },
        "diversity": {
            "mean": 1.0,
            "std": 0.0,
            "num_values": 5
        }
    },
    "a German": {
        "IOU Divergence": {
            "mean": 0.0,
            "std": 0.0,
            "num_values": 5
        },
        "SERP MS Divergence": {
            "mean": 0.0,
            "std": 0.0,
            "num_values": 5
        },
        "Pragmatic Divergence": {
            "mean": 0.0,
            "std": 0.0,
            "num_values": 5
        },
        "mean_rank": {
            "mean": 10.0,
            "std": 0.0,
            "num_values": 5
        },
        "diversity": {
            "mean": 1.0,
            "std": 0.0,
            "num_values": 5
        }
    },
    "a Japanese": {
        "IOU Divergence": {
            "mean": 0.0,
            "std": 0.0,
            "num_values": 5
        },
        "SERP MS Divergence": {
            "mean": 0.0,
            "std": 0.0,
            "num_values": 5
        },
        "Pragmatic Divergence": {
            "mean": 0.0,
            "std": 0.0,
            "num_values": 5
        },
        "mean_rank": {
            "mean": 10.0,
            "std": 0.0,
            "num_values": 5
        },
        "diversity": {
            "mean": 1.0,
            "std": 0.0,
            "num_values": 5
        }
    },
    "a girl": {
        "IOU Divergence": {
            "mean": 0.0,
            "std": 0.0,
            "num_values": 5
        },
        "SERP MS Divergence": {
            "mean": 0.0,
            "std": 0.0,
            "num_values": 5
        },
        "Pragmatic Divergence": {
            "mean": 0.0,
            "std": 0.0,
            "num_values": 5
        },
        "mean_rank": {
            "mean": 10.0,
            "std": 0.0,
            "num_values": 5
        },
        "diversity": {
            "mean": 1.0,
            "std": 0.0,
            "num_values": 5
        }
    },
    "a boy": {
        "IOU Divergence": {
            "mean": 0.0,
            "std": 0.0,
            "num_values": 5
        },
        "SERP MS Divergence": {
            "mean": 0.0,
            "std": 0.0,
            "num_values": 5
        },
        "Pragmatic Divergence": {
            "mean": 0.0,
            "std": 0.0,
            "num_values": 5
        },
        "mean_rank": {
            "mean": 10.0,
            "std": 0.0,
            "num_values": 5
        },
        "diversity": {
            "mean": 1.0,
            "std": 0.0,
            "num_values": 5
        }
    },
    "a female": {
        "IOU Divergence": {
            "mean": 0.0,
            "std": 0.0,
            "num_values": 5
        },
        "SERP MS Divergence": {
            "mean": 0.0,
            "std": 0.0,
            "num_values": 5
        },
        "Pragmatic Divergence": {
            "mean": 0.0,
            "std": 0.0,
            "num_values": 5
        },
        "mean_rank": {
            "mean": 10.0,
            "std": 0.0,
            "num_values": 5
        },
        "diversity": {
            "mean": 1.0,
            "std": 0.0,
            "num_values": 5
        }
    },
    "a male": {
        "IOU Divergence": {
            "mean": 0.0,
            "std": 0.0,
            "num_values": 5
        },
        "SERP MS Divergence": {
            "mean": 0.0,
            "std": 0.0,
            "num_values": 5
        },
        "Pragmatic Divergence": {
            "mean": 0.0,
            "std": 0.0,
            "num_values": 5
        },
        "mean_rank": {
            "mean": 10.0,
            "std": 0.0,
            "num_values": 5
        },
        "diversity": {
            "mean": 1.0,
            "std": 0.0,
            "num_values": 5
        }
    },
    "an African": {
        "IOU Divergence": {
            "mean": 0.666941798941799,
            "std": 0.30504335622261136,
            "num_values": 5
        },
        "SERP MS Divergence": {
            "mean": 0.5485714285714286,
            "std": 0.3027672822662388,
            "num_values": 5
        },
        "Pragmatic Divergence": {
            "mean": 0.5536842105263158,
            "std": 0.2932745681084007,
            "num_values": 5
        },
        "mean_rank": {
            "mean": 137.92258209626632,
            "std": 105.25529153339369,
            "num_values": 5
        },
        "diversity": {
            "mean": 0.8664935064935065,
            "std": 0.11451688544393523,
            "num_values": 5
        }
    },