{
    "neutral": {
        "mean_rank": {
            "mean": 10.473684210526315,
            "std": 0.0,
            "num_values": 5
        },
        "diversity": {
            "mean": 0.95,
            "std": 0.0,
            "num_values": 5
        }
    },
    "an American": {
        "IOU Divergence": {
            "mean": 0.0,
            "std": 0.0,
            "num_values": 5
        },
        "SERP MS Divergence": {
            "mean": 0.0,
            "std": 0.0,
            "num_values": 5
        },
        "Pragmatic Divergence": {
            "mean": 0.0052631578947368585,
            "std": 0.0,
            "num_values": 5
        },
        "mean_rank": {
            "mean": 10.473684210526315,
            "std": 0.0,
            "num_values": 5
        },
        "diversity": {
            "mean": 0.95,
            "std": 0.0,
            "num_values": 5
        }
    },
    "a Brazilian": {
        "IOU Divergence": {
            "mean": 0.09264069264069263,
            "std": 0.11640434249875883,
            "num_values": 5
        },
        "SERP MS Divergence": {
            "mean": 0.049523809523809546,
            "std": 0.06095238095238098,
            "num_values": 5
        },
        "Pragmatic Divergence": {
            "mean": 0.054736842105263174,
            "std": 0.06079801717134169,
            "num_values": 5
        },
        "mean_rank": {
            "mean": 11.063157894736841,
            "std": 0.7288286051837374,
            "num_values": 5
        },
        "diversity": {
            "mean": 0.95,
            "std": 0.0,
            "num_values": 5
        }
    },
    "a British": {
        "IOU Divergence": {
            "mean": 0.03809523809523809,
            "std": 0.07619047619047618,
            "num_values": 5
        },
        "SERP MS Divergence": {
            "mean": 0.022857142857142864,
            "std": 0.04571428571428572,
            "num_values": 5
        },
        "Pragmatic Divergence": {
            "mean": 0.02842105263157897,
            "std": 0.04631578947368423,
            "num_values": 5
        },
        "mean_rank": {
            "mean": 10.736842105263158,
            "std": 0.5263157894736843,
            "num_values": 5
        },
        "diversity": {
            "mean": 0.95,
            "std": 0.0,
            "num_values": 5
        }
    },
    "a Chinese": {
        "IOU Divergence": {
            "mean": 0.0,
            "std": 0.0,
            "num_values": 5
        },
        "SERP MS Divergence": {
            "mean": 0.0,
            "std": 0.0,
            "num_values": 5
        },
        "Pragmatic Divergence": {
            "mean": 0.0052631578947368585,
            "std": 0.0,
            "num_values": 5
        },
        "mean_rank": {
            "mean": 10.473684210526315,
            "std": 0.0,
            "num_values": 5
        },
        "diversity": {
            "mean": 0.95,
            "std": 0.0,
            "num_values": 5
        }
    },
    "a French": {
        "IOU Divergence": {
            "mean": 0.09264069264069263,
            "std": 0.11640434249875883,
            "num_values": 5
        },
        "SERP MS Divergence": {
            "mean": 0.049523809523809546,
            "std": 0.06095238095238098,
            "num_values": 5
        },
        "Pragmatic Divergence": {
            "mean": 0.054736842105263174,
            "std": 0.06079801717134169,
            "num_values": 5
        },
        "mean_rank": {
            "mean": 11.063157894736841,
            "std": 0.7288286051837374,
            "num_values": 5
        },
        "diversity": {
            "mean": 0.95,
            "std": 0.0,
            "num_values": 5
        }
    },
    "a German": {
        "IOU Divergence": {
            "mean": 0.03809523809523809,
            "std": 0.07619047619047618,
            "num_values": 5
        },
        "SERP MS Divergence": {
            "mean": 0.022857142857142864,
            "std": 0.04571428571428572,
            "num_values": 5
        },
        "Pragmatic Divergence": {
            "mean": 0.02842105263157897,
            "std": 0.04631578947368423,
            "num_values": 5
        },
        "mean_rank": {
            "mean": 10.736842105263158,
            "std": 0.5263157894736843,
            "num_values": 5
        },
        "diversity": {
            "mean": 0.95,
            "std": 0.0,
            "num_values": 5
        }
    },
    "a Japanese": {
        "IOU Divergence": {
            "mean": 0.03809523809523809,
            "std": 0.07619047619047618,
            "num_values": 5
        },
        "SERP MS Divergence": {
            "mean": 0.022857142857142864,
            "std": 0.04571428571428572,
            "num_values": 5
        },
        "Pragmatic Divergence": {
            "mean": 0.02842105263157897,
            "std": 0.04631578947368423,
            "num_values": 5
        },
        "mean_rank": {
            "mean": 10.736842105263158,
            "std": 0.5263157894736843,
            "num_values": 5
        },
        "diversity": {
            "mean": 0.95,
            "std": 0.0,
            "num_values": 5
        }
    },
    "a girl": {
        "IOU Divergence": {
            "mean": 0.07619047619047618,
            "std": 0.09331389496316869,
            "num_values": 5
        },
        "SERP MS Divergence": {
            "mean": 0.04571428571428573,
            "std": 0.055988336977901225,
            "num_values": 5
        },
        "Pragmatic Divergence": {
            "mean": 0.05157894736842108,
            "std": 0.05672502562234729,
            "num_values": 5
        },
        "mean_rank": {
            "mean": 11.0,
            "std": 0.64460256389031,
            "num_values": 5
        },
        "diversity": {
            "mean": 0.95,
            "std": 0.0,
            "num_values": 5
        }
    },
    "a boy": {
        "IOU Divergence": {
            "mean": 0.1696969696969697,
            "std": 0.3393939393939394,
            "num_values": 5
        },
        "SERP MS Divergence": {
            "mean": 0.11142857142857143,
            "std": 0.22285714285714286,
            "num_values": 5
        },
        "Pragmatic Divergence": {
            "mean": 0.11368421052631579,
            "std": 0.21684210526315784,
            "num_values": 5
        },
        "mean_rank": {
            "mean": 40.63157894736842,
            "std": 60.31578947368421,
            "num_values": 5
        },
        "diversity": {
            "mean": 0.95,
            "std": 0.0,
            "num_values": 5
        }
    },
    "a female": {
        "IOU Divergence": {
            "mean": 0.38830735930735927,
            "std": 0.13207404166659656,
            "num_values": 5
        },
        "SERP MS Divergence": {
            "mean": 0.21047619047619057,
            "std": 0.06419923636705803,
            "num_values": 5
        },
        "Pragmatic Divergence": {
            "mean": 0.2863157894736842,
            "std": 0.11662853881654349,
            "num_values": 5
        },
        "mean_rank": {
            "mean": 14.08421052631579,
            "std": 1.556542798886219,
            "num_values": 5
        },
        "diversity": {
            "mean": 0.9099999999999999,
            "std": 0.037416573867739396,
            "num_values": 5
        }
    },
    "a male": {
        "IOU Divergence": {
            "mean": 0.06956521739130435,
            "std": 0.1391304347826087,
            "num_values": 5
        },
        "SERP MS Divergence": {
            "mean": 0.05142857142857145,
            "std": 0.1028571428571429,
            "num_values": 5
        },
        "Pragmatic Divergence": {
            "mean": 0.06000000000000001,
            "std": 0.1094736842105263,
            "num_values": 5
        },
        "mean_rank": {
            "mean": 11.105263157894736,
            "std": 1.2631578947368425,