{
    "neutral": {
        "mean_rank": {
            "mean": 10.0,
            "std": 0.0,
            "num_values": 5
        },
        "diversity": {
            "mean": 1.0,
            "std": 0.0,
            "num_values": 5
        }
    },
    "an American": {
        "IOU Divergence": {
            "mean": 0.20511363636363633,
            "std": 0.3269904875154931,
            "num_values": 5
        },
        "SERP MS Divergence": {
            "mean": 0.14952380952380953,
            "std": 0.23613670662920472,
            "num_values": 5
        },
        "Pragmatic Divergence": {
            "mean": 0.14842105263157895,
            "std": 0.23240045675335702,
            "num_values": 5
        },
        "mean_rank": {
            "mean": 60.511111111111106,
            "std": 100.025221510735,
            "num_values": 5
        },
        "diversity": {
            "mean": 0.9789473684210528,
            "std": 0.042105263157894736,
            "num_values": 5
        }
    },
    "a Brazilian": {
        "IOU Divergence": {
            "mean": 0.24952254641909816,
            "std": 0.2861078044608659,
            "num_values": 5
        },
        "SERP MS Divergence": {
            "mean": 0.13428571428571426,
            "std": 0.14101671633432072,
            "num_values": 5
        },
        "Pragmatic Divergence": {
            "mean": 0.17473684210526316,
            "std": 0.1543245491877247,
            "num_values": 5
        },
        "mean_rank": {
            "mean": 23.568421052631578,
            "std": 24.157158571514728,
            "num_values": 5
        },
        "diversity": {
            "mean": 0.96,
            "std": 0.058309518948453015,
            "num_values": 5
        }
    },
    "a British": {
        "IOU Divergence": {
            "mean": 0.13345454545454544,
            "std": 0.17674971799105466,
            "num_values": 5
        },
        "SERP MS Divergence": {
            "mean": 0.0695238095238095,
            "std": 0.08891382870082898,
            "num_values": 5
        },
        "Pragmatic Divergence": {
            "mean": 0.10105263157894737,
            "std": 0.13005006493878316,
            "num_values": 5
        },
        "mean_rank": {
            "mean": 11.031578947368422,
            "std": 1.6741806612270353,
            "num_values": 5
        },
        "diversity": {
            "mean": 0.9800000000000001,
            "std": 0.024494897427831803,
            "num_values": 5
        }
    },
    "a Chinese": {
        "IOU Divergence": {
            "mean": 0.5387861624743184,
            "std": 0.3204844324743109,
            "num_values": 5
        },
        "SERP MS Divergence": {
            "mean": 0.39619047619047626,
            "std": 0.2466905669612529,
            "num_values": 5
        },
        "Pragmatic Divergence": {
            "mean": 0.4347368421052632,
            "std": 0.23176069423131637,
            "num_values": 5
        },
        "mean_rank": {
            "mean": 61.87142857142857,
            "std": 59.85657006203944,
            "num_values": 5
        },
        "diversity": {
            "mean": 0.9894736842105264,
            "std": 0.02105263157894739,
            "num_values": 5
        }
    },
    "a French": {
        "IOU Divergence": {
            "mean": 0.33540772271207053,
            "std": 0.20130628967693165,
            "num_values": 5
        },
        "SERP MS Divergence": {
            "mean": 0.15523809523809518,
            "std": 0.09588352722783401,
            "num_values": 5
        },
        "Pragmatic Divergence": {
            "mean": 0.18315789473684213,
            "std": 0.10875268646982672,
            "num_values": 5
        },
        "mean_rank": {
            "mean": 22.25706484348125,
            "std": 16.86591840891034,
            "num_values": 5
        },
        "diversity": {
            "mean": 0.9689473684210526,
            "std": 0.04185451653067588,
            "num_values": 5
        }
    },
    "a German": {
        "IOU Divergence": {
            "mean": 0.09956521739130435,
            "std": 0.12955062654931263,
            "num_values": 5
        },
        "SERP MS Divergence": {
            "mean": 0.06476190476190476,
            "std": 0.06519463272428505,
            "num_values": 5
        },
        "Pragmatic Divergence": {
            "mean": 0.12421052631578948,
            "std": 0.11300969487497112,
            "num_values": 5
        },
        "mean_rank": {
            "mean": 10.273684210526316,
            "std": 1.006571207400583,
            "num_values": 5
        },
        "diversity": {
            "mean": 0.95,
            "std": 0.04472135954999579,
            "num_values": 5
        }
    },
    "a Japanese": {
        "IOU Divergence": {
            "mean": 0.18566137566137567,
            "std": 0.2293241818014239,
            "num_values": 5
        },
        "SERP MS Divergence": {
            "mean": 0.10571428571428568,
            "std": 0.11827942625721918,
            "num_values": 5
        },
        "Pragmatic Divergence": {
            "mean": 0.14421052631578948,
            "std": 0.12616657853871685,
            "num_values": 5
        },
        "mean_rank": {
            "mean": 11.863157894736844,
            "std": 4.128892857981056,
            "num_values": 5
        },
        "diversity": {
            "mean": 0.93,
            "std": 0.0748331477354788,
            "num_values": 5
        }
    },
    "a girl": {
        "IOU Divergence": {
            "mean": 0.41036648536648535,
            "std": 0.2671371501828511,
            "num_values": 5
        },
        "SERP MS Divergence": {
            "mean": 0.2876190476190476,
            "std": 0.18898463626380896,
            "num_values": 5
        },
        "Pragmatic Divergence": {
            "mean": 0.29789473684210527,
            "std": 0.19394147673690634,
            "num_values": 5
        },
        "mean_rank": {
            "mean": 17.961549707602337,
            "std": 8.694317414998476,
            "num_values": 5
        },
        "diversity": {
            "mean": 0.8968421052631579,
            "std": 0.1315410471731647,
            "num_values": 5
        }
    },
    "a boy": {
        "IOU Divergence": {
            "mean": 0.39500754673168464,
            "std": 0.24572950790580897,
            "num_values": 5
        },
        "SERP MS Divergence": {
            "mean": 0.26666666666666666,
            "std": 0.15905047046203605,
            "num_values": 5
        },
        "Pragmatic Divergence": {
            "mean": 0.28210526315789475,
            "std": 0.1699796305215533,
            "num_values": 5
        },
        "mean_rank": {
            "mean": 15.349535603715168,
            "std": 3.7415321079214143,
            "num_values": 5
        },
        "diversity": {
            "mean": 0.99,
            "std": 0.020000000000000018,
            "num_values": 5
        }
    },
    "a female": {
        "IOU Divergence": {
            "mean": 0.5289160839160839,
            "std": 0.1516939253726499,
            "num_values": 5
        },
        "SERP MS Divergence": {
            "mean": 0.3638095238095238,
            "std": 0.12097862482438415,
            "num_values": 5
        },
        "Pragmatic Divergence": {
            "mean": 0.4052631578947369,
            "std": 0.11429659623697173,
            "num_values": 5
        },
        "mean_rank": {
            "mean": 24.061074254263104,
            "std": 16.61973726345573,
            "num_values": 5
        },
        "diversity": {
            "mean": 0.868888888888889,
            "std": 0.12816848479180504,
            "num_values": 5
        }
    },
    "a male": {
        "IOU Divergence": {
            "mean": 0.3016227180527383,
            "std": 0.37466737837364605,
            "num_values": 5
        },